<?xml version="1.0" encoding="utf-8"?><QualityAssuranceAndCert xsi:noNamespaceSchemaLocation="http://ecmps.camdsupport.com/xsd/QualityAssuranceAndCert_v1_1.xsd" xmlns:xsi="http://www.w3.org/2001/XMLSchema-instance"><ORISCode>2964</ORISCode><Version>1.1</Version><TestSummaryData><UnitID>8004</UnitID><TestTypeCode>UNITDEF</TestTypeCode><MonitoringSystemID></MonitoringSystemID><ComponentID></ComponentID><SpanScaleCode></SpanScaleCode><TestNumber>1</TestNumber><TestReasonCode>INITIAL</TestReasonCode><TestDescription></TestDescription><TestResultCode></TestResultCode><BeginDate>2008-04-08</BeginDate><BeginHour>13</BeginHour><BeginMinute>5</BeginMinute><EndDate>2008-04-11</EndDate><EndHour>18</EndHour><EndMinute>22</EndMinute><GracePeriodIndicator></GracePeriodIndicator><Year/><Quarter/><TestComment></TestComment><UnitDefaultTestData><FuelCode>PNG</FuelCode><NOxDefaultRate>.03</NOxDefaultRate><OperatingConditionCode></OperatingConditionCode><GroupID></GroupID><NumberOfUnitsInGroup></NumberOfUnitsInGroup><NumberOfTestsForGroup></NumberOfTestsForGroup><UnitDefaultTestRunData><OperatingLevelForRun>1</OperatingLevelForRun><RunNumber>1</RunNumber><BeginDate>2008-04-08</BeginDate><BeginHour>13</BeginHour><BeginMinute>5</BeginMinute><EndDate>2008-04-08</EndDate><EndHour>13</EndHour><EndMinute>34</EndMinute><ResponseTime>0</ResponseTime><ReferenceValue>.028</ReferenceValue><RunUsedIndicator>0</RunUsedIndicator></UnitDefaultTestRunData><UnitDefaultTestRunData><OperatingLevelForRun>1</OperatingLevelForRun><RunNumber>2</RunNumber><BeginDate>2008-04-08</BeginDate><BeginHour>13</BeginHour><BeginMinute>46</BeginMinute><EndDate>2008-04-08</EndDate><EndHour>14</EndHour><EndMinute>15</EndMinute><ResponseTime>0</ResponseTime><ReferenceValue>.029</ReferenceValue><RunUsedIndicator>0</RunUsedIndicator></UnitDefaultTestRunData><UnitDefaultTestRunData><OperatingLevelForRun>1</OperatingLevelForRun><RunNumber>3</RunNumber><BeginDate>2008-04-08</BeginDate><BeginHour>14</BeginHour><BeginMinute>23</BeginMinute><EndDate>2008-04-08</EndDate><EndHour>14</EndHour><EndMinute>52</EndMinute><ResponseTime>0</ResponseTime><ReferenceValue>.029</ReferenceValue><RunUsedIndicator>0</RunUsedIndicator></UnitDefaultTestRunData><UnitDefaultTestRunData><OperatingLevelForRun>2</OperatingLevelForRun><RunNumber>1</RunNumber><BeginDate>2008-04-08</BeginDate><BeginHour>15</BeginHour><BeginMinute>32</BeginMinute><EndDate>2008-04-08</EndDate><EndHour>16</EndHour><EndMinute>1</EndMinute><ResponseTime>0</ResponseTime><ReferenceValue>.03</ReferenceValue><RunUsedIndicator>0</RunUsedIndicator></UnitDefaultTestRunData><UnitDefaultTestRunData><OperatingLevelForRun>2</OperatingLevelForRun><RunNumber>2</RunNumber><BeginDate>2008-04-08</BeginDate><BeginHour>16</BeginHour><BeginMinute>10</BeginMinute><EndDate>2008-04-08</EndDate><EndHour>16</EndHour><EndMinute>39</EndMinute><ResponseTime>0</ResponseTime><ReferenceValue>.03</ReferenceValue><RunUsedIndicator>0</RunUsedIndicator></UnitDefaultTestRunData><UnitDefaultTestRunData><OperatingLevelForRun>2</OperatingLevelForRun><RunNumber>3</RunNumber><BeginDate>2008-04-08</BeginDate><BeginHour>16</BeginHour><BeginMinute>46</BeginMinute><EndDate>2008-04-08</EndDate><EndHour>17</EndHour><EndMinute>15</EndMinute><ResponseTime>0</ResponseTime><ReferenceValue>.029</ReferenceValue><RunUsedIndicator>0</RunUsedIndicator></UnitDefaultTestRunData><UnitDefaultTestRunData><OperatingLevelForRun>3</OperatingLevelForRun><RunNumber>1</RunNumber><BeginDate>2008-04-08</BeginDate><BeginHour>17</BeginHour><BeginMinute>25</BeginMinute><EndDate>2008-04-08</EndDate><EndHour>17</EndHour><EndMinute>54</EndMinute><ResponseTime>0</ResponseTime><ReferenceValue>.03</ReferenceValue><RunUsedIndicator>1</RunUsedIndicator></UnitDefaultTestRunData><UnitDefaultTestRunData><OperatingLevelForRun>3</OperatingLevelForRun><RunNumber>2</RunNumber><BeginDate>2008-04-08</BeginDate><BeginHour>18</BeginHour><BeginMinute>9</BeginMinute><EndDate>2008-04-08</EndDate><EndHour>18</EndHour><EndMinute>38</EndMinute><ResponseTime>0</ResponseTime><ReferenceValue>.03</ReferenceValue><RunUsedIndicator>1</RunUsedIndicator></UnitDefaultTestRunData><UnitDefaultTestRunData><OperatingLevelForRun>3</OperatingLevelForRun><RunNumber>3</RunNumber><BeginDate>2008-04-08</BeginDate><BeginHour>18</BeginHour><BeginMinute>50</BeginMinute><EndDate>2008-04-08</EndDate><EndHour>19</EndHour><EndMinute>19</EndMinute><ResponseTime>0</ResponseTime><ReferenceValue>.031</ReferenceValue><RunUsedIndicator>1</RunUsedIndicator></UnitDefaultTestRunData><UnitDefaultTestRunData><OperatingLevelForRun>4</OperatingLevelForRun><RunNumber>1</RunNumber><BeginDate>2008-04-11</BeginDate><BeginHour>10</BeginHour><BeginMinute>33</BeginMinute><EndDate>2008-04-11</EndDate><EndHour>11</EndHour><EndMinute>32</EndMinute><ResponseTime>0</ResponseTime><ReferenceValue>.029</ReferenceValue><RunUsedIndicator>0</RunUsedIndicator></UnitDefaultTestRunData><UnitDefaultTestRunData><OperatingLevelForRun>4</OperatingLevelForRun><RunNumber>2</RunNumber><BeginDate>2008-04-11</BeginDate><BeginHour>14</BeginHour><BeginMinute>27</BeginMinute><EndDate>2008-04-11</EndDate><EndHour>15</EndHour><EndMinute>26</EndMinute><ResponseTime>0</ResponseTime><ReferenceValue>.031</ReferenceValue><RunUsedIndicator>0</RunUsedIndicator></UnitDefaultTestRunData><UnitDefaultTestRunData><OperatingLevelForRun>4</OperatingLevelForRun><RunNumber>3</RunNumber><BeginDate>2008-04-11</BeginDate><BeginHour>17</BeginHour><BeginMinute>23</BeginMinute><EndDate>2008-04-11</EndDate><EndHour>18</EndHour><EndMinute>22</EndMinute><ResponseTime>0</ResponseTime><ReferenceValue>.029</ReferenceValue><RunUsedIndicator>0</RunUsedIndicator></UnitDefaultTestRunData></UnitDefaultTestData></TestSummaryData></QualityAssuranceAndCert>