<?xml version="1.0" encoding="utf-8"?><QualityAssuranceAndCert xsi:noNamespaceSchemaLocation="http://ecmps.camdsupport.com/xsd/QualityAssuranceAndCert_v1_1.xsd" xmlns:xsi="http://www.w3.org/2001/XMLSchema-instance"><ORISCode>2964</ORISCode><Version>1.1</Version><TestSummaryData><UnitID>8005</UnitID><TestTypeCode>UNITDEF</TestTypeCode><MonitoringSystemID></MonitoringSystemID><ComponentID></ComponentID><SpanScaleCode></SpanScaleCode><TestNumber>1</TestNumber><TestReasonCode>INITIAL</TestReasonCode><TestDescription></TestDescription><TestResultCode></TestResultCode><BeginDate>2008-04-10</BeginDate><BeginHour>14</BeginHour><BeginMinute>0</BeginMinute><EndDate>2008-04-12</EndDate><EndHour>20</EndHour><EndMinute>9</EndMinute><GracePeriodIndicator></GracePeriodIndicator><Year/><Quarter/><TestComment></TestComment><UnitDefaultTestData><FuelCode>PNG</FuelCode><NOxDefaultRate>.031</NOxDefaultRate><OperatingConditionCode></OperatingConditionCode><GroupID></GroupID><NumberOfUnitsInGroup></NumberOfUnitsInGroup><NumberOfTestsForGroup></NumberOfTestsForGroup><UnitDefaultTestRunData><OperatingLevelForRun>1</OperatingLevelForRun><RunNumber>1</RunNumber><BeginDate>2008-04-10</BeginDate><BeginHour>14</BeginHour><BeginMinute>0</BeginMinute><EndDate>2008-04-10</EndDate><EndHour>14</EndHour><EndMinute>29</EndMinute><ResponseTime>0</ResponseTime><ReferenceValue>.029</ReferenceValue><RunUsedIndicator>0</RunUsedIndicator></UnitDefaultTestRunData><UnitDefaultTestRunData><OperatingLevelForRun>1</OperatingLevelForRun><RunNumber>2</RunNumber><BeginDate>2008-04-10</BeginDate><BeginHour>14</BeginHour><BeginMinute>39</BeginMinute><EndDate>2008-04-10</EndDate><EndHour>15</EndHour><EndMinute>8</EndMinute><ResponseTime>0</ResponseTime><ReferenceValue>.029</ReferenceValue><RunUsedIndicator>0</RunUsedIndicator></UnitDefaultTestRunData><UnitDefaultTestRunData><OperatingLevelForRun>1</OperatingLevelForRun><RunNumber>3</RunNumber><BeginDate>2008-04-10</BeginDate><BeginHour>15</BeginHour><BeginMinute>21</BeginMinute><EndDate>2008-04-10</EndDate><EndHour>15</EndHour><EndMinute>50</EndMinute><ResponseTime>0</ResponseTime><ReferenceValue>.029</ReferenceValue><RunUsedIndicator>0</RunUsedIndicator></UnitDefaultTestRunData><UnitDefaultTestRunData><OperatingLevelForRun>2</OperatingLevelForRun><RunNumber>1</RunNumber><BeginDate>2008-04-10</BeginDate><BeginHour>15</BeginHour><BeginMinute>58</BeginMinute><EndDate>2008-04-10</EndDate><EndHour>16</EndHour><EndMinute>27</EndMinute><ResponseTime>0</ResponseTime><ReferenceValue>.03</ReferenceValue><RunUsedIndicator>0</RunUsedIndicator></UnitDefaultTestRunData><UnitDefaultTestRunData><OperatingLevelForRun>2</OperatingLevelForRun><RunNumber>2</RunNumber><BeginDate>2008-04-10</BeginDate><BeginHour>16</BeginHour><BeginMinute>37</BeginMinute><EndDate>2008-04-10</EndDate><EndHour>17</EndHour><EndMinute>6</EndMinute><ResponseTime>0</ResponseTime><ReferenceValue>.03</ReferenceValue><RunUsedIndicator>0</RunUsedIndicator></UnitDefaultTestRunData><UnitDefaultTestRunData><OperatingLevelForRun>2</OperatingLevelForRun><RunNumber>3</RunNumber><BeginDate>2008-04-10</BeginDate><BeginHour>17</BeginHour><BeginMinute>14</BeginMinute><EndDate>2008-04-10</EndDate><EndHour>17</EndHour><EndMinute>43</EndMinute><ResponseTime>0</ResponseTime><ReferenceValue>.03</ReferenceValue><RunUsedIndicator>0</RunUsedIndicator></UnitDefaultTestRunData><UnitDefaultTestRunData><OperatingLevelForRun>3</OperatingLevelForRun><RunNumber>1</RunNumber><BeginDate>2008-04-10</BeginDate><BeginHour>17</BeginHour><BeginMinute>53</BeginMinute><EndDate>2008-04-10</EndDate><EndHour>18</EndHour><EndMinute>22</EndMinute><ResponseTime>0</ResponseTime><ReferenceValue>.031</ReferenceValue><RunUsedIndicator>1</RunUsedIndicator></UnitDefaultTestRunData><UnitDefaultTestRunData><OperatingLevelForRun>3</OperatingLevelForRun><RunNumber>2</RunNumber><BeginDate>2008-04-10</BeginDate><BeginHour>18</BeginHour><BeginMinute>36</BeginMinute><EndDate>2008-04-10</EndDate><EndHour>19</EndHour><EndMinute>5</EndMinute><ResponseTime>0</ResponseTime><ReferenceValue>.031</ReferenceValue><RunUsedIndicator>1</RunUsedIndicator></UnitDefaultTestRunData><UnitDefaultTestRunData><OperatingLevelForRun>3</OperatingLevelForRun><RunNumber>3</RunNumber><BeginDate>2008-04-12</BeginDate><BeginHour>11</BeginHour><BeginMinute>8</BeginMinute><EndDate>2008-04-12</EndDate><EndHour>11</EndHour><EndMinute>37</EndMinute><ResponseTime>0</ResponseTime><ReferenceValue>.03</ReferenceValue><RunUsedIndicator>1</RunUsedIndicator></UnitDefaultTestRunData><UnitDefaultTestRunData><OperatingLevelForRun>4</OperatingLevelForRun><RunNumber>1</RunNumber><BeginDate>2008-04-12</BeginDate><BeginHour>12</BeginHour><BeginMinute>45</BeginMinute><EndDate>2008-04-12</EndDate><EndHour>13</EndHour><EndMinute>44</EndMinute><ResponseTime>0</ResponseTime><ReferenceValue>.03</ReferenceValue><RunUsedIndicator>0</RunUsedIndicator></UnitDefaultTestRunData><UnitDefaultTestRunData><OperatingLevelForRun>4</OperatingLevelForRun><RunNumber>2</RunNumber><BeginDate>2008-04-12</BeginDate><BeginHour>16</BeginHour><BeginMinute>5</BeginMinute><EndDate>2008-04-12</EndDate><EndHour>17</EndHour><EndMinute>4</EndMinute><ResponseTime>0</ResponseTime><ReferenceValue>.03</ReferenceValue><RunUsedIndicator>0</RunUsedIndicator></UnitDefaultTestRunData><UnitDefaultTestRunData><OperatingLevelForRun>4</OperatingLevelForRun><RunNumber>3</RunNumber><BeginDate>2008-04-12</BeginDate><BeginHour>19</BeginHour><BeginMinute>10</BeginMinute><EndDate>2008-04-12</EndDate><EndHour>20</EndHour><EndMinute>9</EndMinute><ResponseTime>0</ResponseTime><ReferenceValue>.03</ReferenceValue><RunUsedIndicator>0</RunUsedIndicator></UnitDefaultTestRunData></UnitDefaultTestData></TestSummaryData></QualityAssuranceAndCert>