<?xml version="1.0" encoding="utf-8"?><QualityAssuranceAndCert xsi:noNamespaceSchemaLocation="http://ecmps.camdsupport.com/xsd/QualityAssuranceAndCert_v1_1.xsd" xmlns:xsi="http://www.w3.org/2001/XMLSchema-instance"><ORISCode>2521</ORISCode><Version>1.1</Version><TestSummaryData><UnitID>UGT001</UnitID><TestTypeCode>UNITDEF</TestTypeCode><MonitoringSystemID></MonitoringSystemID><ComponentID></ComponentID><SpanScaleCode></SpanScaleCode><TestNumber>7-00001</TestNumber><TestReasonCode>QA</TestReasonCode><TestDescription></TestDescription><TestResultCode></TestResultCode><BeginDate>2008-04-14</BeginDate><BeginHour>11</BeginHour><BeginMinute>30</BeginMinute><EndDate>2008-04-14</EndDate><EndHour>16</EndHour><EndMinute>13</EndMinute><GracePeriodIndicator></GracePeriodIndicator><Year/><Quarter/><TestComment>ORIS 7146-UGT013 is included in group.</TestComment><UnitDefaultTestData><FuelCode>DSL</FuelCode><NOxDefaultRate>.621</NOxDefaultRate><OperatingConditionCode>B</OperatingConditionCode><GroupID>G002521</GroupID><NumberOfUnitsInGroup>2</NumberOfUnitsInGroup><NumberOfTestsForGroup>1</NumberOfTestsForGroup><UnitDefaultTestRunData><OperatingLevelForRun>1</OperatingLevelForRun><RunNumber>1</RunNumber><BeginDate>2008-04-14</BeginDate><BeginHour>11</BeginHour><BeginMinute>30</BeginMinute><EndDate>2008-04-14</EndDate><EndHour>13</EndHour><EndMinute>33</EndMinute><ResponseTime>60</ResponseTime><ReferenceValue>.592</ReferenceValue><RunUsedIndicator>1</RunUsedIndicator></UnitDefaultTestRunData><UnitDefaultTestRunData><OperatingLevelForRun>1</OperatingLevelForRun><RunNumber>2</RunNumber><BeginDate>2008-04-14</BeginDate><BeginHour>13</BeginHour><BeginMinute>39</BeginMinute><EndDate>2008-04-14</EndDate><EndHour>14</EndHour><EndMinute>54</EndMinute><ResponseTime>60</ResponseTime><ReferenceValue>.629</ReferenceValue><RunUsedIndicator>1</RunUsedIndicator></UnitDefaultTestRunData><UnitDefaultTestRunData><OperatingLevelForRun>1</OperatingLevelForRun><RunNumber>3</RunNumber><BeginDate>2008-04-14</BeginDate><BeginHour>15</BeginHour><BeginMinute>0</BeginMinute><EndDate>2008-04-14</EndDate><EndHour>16</EndHour><EndMinute>13</EndMinute><ResponseTime>60</ResponseTime><ReferenceValue>.641</ReferenceValue><RunUsedIndicator>1</RunUsedIndicator></UnitDefaultTestRunData></UnitDefaultTestData></TestSummaryData></QualityAssuranceAndCert>