<?xml version="1.0" encoding="utf-8"?><QualityAssuranceAndCert xsi:noNamespaceSchemaLocation="http://ecmps.pqa.com/xsd/QualityAssuranceAndCert_v1_0.xsd" xmlns:xsi="http://www.w3.org/2001/XMLSchema-instance"><ORISCode>2917</ORISCode><Version>1.0</Version><TestSummaryData><UnitID>8</UnitID><TestTypeCode>LINE</TestTypeCode><MonitoringSystemID></MonitoringSystemID><ComponentID>2NW</ComponentID><SpanScaleCode>H</SpanScaleCode><TestNumber>EPA-2NW-1017</TestNumber><TestReasonCode>QA</TestReasonCode><TestDescription></TestDescription><TestResultCode>PASSED</TestResultCode><BeginDate>2008-06-24</BeginDate><BeginHour>8</BeginHour><BeginMinute>33</BeginMinute><EndDate>2008-06-24</EndDate><EndHour>9</EndHour><EndMinute>29</EndMinute><GracePeriodIndicator>0</GracePeriodIndicator><Year/><Quarter/><TestComment></TestComment><LinearitySummaryData><GasLevelCode>LOW</GasLevelCode><MeanMeasuredValue>76.5</MeanMeasuredValue><MeanReferenceValue>76.9</MeanReferenceValue><PercentError>.5</PercentError><APSIndicator>0</APSIndicator><LinearityInjectionData><InjectionDate>2008-06-24</InjectionDate><InjectionHour>8</InjectionHour><InjectionMinute>33</InjectionMinute><MeasuredValue>76.6</MeasuredValue><ReferenceValue>76.9</ReferenceValue></LinearityInjectionData><LinearityInjectionData><InjectionDate>2008-06-24</InjectionDate><InjectionHour>8</InjectionHour><InjectionMinute>57</InjectionMinute><MeasuredValue>76.7</MeasuredValue><ReferenceValue>76.9</ReferenceValue></LinearityInjectionData><LinearityInjectionData><InjectionDate>2008-06-24</InjectionDate><InjectionHour>9</InjectionHour><InjectionMinute>21</InjectionMinute><MeasuredValue>76.2</MeasuredValue><ReferenceValue>76.9</ReferenceValue></LinearityInjectionData></LinearitySummaryData><LinearitySummaryData><GasLevelCode>MID</GasLevelCode><MeanMeasuredValue>162.533</MeanMeasuredValue><MeanReferenceValue>163.4</MeanReferenceValue><PercentError>.5</PercentError><APSIndicator>0</APSIndicator><LinearityInjectionData><InjectionDate>2008-06-24</InjectionDate><InjectionHour>8</InjectionHour><InjectionMinute>38</InjectionMinute><MeasuredValue>162.8</MeasuredValue><ReferenceValue>163.4</ReferenceValue></LinearityInjectionData><LinearityInjectionData><InjectionDate>2008-06-24</InjectionDate><InjectionHour>9</InjectionHour><InjectionMinute>2</InjectionMinute><MeasuredValue>162.6</MeasuredValue><ReferenceValue>163.4</ReferenceValue></LinearityInjectionData><LinearityInjectionData><InjectionDate>2008-06-24</InjectionDate><InjectionHour>9</InjectionHour><InjectionMinute>25</InjectionMinute><MeasuredValue>162.2</MeasuredValue><ReferenceValue>163.4</ReferenceValue></LinearityInjectionData></LinearitySummaryData><LinearitySummaryData><GasLevelCode>HIGH</GasLevelCode><MeanMeasuredValue>258.967</MeanMeasuredValue><MeanReferenceValue>263.5</MeanReferenceValue><PercentError>1.7</PercentError><APSIndicator>0</APSIndicator><LinearityInjectionData><InjectionDate>2008-06-24</InjectionDate><InjectionHour>8</InjectionHour><InjectionMinute>43</InjectionMinute><MeasuredValue>259.7</MeasuredValue><ReferenceValue>263.5</ReferenceValue></LinearityInjectionData><LinearityInjectionData><InjectionDate>2008-06-24</InjectionDate><InjectionHour>9</InjectionHour><InjectionMinute>7</InjectionMinute><MeasuredValue>258.6</MeasuredValue><ReferenceValue>263.5</ReferenceValue></LinearityInjectionData><LinearityInjectionData><InjectionDate>2008-06-24</InjectionDate><InjectionHour>9</InjectionHour><InjectionMinute>29</InjectionMinute><MeasuredValue>258.6</MeasuredValue><ReferenceValue>263.5</ReferenceValue></LinearityInjectionData></LinearitySummaryData></TestSummaryData><TestSummaryData><UnitID>8</UnitID><TestTypeCode>LINE</TestTypeCode><MonitoringSystemID></MonitoringSystemID><ComponentID>2CW</ComponentID><SpanScaleCode>H</SpanScaleCode><TestNumber>EPA-2CW-1017</TestNumber><TestReasonCode>QA</TestReasonCode><TestDescription></TestDescription><TestResultCode>PASSED</TestResultCode><BeginDate>2008-06-24</BeginDate><BeginHour>8</BeginHour><BeginMinute>33</BeginMinute><EndDate>2008-06-24</EndDate><EndHour>9</EndHour><EndMinute>29</EndMinute><GracePeriodIndicator>0</GracePeriodIndicator><Year/><Quarter/><TestComment></TestComment><LinearitySummaryData><GasLevelCode>LOW</GasLevelCode><MeanMeasuredValue>5.163</MeanMeasuredValue><MeanReferenceValue>5.04</MeanReferenceValue><PercentError>2.4</PercentError><APSIndicator>0</APSIndicator><LinearityInjectionData><InjectionDate>2008-06-24</InjectionDate><InjectionHour>8</InjectionHour><InjectionMinute>33</InjectionMinute><MeasuredValue>5.15</MeasuredValue><ReferenceValue>5.04</ReferenceValue></LinearityInjectionData><LinearityInjectionData><InjectionDate>2008-06-24</InjectionDate><InjectionHour>8</InjectionHour><InjectionMinute>57</InjectionMinute><MeasuredValue>5.23</MeasuredValue><ReferenceValue>5.04</ReferenceValue></LinearityInjectionData><LinearityInjectionData><InjectionDate>2008-06-24</InjectionDate><InjectionHour>9</InjectionHour><InjectionMinute>21</InjectionMinute><MeasuredValue>5.11</MeasuredValue><ReferenceValue>5.04</ReferenceValue></LinearityInjectionData></LinearitySummaryData><LinearitySummaryData><GasLevelCode>MID</GasLevelCode><MeanMeasuredValue>10.857</MeanMeasuredValue><MeanReferenceValue>11.06</MeanReferenceValue><PercentError>1.8</PercentError><APSIndicator>0</APSIndicator><LinearityInjectionData><InjectionDate>2008-06-24</InjectionDate><InjectionHour>8</InjectionHour><InjectionMinute>38</InjectionMinute><MeasuredValue>10.91</MeasuredValue><ReferenceValue>11.06</ReferenceValue></LinearityInjectionData><LinearityInjectionData><InjectionDate>2008-06-24</InjectionDate><InjectionHour>9</InjectionHour><InjectionMinute>2</InjectionMinute><MeasuredValue>10.97</MeasuredValue><ReferenceValue>11.06</ReferenceValue></LinearityInjectionData><LinearityInjectionData><InjectionDate>2008-06-24</InjectionDate><InjectionHour>9</InjectionHour><InjectionMinute>25</InjectionMinute><MeasuredValue>10.69</MeasuredValue><ReferenceValue>11.06</ReferenceValue></LinearityInjectionData></LinearitySummaryData><LinearitySummaryData><GasLevelCode>HIGH</GasLevelCode><MeanMeasuredValue>18.603</MeanMeasuredValue><MeanReferenceValue>18.06</MeanReferenceValue><PercentError>3</PercentError><APSIndicator>0</APSIndicator><LinearityInjectionData><InjectionDate>2008-06-24</InjectionDate><InjectionHour>8</InjectionHour><InjectionMinute>43</InjectionMinute><MeasuredValue>18.76</MeasuredValue><ReferenceValue>18.06</ReferenceValue></LinearityInjectionData><LinearityInjectionData><InjectionDate>2008-06-24</InjectionDate><InjectionHour>9</InjectionHour><InjectionMinute>7</InjectionMinute><MeasuredValue>18.71</MeasuredValue><ReferenceValue>18.06</ReferenceValue></LinearityInjectionData><LinearityInjectionData><InjectionDate>2008-06-24</InjectionDate><InjectionHour>9</InjectionHour><InjectionMinute>29</InjectionMinute><MeasuredValue>18.34</MeasuredValue><ReferenceValue>18.06</ReferenceValue></LinearityInjectionData></LinearitySummaryData></TestSummaryData><TestSummaryData><UnitID>8</UnitID><TestTypeCode>RATA</TestTypeCode><MonitoringSystemID>116</MonitoringSystemID><ComponentID></ComponentID><SpanScaleCode></SpanScaleCode><TestNumber>EPA-116-2006</TestNumber><TestReasonCode>INITIAL</TestReasonCode><TestDescription></TestDescription><TestResultCode>PASSED</TestResultCode><BeginDate>2008-05-29</BeginDate><BeginHour>14</BeginHour><BeginMinute>18</BeginMinute><EndDate>2008-05-29</EndDate><EndHour>19</EndHour><EndMinute>41</EndMinute><GracePeriodIndicator>0</GracePeriodIndicator><Year/><Quarter/><TestComment></TestComment><RATAData><NumberOfLoadLevels>1</NumberOfLoadLevels><RelativeAccuracy>2.14</RelativeAccuracy><RATAFrequencyCode></RATAFrequencyCode><OverallBiasAdjustmentFactor>1</OverallBiasAdjustmentFactor><RATASummaryData><OperatingLevelCode>H</OperatingLevelCode><AverageGrossUnitLoad>24</AverageGrossUnitLoad><ReferenceMethodCode>7E,3A</ReferenceMethodCode><MeanCEMValue>.317</MeanCEMValue><MeanRATAReferenceValue>.314</MeanRATAReferenceValue><MeanDifference>-.003</MeanDifference><StandardDeviationDifference>.005</StandardDeviationDifference><ConfidenceCoefficient>.004</ConfidenceCoefficient><TValue>2.306</TValue><APSIndicator>0</APSIndicator><RelativeAccuracy>2.14</RelativeAccuracy><BiasAdjustmentFactor>1</BiasAdjustmentFactor><CO2OrO2ReferenceMethodCode></CO2OrO2ReferenceMethodCode><StackDiameter></StackDiameter><StackArea></StackArea><NumberOfTraversePoints></NumberOfTraversePoints><CalculatedWAF></CalculatedWAF><DefaultWAF></DefaultWAF><RATARunData><RunNumber>1</RunNumber><BeginDate>2008-05-29</BeginDate><BeginHour>14</BeginHour><BeginMinute>18</BeginMinute><EndDate>2008-05-29</EndDate><EndHour>14</EndHour><EndMinute>38</EndMinute><CEMValue>.307</CEMValue><RATAReferenceValue>.292</RATAReferenceValue><GrossUnitLoad>24</GrossUnitLoad><RunStatusCode>NOTUSED</RunStatusCode></RATARunData><RATARunData><RunNumber>2</RunNumber><BeginDate>2008-05-29</BeginDate><BeginHour>14</BeginHour><BeginMinute>44</BeginMinute><EndDate>2008-05-29</EndDate><EndHour>15</EndHour><EndMinute>4</EndMinute><CEMValue>.313</CEMValue><RATAReferenceValue>.317</RATAReferenceValue><GrossUnitLoad>24</GrossUnitLoad><RunStatusCode>RUNUSED</RunStatusCode></RATARunData><RATARunData><RunNumber>3</RunNumber><BeginDate>2008-05-29</BeginDate><BeginHour>15</BeginHour><BeginMinute>46</BeginMinute><EndDate>2008-05-29</EndDate><EndHour>16</EndHour><EndMinute>6</EndMinute><CEMValue>.319</CEMValue><RATAReferenceValue>.32</RATAReferenceValue><GrossUnitLoad>24</GrossUnitLoad><RunStatusCode>RUNUSED</RunStatusCode></RATARunData><RATARunData><RunNumber>4</RunNumber><BeginDate>2008-05-29</BeginDate><BeginHour>16</BeginHour><BeginMinute>18</BeginMinute><EndDate>2008-05-29</EndDate><EndHour>16</EndHour><EndMinute>38</EndMinute><CEMValue>.317</CEMValue><RATAReferenceValue>.308</RATAReferenceValue><GrossUnitLoad>24</GrossUnitLoad><RunStatusCode>RUNUSED</RunStatusCode></RATARunData><RATARunData><RunNumber>5</RunNumber><BeginDate>2008-05-29</BeginDate><BeginHour>17</BeginHour><BeginMinute>11</BeginMinute><EndDate>2008-05-29</EndDate><EndHour>17</EndHour><EndMinute>31</EndMinute><CEMValue>.316</CEMValue><RATAReferenceValue>.307</RATAReferenceValue><GrossUnitLoad>24</GrossUnitLoad><RunStatusCode>RUNUSED</RunStatusCode></RATARunData><RATARunData><RunNumber>6</RunNumber><BeginDate>2008-05-29</BeginDate><BeginHour>17</BeginHour><BeginMinute>43</BeginMinute><EndDate>2008-05-29</EndDate><EndHour>18</EndHour><EndMinute>3</EndMinute><CEMValue>.312</CEMValue><RATAReferenceValue>.304</RATAReferenceValue><GrossUnitLoad>24</GrossUnitLoad><RunStatusCode>RUNUSED</RunStatusCode></RATARunData><RATARunData><RunNumber>7</RunNumber><BeginDate>2008-05-29</BeginDate><BeginHour>18</BeginHour><BeginMinute>10</BeginMinute><EndDate>2008-05-29</EndDate><EndHour>18</EndHour><EndMinute>30</EndMinute><CEMValue>.315</CEMValue><RATAReferenceValue>.311</RATAReferenceValue><GrossUnitLoad>24</GrossUnitLoad><RunStatusCode>RUNUSED</RunStatusCode></RATARunData><RATARunData><RunNumber>8</RunNumber><BeginDate>2008-05-29</BeginDate><BeginHour>18</BeginHour><BeginMinute>35</BeginMinute><EndDate>2008-05-29</EndDate><EndHour>18</EndHour><EndMinute>55</EndMinute><CEMValue>.318</CEMValue><RATAReferenceValue>.318</RATAReferenceValue><GrossUnitLoad>24</GrossUnitLoad><RunStatusCode>RUNUSED</RunStatusCode></RATARunData><RATARunData><RunNumber>9</RunNumber><BeginDate>2008-05-29</BeginDate><BeginHour>19</BeginHour><BeginMinute>1</BeginMinute><EndDate>2008-05-29</EndDate><EndHour>19</EndHour><EndMinute>21</EndMinute><CEMValue>.324</CEMValue><RATAReferenceValue>.323</RATAReferenceValue><GrossUnitLoad>24</GrossUnitLoad><RunStatusCode>RUNUSED</RunStatusCode></RATARunData><RATARunData><RunNumber>10</RunNumber><BeginDate>2008-05-29</BeginDate><BeginHour>19</BeginHour><BeginMinute>21</BeginMinute><EndDate>2008-05-29</EndDate><EndHour>19</EndHour><EndMinute>41</EndMinute><CEMValue>.318</CEMValue><RATAReferenceValue>.316</RATAReferenceValue><GrossUnitLoad>24</GrossUnitLoad><RunStatusCode>RUNUSED</RunStatusCode></RATARunData></RATASummaryData></RATAData></TestSummaryData><TestSummaryData><UnitID>8</UnitID><TestTypeCode>RATA</TestTypeCode><MonitoringSystemID>117</MonitoringSystemID><ComponentID></ComponentID><SpanScaleCode></SpanScaleCode><TestNumber>EPA-117-2006</TestNumber><TestReasonCode>QA</TestReasonCode><TestDescription></TestDescription><TestResultCode>PASSED</TestResultCode><BeginDate>2008-05-28</BeginDate><BeginHour>14</BeginHour><BeginMinute>10</BeginMinute><EndDate>2008-05-29</EndDate><EndHour>11</EndHour><EndMinute>13</EndMinute><GracePeriodIndicator>0</GracePeriodIndicator><Year/><Quarter/><TestComment></TestComment><RATAData><NumberOfLoadLevels>2</NumberOfLoadLevels><RelativeAccuracy>2.22</RelativeAccuracy><RATAFrequencyCode></RATAFrequencyCode><OverallBiasAdjustmentFactor>1</OverallBiasAdjustmentFactor><RATASummaryData><OperatingLevelCode>H</OperatingLevelCode><AverageGrossUnitLoad>24</AverageGrossUnitLoad><ReferenceMethodCode>2</ReferenceMethodCode><MeanCEMValue>4901000</MeanCEMValue><MeanRATAReferenceValue>4921000</MeanRATAReferenceValue><MeanDifference>20000</MeanDifference><StandardDeviationDifference>115856</StandardDeviationDifference><ConfidenceCoefficient>89055</ConfidenceCoefficient><TValue>2.306</TValue><APSIndicator>0</APSIndicator><RelativeAccuracy>2.22</RelativeAccuracy><BiasAdjustmentFactor>1</BiasAdjustmentFactor><CO2OrO2ReferenceMethodCode></CO2OrO2ReferenceMethodCode><StackDiameter></StackDiameter><StackArea></StackArea><NumberOfTraversePoints></NumberOfTraversePoints><CalculatedWAF></CalculatedWAF><DefaultWAF></DefaultWAF><RATARunData><RunNumber>1</RunNumber><BeginDate>2008-05-29</BeginDate><BeginHour>9</BeginHour><BeginMinute>15</BeginMinute><EndDate>2008-05-29</EndDate><EndHour>9</EndHour><EndMinute>21</EndMinute><CEMValue>4934000</CEMValue><RATAReferenceValue>4737000</RATAReferenceValue><GrossUnitLoad>24</GrossUnitLoad><RunStatusCode>RUNUSED</RunStatusCode></RATARunData><RATARunData><RunNumber>2</RunNumber><BeginDate>2008-05-29</BeginDate><BeginHour>9</BeginHour><BeginMinute>22</BeginMinute><EndDate>2008-05-29</EndDate><EndHour>9</EndHour><EndMinute>27</EndMinute><CEMValue>4986000</CEMValue><RATAReferenceValue>4880000</RATAReferenceValue><GrossUnitLoad>24</GrossUnitLoad><RunStatusCode>RUNUSED</RunStatusCode></RATARunData><RATARunData><RunNumber>3</RunNumber><BeginDate>2008-05-29</BeginDate><BeginHour>9</BeginHour><BeginMinute>28</BeginMinute><EndDate>2008-05-29</EndDate><EndHour>9</EndHour><EndMinute>34</EndMinute><CEMValue>4848000</CEMValue><RATAReferenceValue>4895000</RATAReferenceValue><GrossUnitLoad>24</GrossUnitLoad><RunStatusCode>RUNUSED</RunStatusCode></RATARunData><RATARunData><RunNumber>4</RunNumber><BeginDate>2008-05-29</BeginDate><BeginHour>9</BeginHour><BeginMinute>50</BeginMinute><EndDate>2008-05-29</EndDate><EndHour>9</EndHour><EndMinute>55</EndMinute><CEMValue>4901000</CEMValue><RATAReferenceValue>4847000</RATAReferenceValue><GrossUnitLoad>24</GrossUnitLoad><RunStatusCode>RUNUSED</RunStatusCode></RATARunData><RATARunData><RunNumber>5</RunNumber><BeginDate>2008-05-29</BeginDate><BeginHour>9</BeginHour><BeginMinute>56</BeginMinute><EndDate>2008-05-29</EndDate><EndHour>10</EndHour><EndMinute>1</EndMinute><CEMValue>4838000</CEMValue><RATAReferenceValue>5044000</RATAReferenceValue><GrossUnitLoad>24</GrossUnitLoad><RunStatusCode>NOTUSED</RunStatusCode></RATARunData><RATARunData><RunNumber>6</RunNumber><BeginDate>2008-05-29</BeginDate><BeginHour>10</BeginHour><BeginMinute>2</BeginMinute><EndDate>2008-05-29</EndDate><EndHour>10</EndHour><EndMinute>7</EndMinute><CEMValue>4906000</CEMValue><RATAReferenceValue>4966000</RATAReferenceValue><GrossUnitLoad>24</GrossUnitLoad><RunStatusCode>RUNUSED</RunStatusCode></RATARunData><RATARunData><RunNumber>7</RunNumber><BeginDate>2008-05-29</BeginDate><BeginHour>10</BeginHour><BeginMinute>50</BeginMinute><EndDate>2008-05-29</EndDate><EndHour>10</EndHour><EndMinute>55</EndMinute><CEMValue>4931000</CEMValue><RATAReferenceValue>4983000</RATAReferenceValue><GrossUnitLoad>24</GrossUnitLoad><RunStatusCode>RUNUSED</RunStatusCode></RATARunData><RATARunData><RunNumber>8</RunNumber><BeginDate>2008-05-29</BeginDate><BeginHour>10</BeginHour><BeginMinute>56</BeginMinute><EndDate>2008-05-29</EndDate><EndHour>11</EndHour><EndMinute>1</EndMinute><CEMValue>4820000</CEMValue><RATAReferenceValue>4963000</RATAReferenceValue><GrossUnitLoad>24</GrossUnitLoad><RunStatusCode>RUNUSED</RunStatusCode></RATARunData><RATARunData><RunNumber>9</RunNumber><BeginDate>2008-05-29</BeginDate><BeginHour>11</BeginHour><BeginMinute>2</BeginMinute><EndDate>2008-05-29</EndDate><EndHour>11</EndHour><EndMinute>7</EndMinute><CEMValue>4881000</CEMValue><RATAReferenceValue>4974000</RATAReferenceValue><GrossUnitLoad>24</GrossUnitLoad><RunStatusCode>RUNUSED</RunStatusCode></RATARunData><RATARunData><RunNumber>10</RunNumber><BeginDate>2008-05-29</BeginDate><BeginHour>11</BeginHour><BeginMinute>8</BeginMinute><EndDate>2008-05-29</EndDate><EndHour>11</EndHour><EndMinute>13</EndMinute><CEMValue>4900000</CEMValue><RATAReferenceValue>5043000</RATAReferenceValue><GrossUnitLoad>24</GrossUnitLoad><RunStatusCode>RUNUSED</RunStatusCode></RATARunData></RATASummaryData><RATASummaryData><OperatingLevelCode>L</OperatingLevelCode><AverageGrossUnitLoad>15</AverageGrossUnitLoad><ReferenceMethodCode>2</ReferenceMethodCode><MeanCEMValue>3773000</MeanCEMValue><MeanRATAReferenceValue>3767000</MeanRATAReferenceValue><MeanDifference>-7000</MeanDifference><StandardDeviationDifference>55385</StandardDeviationDifference><ConfidenceCoefficient>42573</ConfidenceCoefficient><TValue>2.306</TValue><APSIndicator>0</APSIndicator><RelativeAccuracy>1.3</RelativeAccuracy><BiasAdjustmentFactor>1</BiasAdjustmentFactor><CO2OrO2ReferenceMethodCode></CO2OrO2ReferenceMethodCode><StackDiameter></StackDiameter><StackArea></StackArea><NumberOfTraversePoints></NumberOfTraversePoints><CalculatedWAF></CalculatedWAF><DefaultWAF></DefaultWAF><RATARunData><RunNumber>1</RunNumber><BeginDate>2008-05-28</BeginDate><BeginHour>14</BeginHour><BeginMinute>10</BeginMinute><EndDate>2008-05-28</EndDate><EndHour>14</EndHour><EndMinute>17</EndMinute><CEMValue>3739000</CEMValue><RATAReferenceValue>3741000</RATAReferenceValue><GrossUnitLoad>15</GrossUnitLoad><RunStatusCode>RUNUSED</RunStatusCode></RATARunData><RATARunData><RunNumber>2</RunNumber><BeginDate>2008-05-28</BeginDate><BeginHour>14</BeginHour><BeginMinute>18</BeginMinute><EndDate>2008-05-28</EndDate><EndHour>14</EndHour><EndMinute>24</EndMinute><CEMValue>3715000</CEMValue><RATAReferenceValue>3721000</RATAReferenceValue><GrossUnitLoad>15</GrossUnitLoad><RunStatusCode>RUNUSED</RunStatusCode></RATARunData><RATARunData><RunNumber>3</RunNumber><BeginDate>2008-05-28</BeginDate><BeginHour>14</BeginHour><BeginMinute>25</BeginMinute><EndDate>2008-05-28</EndDate><EndHour>14</EndHour><EndMinute>30</EndMinute><CEMValue>3778000</CEMValue><RATAReferenceValue>3667000</RATAReferenceValue><GrossUnitLoad>15</GrossUnitLoad><RunStatusCode>RUNUSED</RunStatusCode></RATARunData><RATARunData><RunNumber>4</RunNumber><BeginDate>2008-05-28</BeginDate><BeginHour>14</BeginHour><BeginMinute>50</BeginMinute><EndDate>2008-05-28</EndDate><EndHour>14</EndHour><EndMinute>55</EndMinute><CEMValue>3766000</CEMValue><RATAReferenceValue>3771000</RATAReferenceValue><GrossUnitLoad>15</GrossUnitLoad><RunStatusCode>RUNUSED</RunStatusCode></RATARunData><RATARunData><RunNumber>5</RunNumber><BeginDate>2008-05-28</BeginDate><BeginHour>14</BeginHour><BeginMinute>56</BeginMinute><EndDate>2008-05-28</EndDate><EndHour>15</EndHour><EndMinute>1</EndMinute><CEMValue>3725000</CEMValue><RATAReferenceValue>3811000</RATAReferenceValue><GrossUnitLoad>15</GrossUnitLoad><RunStatusCode>NOTUSED</RunStatusCode></RATARunData><RATARunData><RunNumber>6</RunNumber><BeginDate>2008-05-28</BeginDate><BeginHour>15</BeginHour><BeginMinute>2</BeginMinute><EndDate>2008-05-28</EndDate><EndHour>15</EndHour><EndMinute>8</EndMinute><CEMValue>3725000</CEMValue><RATAReferenceValue>3805000</RATAReferenceValue><GrossUnitLoad>15</GrossUnitLoad><RunStatusCode>RUNUSED</RunStatusCode></RATARunData><RATARunData><RunNumber>7</RunNumber><BeginDate>2008-05-28</BeginDate><BeginHour>15</BeginHour><BeginMinute>17</BeginMinute><EndDate>2008-05-28</EndDate><EndHour>15</EndHour><EndMinute>23</EndMinute><CEMValue>3798000</CEMValue><RATAReferenceValue>3795000</RATAReferenceValue><GrossUnitLoad>15</GrossUnitLoad><RunStatusCode>RUNUSED</RunStatusCode></RATARunData><RATARunData><RunNumber>8</RunNumber><BeginDate>2008-05-28</BeginDate><BeginHour>15</BeginHour><BeginMinute>24</BeginMinute><EndDate>2008-05-28</EndDate><EndHour>15</EndHour><EndMinute>29</EndMinute><CEMValue>3808000</CEMValue><RATAReferenceValue>3800000</RATAReferenceValue><GrossUnitLoad>15</GrossUnitLoad><RunStatusCode>RUNUSED</RunStatusCode></RATARunData><RATARunData><RunNumber>9</RunNumber><BeginDate>2008-05-28</BeginDate><BeginHour>15</BeginHour><BeginMinute>30</BeginMinute><EndDate>2008-05-28</EndDate><EndHour>15</EndHour><EndMinute>35</EndMinute><CEMValue>3875000</CEMValue><RATAReferenceValue>3807000</RATAReferenceValue><GrossUnitLoad>15</GrossUnitLoad><RunStatusCode>RUNUSED</RunStatusCode></RATARunData><RATARunData><RunNumber>10</RunNumber><BeginDate>2008-05-28</BeginDate><BeginHour>15</BeginHour><BeginMinute>42</BeginMinute><EndDate>2008-05-28</EndDate><EndHour>15</EndHour><EndMinute>47</EndMinute><CEMValue>3754000</CEMValue><RATAReferenceValue>3792000</RATAReferenceValue><GrossUnitLoad>15</GrossUnitLoad><RunStatusCode>RUNUSED</RunStatusCode></RATARunData></RATASummaryData></RATAData></TestSummaryData><TestSummaryData><UnitID>8</UnitID><TestTypeCode>RATA</TestTypeCode><MonitoringSystemID>118</MonitoringSystemID><ComponentID></ComponentID><SpanScaleCode></SpanScaleCode><TestNumber>RATA-Q22008-118-32</TestNumber><TestReasonCode>QA</TestReasonCode><TestDescription></TestDescription><TestResultCode>PASSED</TestResultCode><BeginDate>2008-05-29</BeginDate><BeginHour>14</BeginHour><BeginMinute>17</BeginMinute><EndDate>2008-05-29</EndDate><EndHour>19</EndHour><EndMinute>46</EndMinute><GracePeriodIndicator>0</GracePeriodIndicator><Year/><Quarter/><TestComment></TestComment><RATAData><NumberOfLoadLevels>1</NumberOfLoadLevels><RelativeAccuracy>2.86</RelativeAccuracy><RATAFrequencyCode>4QTRS</RATAFrequencyCode><OverallBiasAdjustmentFactor>1</OverallBiasAdjustmentFactor><RATASummaryData><OperatingLevelCode>H</OperatingLevelCode><AverageGrossUnitLoad>24</AverageGrossUnitLoad><ReferenceMethodCode>3A</ReferenceMethodCode><MeanCEMValue>11.833</MeanCEMValue><MeanRATAReferenceValue>11.633</MeanRATAReferenceValue><MeanDifference>-.2</MeanDifference><StandardDeviationDifference>.173</StandardDeviationDifference><ConfidenceCoefficient>.133</ConfidenceCoefficient><TValue>2.306</TValue><APSIndicator>0</APSIndicator><RelativeAccuracy>2.86</RelativeAccuracy><BiasAdjustmentFactor>1</BiasAdjustmentFactor><CO2OrO2ReferenceMethodCode></CO2OrO2ReferenceMethodCode><StackDiameter></StackDiameter><StackArea></StackArea><NumberOfTraversePoints></NumberOfTraversePoints><CalculatedWAF></CalculatedWAF><DefaultWAF></DefaultWAF><RATARunData><RunNumber>5</RunNumber><BeginDate>2008-05-29</BeginDate><BeginHour>17</BeginHour><BeginMinute>10</BeginMinute><EndDate>2008-05-29</EndDate><EndHour>17</EndHour><EndMinute>30</EndMinute><CEMValue>11.9</CEMValue><RATAReferenceValue>11.4</RATAReferenceValue><GrossUnitLoad>24</GrossUnitLoad><RunStatusCode>NOTUSED</RunStatusCode></RATARunData><RATARunData><RunNumber>4</RunNumber><BeginDate>2008-05-29</BeginDate><BeginHour>16</BeginHour><BeginMinute>17</BeginMinute><EndDate>2008-05-29</EndDate><EndHour>16</EndHour><EndMinute>37</EndMinute><CEMValue>11.9</CEMValue><RATAReferenceValue>11.5</RATAReferenceValue><GrossUnitLoad>24</GrossUnitLoad><RunStatusCode>RUNUSED</RunStatusCode></RATARunData><RATARunData><RunNumber>7</RunNumber><BeginDate>2008-05-29</BeginDate><BeginHour>18</BeginHour><BeginMinute>9</BeginMinute><EndDate>2008-05-29</EndDate><EndHour>18</EndHour><EndMinute>29</EndMinute><CEMValue>11.8</CEMValue><RATAReferenceValue>11.7</RATAReferenceValue><GrossUnitLoad>24</GrossUnitLoad><RunStatusCode>RUNUSED</RunStatusCode></RATARunData><RATARunData><RunNumber>6</RunNumber><BeginDate>2008-05-29</BeginDate><BeginHour>17</BeginHour><BeginMinute>42</BeginMinute><EndDate>2008-05-29</EndDate><EndHour>18</EndHour><EndMinute>2</EndMinute><CEMValue>11.8</CEMValue><RATAReferenceValue>11.5</RATAReferenceValue><GrossUnitLoad>24</GrossUnitLoad><RunStatusCode>RUNUSED</RunStatusCode></RATARunData><RATARunData><RunNumber>3</RunNumber><BeginDate>2008-05-29</BeginDate><BeginHour>15</BeginHour><BeginMinute>45</BeginMinute><EndDate>2008-05-29</EndDate><EndHour>16</EndHour><EndMinute>5</EndMinute><CEMValue>11.9</CEMValue><RATAReferenceValue>11.9</RATAReferenceValue><GrossUnitLoad>24</GrossUnitLoad><RunStatusCode>RUNUSED</RunStatusCode></RATARunData><RATARunData><RunNumber>2</RunNumber><BeginDate>2008-05-29</BeginDate><BeginHour>14</BeginHour><BeginMinute>43</BeginMinute><EndDate>2008-05-29</EndDate><EndHour>15</EndHour><EndMinute>3</EndMinute><CEMValue>11.9</CEMValue><RATAReferenceValue>11.5</RATAReferenceValue><GrossUnitLoad>24</GrossUnitLoad><RunStatusCode>RUNUSED</RunStatusCode></RATARunData><RATARunData><RunNumber>9</RunNumber><BeginDate>2008-05-29</BeginDate><BeginHour>19</BeginHour><BeginMinute>0</BeginMinute><EndDate>2008-05-29</EndDate><EndHour>19</EndHour><EndMinute>20</EndMinute><CEMValue>11.7</CEMValue><RATAReferenceValue>11.6</RATAReferenceValue><GrossUnitLoad>24</GrossUnitLoad><RunStatusCode>RUNUSED</RunStatusCode></RATARunData><RATARunData><RunNumber>1</RunNumber><BeginDate>2008-05-29</BeginDate><BeginHour>14</BeginHour><BeginMinute>17</BeginMinute><EndDate>2008-05-29</EndDate><EndHour>14</EndHour><EndMinute>37</EndMinute><CEMValue>11.9</CEMValue><RATAReferenceValue>11.5</RATAReferenceValue><GrossUnitLoad>24</GrossUnitLoad><RunStatusCode>RUNUSED</RunStatusCode></RATARunData><RATARunData><RunNumber>8</RunNumber><BeginDate>2008-05-29</BeginDate><BeginHour>18</BeginHour><BeginMinute>34</BeginMinute><EndDate>2008-05-29</EndDate><EndHour>18</EndHour><EndMinute>54</EndMinute><CEMValue>11.8</CEMValue><RATAReferenceValue>11.7</RATAReferenceValue><GrossUnitLoad>24</GrossUnitLoad><RunStatusCode>RUNUSED</RunStatusCode></RATARunData><RATARunData><RunNumber>10</RunNumber><BeginDate>2008-05-29</BeginDate><BeginHour>19</BeginHour><BeginMinute>26</BeginMinute><EndDate>2008-05-29</EndDate><EndHour>19</EndHour><EndMinute>46</EndMinute><CEMValue>11.8</CEMValue><RATAReferenceValue>11.8</RATAReferenceValue><GrossUnitLoad>24</GrossUnitLoad><RunStatusCode>RUNUSED</RunStatusCode></RATARunData></RATASummaryData></RATAData></TestSummaryData></QualityAssuranceAndCert>