<?xml version="1.0" encoding="utf-8"?><QualityAssuranceAndCert xsi:noNamespaceSchemaLocation="http://ecmps.pqa.com/xsd/QualityAssuranceAndCert_v1_0.xsd" xmlns:xsi="http://www.w3.org/2001/XMLSchema-instance"><ORISCode>3601</ORISCode><Version>1.0</Version><TestSummaryData><UnitID>3</UnitID><TestTypeCode>LINE</TestTypeCode><MonitoringSystemID></MonitoringSystemID><ComponentID>002</ComponentID><SpanScaleCode>H</SpanScaleCode><TestNumber>EPA-002-1024</TestNumber><TestReasonCode>QA</TestReasonCode><TestDescription></TestDescription><TestResultCode>PASSED</TestResultCode><BeginDate>2008-06-25</BeginDate><BeginHour>12</BeginHour><BeginMinute>55</BeginMinute><EndDate>2008-06-25</EndDate><EndHour>14</EndHour><EndMinute>45</EndMinute><GracePeriodIndicator>0</GracePeriodIndicator><Year/><Quarter/><TestComment></TestComment><LinearitySummaryData><GasLevelCode>LOW</GasLevelCode><MeanMeasuredValue>48.667</MeanMeasuredValue><MeanReferenceValue>48.8</MeanReferenceValue><PercentError>.3</PercentError><APSIndicator>0</APSIndicator><LinearityInjectionData><InjectionDate>2008-06-25</InjectionDate><InjectionHour>12</InjectionHour><InjectionMinute>55</InjectionMinute><MeasuredValue>46.2</MeasuredValue><ReferenceValue>48.8</ReferenceValue></LinearityInjectionData><LinearityInjectionData><InjectionDate>2008-06-25</InjectionDate><InjectionHour>13</InjectionHour><InjectionMinute>47</InjectionMinute><MeasuredValue>48.3</MeasuredValue><ReferenceValue>48.8</ReferenceValue></LinearityInjectionData><LinearityInjectionData><InjectionDate>2008-06-25</InjectionDate><InjectionHour>14</InjectionHour><InjectionMinute>35</InjectionMinute><MeasuredValue>51.5</MeasuredValue><ReferenceValue>48.8</ReferenceValue></LinearityInjectionData></LinearitySummaryData><LinearitySummaryData><GasLevelCode>MID</GasLevelCode><MeanMeasuredValue>106.767</MeanMeasuredValue><MeanReferenceValue>109</MeanReferenceValue><PercentError>2</PercentError><APSIndicator>0</APSIndicator><LinearityInjectionData><InjectionDate>2008-06-25</InjectionDate><InjectionHour>13</InjectionHour><InjectionMinute>0</InjectionMinute><MeasuredValue>101.6</MeasuredValue><ReferenceValue>109</ReferenceValue></LinearityInjectionData><LinearityInjectionData><InjectionDate>2008-06-25</InjectionDate><InjectionHour>13</InjectionHour><InjectionMinute>52</InjectionMinute><MeasuredValue>106</MeasuredValue><ReferenceValue>109</ReferenceValue></LinearityInjectionData><LinearityInjectionData><InjectionDate>2008-06-25</InjectionDate><InjectionHour>14</InjectionHour><InjectionMinute>40</InjectionMinute><MeasuredValue>112.7</MeasuredValue><ReferenceValue>109</ReferenceValue></LinearityInjectionData></LinearitySummaryData><LinearitySummaryData><GasLevelCode>HIGH</GasLevelCode><MeanMeasuredValue>173.333</MeanMeasuredValue><MeanReferenceValue>179</MeanReferenceValue><PercentError>3.2</PercentError><APSIndicator>0</APSIndicator><LinearityInjectionData><InjectionDate>2008-06-25</InjectionDate><InjectionHour>13</InjectionHour><InjectionMinute>5</InjectionMinute><MeasuredValue>167.9</MeasuredValue><ReferenceValue>179</ReferenceValue></LinearityInjectionData><LinearityInjectionData><InjectionDate>2008-06-25</InjectionDate><InjectionHour>13</InjectionHour><InjectionMinute>57</InjectionMinute><MeasuredValue>171.1</MeasuredValue><ReferenceValue>179</ReferenceValue></LinearityInjectionData><LinearityInjectionData><InjectionDate>2008-06-25</InjectionDate><InjectionHour>14</InjectionHour><InjectionMinute>45</InjectionMinute><MeasuredValue>181</MeasuredValue><ReferenceValue>179</ReferenceValue></LinearityInjectionData></LinearitySummaryData></TestSummaryData><TestSummaryData><UnitID>3</UnitID><TestTypeCode>FFACCTT</TestTypeCode><MonitoringSystemID></MonitoringSystemID><ComponentID>006</ComponentID><SpanScaleCode></SpanScaleCode><TestNumber>EPA-006-11007</TestNumber><TestReasonCode></TestReasonCode><TestDescription></TestDescription><TestResultCode>PASSED</TestResultCode><BeginDate></BeginDate><BeginHour></BeginHour><BeginMinute></BeginMinute><EndDate>2008-05-14</EndDate><EndHour>12</EndHour><EndMinute></EndMinute><GracePeriodIndicator>0</GracePeriodIndicator><Year/><Quarter/><TestComment></TestComment><TransmitterTransducerData><LowLevelAccuracy>0</LowLevelAccuracy><LowLevelAccuracySpecCode>ACT</LowLevelAccuracySpecCode><MidLevelAccuracy>0</MidLevelAccuracy><MidLevelAccuracySpecCode>ACT</MidLevelAccuracySpecCode><HighLevelAccuracy>0</HighLevelAccuracy><HighLevelAccuracySpecCode>ACT</HighLevelAccuracySpecCode></TransmitterTransducerData></TestSummaryData><TestSummaryData><UnitID>3</UnitID><TestTypeCode>LINE</TestTypeCode><MonitoringSystemID></MonitoringSystemID><ComponentID>003</ComponentID><SpanScaleCode>H</SpanScaleCode><TestNumber>EPA-003-1024</TestNumber><TestReasonCode>QA</TestReasonCode><TestDescription></TestDescription><TestResultCode>PASSED</TestResultCode><BeginDate>2008-06-25</BeginDate><BeginHour>12</BeginHour><BeginMinute>55</BeginMinute><EndDate>2008-06-25</EndDate><EndHour>14</EndHour><EndMinute>44</EndMinute><GracePeriodIndicator>0</GracePeriodIndicator><Year/><Quarter/><TestComment></TestComment><LinearitySummaryData><GasLevelCode>LOW</GasLevelCode><MeanMeasuredValue>5.033</MeanMeasuredValue><MeanReferenceValue>5.1</MeanReferenceValue><PercentError>1.3</PercentError><APSIndicator>0</APSIndicator><LinearityInjectionData><InjectionDate>2008-06-25</InjectionDate><InjectionHour>12</InjectionHour><InjectionMinute>55</InjectionMinute><MeasuredValue>4.9</MeasuredValue><ReferenceValue>5.1</ReferenceValue></LinearityInjectionData><LinearityInjectionData><InjectionDate>2008-06-25</InjectionDate><InjectionHour>13</InjectionHour><InjectionMinute>47</InjectionMinute><MeasuredValue>5</MeasuredValue><ReferenceValue>5.1</ReferenceValue></LinearityInjectionData><LinearityInjectionData><InjectionDate>2008-06-25</InjectionDate><InjectionHour>14</InjectionHour><InjectionMinute>35</InjectionMinute><MeasuredValue>5.2</MeasuredValue><ReferenceValue>5.1</ReferenceValue></LinearityInjectionData></LinearitySummaryData><LinearitySummaryData><GasLevelCode>MID</GasLevelCode><MeanMeasuredValue>10.6</MeanMeasuredValue><MeanReferenceValue>10.8</MeanReferenceValue><PercentError>1.9</PercentError><APSIndicator>0</APSIndicator><LinearityInjectionData><InjectionDate>2008-06-25</InjectionDate><InjectionHour>13</InjectionHour><InjectionMinute>0</InjectionMinute><MeasuredValue>10.3</MeasuredValue><ReferenceValue>10.8</ReferenceValue></LinearityInjectionData><LinearityInjectionData><InjectionDate>2008-06-25</InjectionDate><InjectionHour>13</InjectionHour><InjectionMinute>52</InjectionMinute><MeasuredValue>10.6</MeasuredValue><ReferenceValue>10.8</ReferenceValue></LinearityInjectionData><LinearityInjectionData><InjectionDate>2008-06-25</InjectionDate><InjectionHour>14</InjectionHour><InjectionMinute>40</InjectionMinute><MeasuredValue>10.9</MeasuredValue><ReferenceValue>10.8</ReferenceValue></LinearityInjectionData></LinearitySummaryData><LinearitySummaryData><GasLevelCode>HIGH</GasLevelCode><MeanMeasuredValue>17.7</MeanMeasuredValue><MeanReferenceValue>18</MeanReferenceValue><PercentError>1.7</PercentError><APSIndicator>0</APSIndicator><LinearityInjectionData><InjectionDate>2008-06-25</InjectionDate><InjectionHour>13</InjectionHour><InjectionMinute>4</InjectionMinute><MeasuredValue>17.3</MeasuredValue><ReferenceValue>18</ReferenceValue></LinearityInjectionData><LinearityInjectionData><InjectionDate>2008-06-25</InjectionDate><InjectionHour>13</InjectionHour><InjectionMinute>56</InjectionMinute><MeasuredValue>17.6</MeasuredValue><ReferenceValue>18</ReferenceValue></LinearityInjectionData><LinearityInjectionData><InjectionDate>2008-06-25</InjectionDate><InjectionHour>14</InjectionHour><InjectionMinute>44</InjectionMinute><MeasuredValue>18.2</MeasuredValue><ReferenceValue>18</ReferenceValue></LinearityInjectionData></LinearitySummaryData></TestSummaryData><TestSummaryData><UnitID>3</UnitID><TestTypeCode>FFACCTT</TestTypeCode><MonitoringSystemID></MonitoringSystemID><ComponentID>006</ComponentID><SpanScaleCode></SpanScaleCode><TestNumber>EPA-006-11006</TestNumber><TestReasonCode></TestReasonCode><TestDescription></TestDescription><TestResultCode>PASSED</TestResultCode><BeginDate></BeginDate><BeginHour></BeginHour><BeginMinute></BeginMinute><EndDate>2008-05-14</EndDate><EndHour>11</EndHour><EndMinute></EndMinute><GracePeriodIndicator>0</GracePeriodIndicator><Year/><Quarter/><TestComment></TestComment><TransmitterTransducerData><LowLevelAccuracy>0</LowLevelAccuracy><LowLevelAccuracySpecCode>ACT</LowLevelAccuracySpecCode><MidLevelAccuracy>0</MidLevelAccuracy><MidLevelAccuracySpecCode>ACT</MidLevelAccuracySpecCode><HighLevelAccuracy>0</HighLevelAccuracy><HighLevelAccuracySpecCode>ACT</HighLevelAccuracySpecCode></TransmitterTransducerData></TestSummaryData><TestSummaryData><UnitID>3</UnitID><TestTypeCode>FFACCTT</TestTypeCode><MonitoringSystemID></MonitoringSystemID><ComponentID>006</ComponentID><SpanScaleCode></SpanScaleCode><TestNumber>EPA-006-11005</TestNumber><TestReasonCode></TestReasonCode><TestDescription></TestDescription><TestResultCode>PASSED</TestResultCode><BeginDate></BeginDate><BeginHour></BeginHour><BeginMinute></BeginMinute><EndDate>2008-05-14</EndDate><EndHour>10</EndHour><EndMinute></EndMinute><GracePeriodIndicator>0</GracePeriodIndicator><Year/><Quarter/><TestComment></TestComment><TransmitterTransducerData><LowLevelAccuracy>0</LowLevelAccuracy><LowLevelAccuracySpecCode>ACT</LowLevelAccuracySpecCode><MidLevelAccuracy>0</MidLevelAccuracy><MidLevelAccuracySpecCode>ACT</MidLevelAccuracySpecCode><HighLevelAccuracy>0</HighLevelAccuracy><HighLevelAccuracySpecCode>ACT</HighLevelAccuracySpecCode></TransmitterTransducerData></TestSummaryData><TestSummaryData><UnitID>3</UnitID><TestTypeCode>PEI</TestTypeCode><MonitoringSystemID></MonitoringSystemID><ComponentID>006</ComponentID><SpanScaleCode></SpanScaleCode><TestNumber>1</TestNumber><TestReasonCode>QA</TestReasonCode><TestDescription></TestDescription><TestResultCode>PASSED</TestResultCode><BeginDate></BeginDate><BeginHour></BeginHour><BeginMinute></BeginMinute><EndDate>2008-04-10</EndDate><EndHour>11</EndHour><EndMinute>40</EndMinute><GracePeriodIndicator></GracePeriodIndicator><Year/><Quarter/><TestComment></TestComment></TestSummaryData></QualityAssuranceAndCert>