<?xml version="1.0" encoding="utf-8"?><QualityAssuranceAndCert xsi:noNamespaceSchemaLocation="http://ecmps.pqa.com/xsd/QualityAssuranceAndCert_v1_0.xsd" xmlns:xsi="http://www.w3.org/2001/XMLSchema-instance"><ORISCode>3601</ORISCode><Version>1.0</Version><TestSummaryData><UnitID>2</UnitID><TestTypeCode>LINE</TestTypeCode><MonitoringSystemID></MonitoringSystemID><ComponentID>003</ComponentID><SpanScaleCode>H</SpanScaleCode><TestNumber>EPA-003-1021</TestNumber><TestReasonCode>QA</TestReasonCode><TestDescription></TestDescription><TestResultCode>PASSAPS</TestResultCode><BeginDate>2008-05-05</BeginDate><BeginHour>11</BeginHour><BeginMinute>9</BeginMinute><EndDate>2008-05-05</EndDate><EndHour>12</EndHour><EndMinute>5</EndMinute><GracePeriodIndicator>0</GracePeriodIndicator><Year/><Quarter/><TestComment></TestComment><LinearitySummaryData><GasLevelCode>LOW</GasLevelCode><MeanMeasuredValue>4.733</MeanMeasuredValue><MeanReferenceValue>5.1</MeanReferenceValue><PercentError>.4</PercentError><APSIndicator>1</APSIndicator><LinearityInjectionData><InjectionDate>2008-05-05</InjectionDate><InjectionHour>11</InjectionHour><InjectionMinute>9</InjectionMinute><MeasuredValue>4.7</MeasuredValue><ReferenceValue>5.1</ReferenceValue></LinearityInjectionData><LinearityInjectionData><InjectionDate>2008-05-05</InjectionDate><InjectionHour>11</InjectionHour><InjectionMinute>31</InjectionMinute><MeasuredValue>4.8</MeasuredValue><ReferenceValue>5.1</ReferenceValue></LinearityInjectionData><LinearityInjectionData><InjectionDate>2008-05-05</InjectionDate><InjectionHour>11</InjectionHour><InjectionMinute>56</InjectionMinute><MeasuredValue>4.7</MeasuredValue><ReferenceValue>5.1</ReferenceValue></LinearityInjectionData></LinearitySummaryData><LinearitySummaryData><GasLevelCode>MID</GasLevelCode><MeanMeasuredValue>10.667</MeanMeasuredValue><MeanReferenceValue>10.8</MeanReferenceValue><PercentError>1.2</PercentError><APSIndicator>0</APSIndicator><LinearityInjectionData><InjectionDate>2008-05-05</InjectionDate><InjectionHour>11</InjectionHour><InjectionMinute>14</InjectionMinute><MeasuredValue>10.7</MeasuredValue><ReferenceValue>10.8</ReferenceValue></LinearityInjectionData><LinearityInjectionData><InjectionDate>2008-05-05</InjectionDate><InjectionHour>11</InjectionHour><InjectionMinute>36</InjectionMinute><MeasuredValue>10.7</MeasuredValue><ReferenceValue>10.8</ReferenceValue></LinearityInjectionData><LinearityInjectionData><InjectionDate>2008-05-05</InjectionDate><InjectionHour>12</InjectionHour><InjectionMinute>1</InjectionMinute><MeasuredValue>10.6</MeasuredValue><ReferenceValue>10.8</ReferenceValue></LinearityInjectionData></LinearitySummaryData><LinearitySummaryData><GasLevelCode>HIGH</GasLevelCode><MeanMeasuredValue>18.1</MeanMeasuredValue><MeanReferenceValue>18</MeanReferenceValue><PercentError>.6</PercentError><APSIndicator>0</APSIndicator><LinearityInjectionData><InjectionDate>2008-05-05</InjectionDate><InjectionHour>11</InjectionHour><InjectionMinute>18</InjectionMinute><MeasuredValue>18.1</MeasuredValue><ReferenceValue>18</ReferenceValue></LinearityInjectionData><LinearityInjectionData><InjectionDate>2008-05-05</InjectionDate><InjectionHour>11</InjectionHour><InjectionMinute>40</InjectionMinute><MeasuredValue>18.1</MeasuredValue><ReferenceValue>18</ReferenceValue></LinearityInjectionData><LinearityInjectionData><InjectionDate>2008-05-05</InjectionDate><InjectionHour>12</InjectionHour><InjectionMinute>5</InjectionMinute><MeasuredValue>18.1</MeasuredValue><ReferenceValue>18</ReferenceValue></LinearityInjectionData></LinearitySummaryData></TestSummaryData><TestSummaryData><UnitID>2</UnitID><TestTypeCode>LINE</TestTypeCode><MonitoringSystemID></MonitoringSystemID><ComponentID>002</ComponentID><SpanScaleCode>H</SpanScaleCode><TestNumber>EPA-002-1021</TestNumber><TestReasonCode>QA</TestReasonCode><TestDescription></TestDescription><TestResultCode>PASSED</TestResultCode><BeginDate>2008-05-05</BeginDate><BeginHour>11</BeginHour><BeginMinute>9</BeginMinute><EndDate>2008-05-05</EndDate><EndHour>12</EndHour><EndMinute>6</EndMinute><GracePeriodIndicator>0</GracePeriodIndicator><Year/><Quarter/><TestComment></TestComment><LinearitySummaryData><GasLevelCode>LOW</GasLevelCode><MeanMeasuredValue>49.5</MeanMeasuredValue><MeanReferenceValue>48.8</MeanReferenceValue><PercentError>1.4</PercentError><APSIndicator>0</APSIndicator><LinearityInjectionData><InjectionDate>2008-05-05</InjectionDate><InjectionHour>11</InjectionHour><InjectionMinute>9</InjectionMinute><MeasuredValue>49.5</MeasuredValue><ReferenceValue>48.8</ReferenceValue></LinearityInjectionData><LinearityInjectionData><InjectionDate>2008-05-05</InjectionDate><InjectionHour>11</InjectionHour><InjectionMinute>31</InjectionMinute><MeasuredValue>49.5</MeasuredValue><ReferenceValue>48.8</ReferenceValue></LinearityInjectionData><LinearityInjectionData><InjectionDate>2008-05-05</InjectionDate><InjectionHour>11</InjectionHour><InjectionMinute>56</InjectionMinute><MeasuredValue>49.5</MeasuredValue><ReferenceValue>48.8</ReferenceValue></LinearityInjectionData></LinearitySummaryData><LinearitySummaryData><GasLevelCode>MID</GasLevelCode><MeanMeasuredValue>111.733</MeanMeasuredValue><MeanReferenceValue>109</MeanReferenceValue><PercentError>2.5</PercentError><APSIndicator>0</APSIndicator><LinearityInjectionData><InjectionDate>2008-05-05</InjectionDate><InjectionHour>11</InjectionHour><InjectionMinute>14</InjectionMinute><MeasuredValue>111.8</MeasuredValue><ReferenceValue>109</ReferenceValue></LinearityInjectionData><LinearityInjectionData><InjectionDate>2008-05-05</InjectionDate><InjectionHour>11</InjectionHour><InjectionMinute>36</InjectionMinute><MeasuredValue>111.9</MeasuredValue><ReferenceValue>109</ReferenceValue></LinearityInjectionData><LinearityInjectionData><InjectionDate>2008-05-05</InjectionDate><InjectionHour>12</InjectionHour><InjectionMinute>1</InjectionMinute><MeasuredValue>111.5</MeasuredValue><ReferenceValue>109</ReferenceValue></LinearityInjectionData></LinearitySummaryData><LinearitySummaryData><GasLevelCode>HIGH</GasLevelCode><MeanMeasuredValue>178</MeanMeasuredValue><MeanReferenceValue>178</MeanReferenceValue><PercentError>0</PercentError><APSIndicator>0</APSIndicator><LinearityInjectionData><InjectionDate>2008-05-05</InjectionDate><InjectionHour>11</InjectionHour><InjectionMinute>19</InjectionMinute><MeasuredValue>178.6</MeasuredValue><ReferenceValue>178</ReferenceValue></LinearityInjectionData><LinearityInjectionData><InjectionDate>2008-05-05</InjectionDate><InjectionHour>11</InjectionHour><InjectionMinute>41</InjectionMinute><MeasuredValue>177.6</MeasuredValue><ReferenceValue>178</ReferenceValue></LinearityInjectionData><LinearityInjectionData><InjectionDate>2008-05-05</InjectionDate><InjectionHour>12</InjectionHour><InjectionMinute>6</InjectionMinute><MeasuredValue>177.8</MeasuredValue><ReferenceValue>178</ReferenceValue></LinearityInjectionData></LinearitySummaryData></TestSummaryData><TestSummaryData><UnitID>2</UnitID><TestTypeCode>PEI</TestTypeCode><MonitoringSystemID></MonitoringSystemID><ComponentID>006</ComponentID><SpanScaleCode></SpanScaleCode><TestNumber>1</TestNumber><TestReasonCode>QA</TestReasonCode><TestDescription></TestDescription><TestResultCode>PASSED</TestResultCode><BeginDate></BeginDate><BeginHour></BeginHour><BeginMinute></BeginMinute><EndDate>2008-04-10</EndDate><EndHour>10</EndHour><EndMinute>20</EndMinute><GracePeriodIndicator></GracePeriodIndicator><Year/><Quarter/><TestComment></TestComment></TestSummaryData></QualityAssuranceAndCert>