<?xml version="1.0" encoding="utf-8"?><QualityAssuranceAndCert xsi:noNamespaceSchemaLocation="http://ecmps.pqa.com/xsd/QualityAssuranceAndCert_v1_0.xsd" xmlns:xsi="http://www.w3.org/2001/XMLSchema-instance"><ORISCode>3631</ORISCode><Version>1.0</Version><TestSummaryData><UnitID>CT7</UnitID><TestTypeCode>LINE</TestTypeCode><MonitoringSystemID></MonitoringSystemID><ComponentID>A72</ComponentID><SpanScaleCode>H</SpanScaleCode><TestNumber>EPA-A72-1019</TestNumber><TestReasonCode>QA</TestReasonCode><TestDescription></TestDescription><TestResultCode>PASSED</TestResultCode><BeginDate>2008-05-27</BeginDate><BeginHour>8</BeginHour><BeginMinute>33</BeginMinute><EndDate>2008-05-27</EndDate><EndHour>9</EndHour><EndMinute>29</EndMinute><GracePeriodIndicator>0</GracePeriodIndicator><Year/><Quarter/><TestComment></TestComment><LinearitySummaryData><GasLevelCode>LOW</GasLevelCode><MeanMeasuredValue>5.1</MeanMeasuredValue><MeanReferenceValue>5</MeanReferenceValue><PercentError>2</PercentError><APSIndicator>0</APSIndicator><LinearityInjectionData><InjectionDate>2008-05-27</InjectionDate><InjectionHour>8</InjectionHour><InjectionMinute>33</InjectionMinute><MeasuredValue>5.1</MeasuredValue><ReferenceValue>5</ReferenceValue></LinearityInjectionData><LinearityInjectionData><InjectionDate>2008-05-27</InjectionDate><InjectionHour>8</InjectionHour><InjectionMinute>59</InjectionMinute><MeasuredValue>5.1</MeasuredValue><ReferenceValue>5</ReferenceValue></LinearityInjectionData><LinearityInjectionData><InjectionDate>2008-05-27</InjectionDate><InjectionHour>9</InjectionHour><InjectionMinute>19</InjectionMinute><MeasuredValue>5.1</MeasuredValue><ReferenceValue>5</ReferenceValue></LinearityInjectionData></LinearitySummaryData><LinearitySummaryData><GasLevelCode>MID</GasLevelCode><MeanMeasuredValue>11.1</MeanMeasuredValue><MeanReferenceValue>11</MeanReferenceValue><PercentError>.9</PercentError><APSIndicator>0</APSIndicator><LinearityInjectionData><InjectionDate>2008-05-27</InjectionDate><InjectionHour>8</InjectionHour><InjectionMinute>38</InjectionMinute><MeasuredValue>11.1</MeasuredValue><ReferenceValue>11</ReferenceValue></LinearityInjectionData><LinearityInjectionData><InjectionDate>2008-05-27</InjectionDate><InjectionHour>9</InjectionHour><InjectionMinute>4</InjectionMinute><MeasuredValue>11.1</MeasuredValue><ReferenceValue>11</ReferenceValue></LinearityInjectionData><LinearityInjectionData><InjectionDate>2008-05-27</InjectionDate><InjectionHour>9</InjectionHour><InjectionMinute>24</InjectionMinute><MeasuredValue>11.1</MeasuredValue><ReferenceValue>11</ReferenceValue></LinearityInjectionData></LinearitySummaryData><LinearitySummaryData><GasLevelCode>HIGH</GasLevelCode><MeanMeasuredValue>18.1</MeanMeasuredValue><MeanReferenceValue>18</MeanReferenceValue><PercentError>.6</PercentError><APSIndicator>0</APSIndicator><LinearityInjectionData><InjectionDate>2008-05-27</InjectionDate><InjectionHour>8</InjectionHour><InjectionMinute>43</InjectionMinute><MeasuredValue>18.1</MeasuredValue><ReferenceValue>18</ReferenceValue></LinearityInjectionData><LinearityInjectionData><InjectionDate>2008-05-27</InjectionDate><InjectionHour>9</InjectionHour><InjectionMinute>9</InjectionMinute><MeasuredValue>18.1</MeasuredValue><ReferenceValue>18</ReferenceValue></LinearityInjectionData><LinearityInjectionData><InjectionDate>2008-05-27</InjectionDate><InjectionHour>9</InjectionHour><InjectionMinute>29</InjectionMinute><MeasuredValue>18.1</MeasuredValue><ReferenceValue>18</ReferenceValue></LinearityInjectionData></LinearitySummaryData></TestSummaryData><TestSummaryData><UnitID>CT7</UnitID><TestTypeCode>FF2LTST</TestTypeCode><MonitoringSystemID>712</MonitoringSystemID><ComponentID></ComponentID><SpanScaleCode></SpanScaleCode><TestNumber>EPA-712-9001</TestNumber><TestReasonCode>QA</TestReasonCode><TestDescription></TestDescription><TestResultCode>PASSED</TestResultCode><BeginDate></BeginDate><BeginHour></BeginHour><BeginMinute></BeginMinute><EndDate></EndDate><EndHour></EndHour><EndMinute></EndMinute><GracePeriodIndicator>0</GracePeriodIndicator><Year>2008</Year><Quarter>2</Quarter><TestComment></TestComment><FuelFlowToLoadTestData><TestBasisCode>Q</TestBasisCode><AverageDifference>0</AverageDifference><NumberOfHoursUsed>1298</NumberOfHoursUsed><NumberOfHoursExcludedCofiring></NumberOfHoursExcludedCofiring><NumberOfHoursExcludedRamping></NumberOfHoursExcludedRamping><NumberOfHoursExcludedLowRange></NumberOfHoursExcludedLowRange></FuelFlowToLoadTestData></TestSummaryData><TestSummaryData><UnitID>CT7</UnitID><TestTypeCode>LINE</TestTypeCode><MonitoringSystemID></MonitoringSystemID><ComponentID>A71</ComponentID><SpanScaleCode>H</SpanScaleCode><TestNumber>EPA-A71-1019</TestNumber><TestReasonCode>QA</TestReasonCode><TestDescription></TestDescription><TestResultCode>PASSED</TestResultCode><BeginDate>2008-05-27</BeginDate><BeginHour>9</BeginHour><BeginMinute>52</BeginMinute><EndDate>2008-05-27</EndDate><EndHour>10</EndHour><EndMinute>42</EndMinute><GracePeriodIndicator>0</GracePeriodIndicator><Year/><Quarter/><TestComment></TestComment><LinearitySummaryData><GasLevelCode>LOW</GasLevelCode><MeanMeasuredValue>50.7</MeanMeasuredValue><MeanReferenceValue>51.1</MeanReferenceValue><PercentError>.8</PercentError><APSIndicator>0</APSIndicator><LinearityInjectionData><InjectionDate>2008-05-27</InjectionDate><InjectionHour>9</InjectionHour><InjectionMinute>52</InjectionMinute><MeasuredValue>50.7</MeasuredValue><ReferenceValue>51.1</ReferenceValue></LinearityInjectionData><LinearityInjectionData><InjectionDate>2008-05-27</InjectionDate><InjectionHour>10</InjectionHour><InjectionMinute>12</InjectionMinute><MeasuredValue>50.9</MeasuredValue><ReferenceValue>51.1</ReferenceValue></LinearityInjectionData><LinearityInjectionData><InjectionDate>2008-05-27</InjectionDate><InjectionHour>10</InjectionHour><InjectionMinute>32</InjectionMinute><MeasuredValue>50.5</MeasuredValue><ReferenceValue>51.1</ReferenceValue></LinearityInjectionData></LinearitySummaryData><LinearitySummaryData><GasLevelCode>MID</GasLevelCode><MeanMeasuredValue>109.467</MeanMeasuredValue><MeanReferenceValue>112</MeanReferenceValue><PercentError>2.3</PercentError><APSIndicator>0</APSIndicator><LinearityInjectionData><InjectionDate>2008-05-27</InjectionDate><InjectionHour>9</InjectionHour><InjectionMinute>57</InjectionMinute><MeasuredValue>108.8</MeasuredValue><ReferenceValue>112</ReferenceValue></LinearityInjectionData><LinearityInjectionData><InjectionDate>2008-05-27</InjectionDate><InjectionHour>10</InjectionHour><InjectionMinute>17</InjectionMinute><MeasuredValue>110.1</MeasuredValue><ReferenceValue>112</ReferenceValue></LinearityInjectionData><LinearityInjectionData><InjectionDate>2008-05-27</InjectionDate><InjectionHour>10</InjectionHour><InjectionMinute>37</InjectionMinute><MeasuredValue>109.5</MeasuredValue><ReferenceValue>112</ReferenceValue></LinearityInjectionData></LinearitySummaryData><LinearitySummaryData><GasLevelCode>HIGH</GasLevelCode><MeanMeasuredValue>184.233</MeanMeasuredValue><MeanReferenceValue>184</MeanReferenceValue><PercentError>.1</PercentError><APSIndicator>0</APSIndicator><LinearityInjectionData><InjectionDate>2008-05-27</InjectionDate><InjectionHour>10</InjectionHour><InjectionMinute>2</InjectionMinute><MeasuredValue>184.3</MeasuredValue><ReferenceValue>184</ReferenceValue></LinearityInjectionData><LinearityInjectionData><InjectionDate>2008-05-27</InjectionDate><InjectionHour>10</InjectionHour><InjectionMinute>22</InjectionMinute><MeasuredValue>184.5</MeasuredValue><ReferenceValue>184</ReferenceValue></LinearityInjectionData><LinearityInjectionData><InjectionDate>2008-05-27</InjectionDate><InjectionHour>10</InjectionHour><InjectionMinute>42</InjectionMinute><MeasuredValue>183.9</MeasuredValue><ReferenceValue>184</ReferenceValue></LinearityInjectionData></LinearitySummaryData></TestSummaryData></QualityAssuranceAndCert>