<?xml version="1.0" encoding="utf-8"?><QualityAssuranceAndCert xsi:noNamespaceSchemaLocation="http://ecmps.camdsupport.com/xsd/QualityAssuranceAndCert_v1_1.xsd" xmlns:xsi="http://www.w3.org/2001/XMLSchema-instance"><ORISCode>4940</ORISCode><Version>1.1</Version><TestSummaryData><UnitID>1504</UnitID><TestTypeCode>UNITDEF</TestTypeCode><MonitoringSystemID></MonitoringSystemID><ComponentID></ComponentID><SpanScaleCode></SpanScaleCode><TestNumber>EPA-UNITDEF-8001</TestNumber><TestReasonCode></TestReasonCode><TestDescription></TestDescription><TestResultCode></TestResultCode><BeginDate>2008-06-17</BeginDate><BeginHour>11</BeginHour><BeginMinute>26</BeginMinute><EndDate>2008-06-18</EndDate><EndHour>14</EndHour><EndMinute>0</EndMinute><GracePeriodIndicator>0</GracePeriodIndicator><Year/><Quarter/><TestComment></TestComment><UnitDefaultTestData><FuelCode>PNG</FuelCode><NOxDefaultRate>.031</NOxDefaultRate><OperatingConditionCode>A</OperatingConditionCode><GroupID></GroupID><NumberOfUnitsInGroup></NumberOfUnitsInGroup><NumberOfTestsForGroup></NumberOfTestsForGroup><UnitDefaultTestRunData><OperatingLevelForRun>1</OperatingLevelForRun><RunNumber>1</RunNumber><BeginDate>2008-06-17</BeginDate><BeginHour>11</BeginHour><BeginMinute>26</BeginMinute><EndDate>2008-06-17</EndDate><EndHour>11</EndHour><EndMinute>56</EndMinute><ResponseTime>0</ResponseTime><ReferenceValue>.022</ReferenceValue><RunUsedIndicator>0</RunUsedIndicator></UnitDefaultTestRunData><UnitDefaultTestRunData><OperatingLevelForRun>1</OperatingLevelForRun><RunNumber>2</RunNumber><BeginDate>2008-06-17</BeginDate><BeginHour>12</BeginHour><BeginMinute>6</BeginMinute><EndDate>2008-06-17</EndDate><EndHour>12</EndHour><EndMinute>36</EndMinute><ResponseTime>0</ResponseTime><ReferenceValue>.022</ReferenceValue><RunUsedIndicator>0</RunUsedIndicator></UnitDefaultTestRunData><UnitDefaultTestRunData><OperatingLevelForRun>1</OperatingLevelForRun><RunNumber>3</RunNumber><BeginDate>2008-06-17</BeginDate><BeginHour>12</BeginHour><BeginMinute>45</BeginMinute><EndDate>2008-06-17</EndDate><EndHour>13</EndHour><EndMinute>15</EndMinute><ResponseTime>0</ResponseTime><ReferenceValue>.021</ReferenceValue><RunUsedIndicator>0</RunUsedIndicator></UnitDefaultTestRunData><UnitDefaultTestRunData><OperatingLevelForRun>2</OperatingLevelForRun><RunNumber>1</RunNumber><BeginDate>2008-06-17</BeginDate><BeginHour>13</BeginHour><BeginMinute>32</BeginMinute><EndDate>2008-06-17</EndDate><EndHour>14</EndHour><EndMinute>2</EndMinute><ResponseTime>0</ResponseTime><ReferenceValue>.029</ReferenceValue><RunUsedIndicator>0</RunUsedIndicator></UnitDefaultTestRunData><UnitDefaultTestRunData><OperatingLevelForRun>2</OperatingLevelForRun><RunNumber>2</RunNumber><BeginDate>2008-06-17</BeginDate><BeginHour>14</BeginHour><BeginMinute>10</BeginMinute><EndDate>2008-06-17</EndDate><EndHour>14</EndHour><EndMinute>40</EndMinute><ResponseTime>0</ResponseTime><ReferenceValue>.029</ReferenceValue><RunUsedIndicator>0</RunUsedIndicator></UnitDefaultTestRunData><UnitDefaultTestRunData><OperatingLevelForRun>2</OperatingLevelForRun><RunNumber>3</RunNumber><BeginDate>2008-06-17</BeginDate><BeginHour>14</BeginHour><BeginMinute>48</BeginMinute><EndDate>2008-06-17</EndDate><EndHour>15</EndHour><EndMinute>18</EndMinute><ResponseTime>0</ResponseTime><ReferenceValue>.029</ReferenceValue><RunUsedIndicator>0</RunUsedIndicator></UnitDefaultTestRunData><UnitDefaultTestRunData><OperatingLevelForRun>3</OperatingLevelForRun><RunNumber>1</RunNumber><BeginDate>2008-06-17</BeginDate><BeginHour>15</BeginHour><BeginMinute>28</BeginMinute><EndDate>2008-06-17</EndDate><EndHour>15</EndHour><EndMinute>58</EndMinute><ResponseTime>0</ResponseTime><ReferenceValue>.03</ReferenceValue><RunUsedIndicator>1</RunUsedIndicator></UnitDefaultTestRunData><UnitDefaultTestRunData><OperatingLevelForRun>3</OperatingLevelForRun><RunNumber>2</RunNumber><BeginDate>2008-06-17</BeginDate><BeginHour>16</BeginHour><BeginMinute>6</BeginMinute><EndDate>2008-06-17</EndDate><EndHour>16</EndHour><EndMinute>36</EndMinute><ResponseTime>0</ResponseTime><ReferenceValue>.031</ReferenceValue><RunUsedIndicator>1</RunUsedIndicator></UnitDefaultTestRunData><UnitDefaultTestRunData><OperatingLevelForRun>3</OperatingLevelForRun><RunNumber>3</RunNumber><BeginDate>2008-06-17</BeginDate><BeginHour>16</BeginHour><BeginMinute>44</BeginMinute><EndDate>2008-06-17</EndDate><EndHour>17</EndHour><EndMinute>14</EndMinute><ResponseTime>0</ResponseTime><ReferenceValue>.031</ReferenceValue><RunUsedIndicator>1</RunUsedIndicator></UnitDefaultTestRunData><UnitDefaultTestRunData><OperatingLevelForRun>4</OperatingLevelForRun><RunNumber>1</RunNumber><BeginDate>2008-06-18</BeginDate><BeginHour>10</BeginHour><BeginMinute>52</BeginMinute><EndDate>2008-06-18</EndDate><EndHour>11</EndHour><EndMinute>22</EndMinute><ResponseTime>0</ResponseTime><ReferenceValue>.031</ReferenceValue><RunUsedIndicator>0</RunUsedIndicator></UnitDefaultTestRunData><UnitDefaultTestRunData><OperatingLevelForRun>4</OperatingLevelForRun><RunNumber>2</RunNumber><BeginDate>2008-06-18</BeginDate><BeginHour>12</BeginHour><BeginMinute>10</BeginMinute><EndDate>2008-06-18</EndDate><EndHour>12</EndHour><EndMinute>40</EndMinute><ResponseTime>0</ResponseTime><ReferenceValue>.031</ReferenceValue><RunUsedIndicator>0</RunUsedIndicator></UnitDefaultTestRunData><UnitDefaultTestRunData><OperatingLevelForRun>4</OperatingLevelForRun><RunNumber>3</RunNumber><BeginDate>2008-06-18</BeginDate><BeginHour>13</BeginHour><BeginMinute>30</BeginMinute><EndDate>2008-06-18</EndDate><EndHour>14</EndHour><EndMinute>0</EndMinute><ResponseTime>0</ResponseTime><ReferenceValue>.03</ReferenceValue><RunUsedIndicator>0</RunUsedIndicator></UnitDefaultTestRunData></UnitDefaultTestData></TestSummaryData><TestSummaryData><UnitID>1504</UnitID><TestTypeCode>UNITDEF</TestTypeCode><MonitoringSystemID></MonitoringSystemID><ComponentID></ComponentID><SpanScaleCode></SpanScaleCode><TestNumber>1</TestNumber><TestReasonCode>INITIAL</TestReasonCode><TestDescription></TestDescription><TestResultCode></TestResultCode><BeginDate>2008-06-17</BeginDate><BeginHour>11</BeginHour><BeginMinute>26</BeginMinute><EndDate>2008-06-18</EndDate><EndHour>14</EndHour><EndMinute>0</EndMinute><GracePeriodIndicator></GracePeriodIndicator><Year/><Quarter/><TestComment></TestComment><UnitDefaultTestData><FuelCode>PNG</FuelCode><NOxDefaultRate>.031</NOxDefaultRate><OperatingConditionCode></OperatingConditionCode><GroupID></GroupID><NumberOfUnitsInGroup></NumberOfUnitsInGroup><NumberOfTestsForGroup></NumberOfTestsForGroup><UnitDefaultTestRunData><OperatingLevelForRun>1</OperatingLevelForRun><RunNumber>1</RunNumber><BeginDate>2008-06-17</BeginDate><BeginHour>11</BeginHour><BeginMinute>26</BeginMinute><EndDate>2008-06-17</EndDate><EndHour>11</EndHour><EndMinute>56</EndMinute><ResponseTime>0</ResponseTime><ReferenceValue>.022</ReferenceValue><RunUsedIndicator>0</RunUsedIndicator></UnitDefaultTestRunData><UnitDefaultTestRunData><OperatingLevelForRun>1</OperatingLevelForRun><RunNumber>2</RunNumber><BeginDate>2008-06-17</BeginDate><BeginHour>12</BeginHour><BeginMinute>6</BeginMinute><EndDate>2008-06-17</EndDate><EndHour>12</EndHour><EndMinute>36</EndMinute><ResponseTime>0</ResponseTime><ReferenceValue>.022</ReferenceValue><RunUsedIndicator>0</RunUsedIndicator></UnitDefaultTestRunData><UnitDefaultTestRunData><OperatingLevelForRun>1</OperatingLevelForRun><RunNumber>3</RunNumber><BeginDate>2008-06-17</BeginDate><BeginHour>12</BeginHour><BeginMinute>45</BeginMinute><EndDate>2008-06-17</EndDate><EndHour>13</EndHour><EndMinute>15</EndMinute><ResponseTime>0</ResponseTime><ReferenceValue>.021</ReferenceValue><RunUsedIndicator>0</RunUsedIndicator></UnitDefaultTestRunData><UnitDefaultTestRunData><OperatingLevelForRun>2</OperatingLevelForRun><RunNumber>1</RunNumber><BeginDate>2008-06-17</BeginDate><BeginHour>13</BeginHour><BeginMinute>32</BeginMinute><EndDate>2008-06-17</EndDate><EndHour>14</EndHour><EndMinute>2</EndMinute><ResponseTime>0</ResponseTime><ReferenceValue>.029</ReferenceValue><RunUsedIndicator>0</RunUsedIndicator></UnitDefaultTestRunData><UnitDefaultTestRunData><OperatingLevelForRun>2</OperatingLevelForRun><RunNumber>2</RunNumber><BeginDate>2008-06-17</BeginDate><BeginHour>14</BeginHour><BeginMinute>10</BeginMinute><EndDate>2008-06-17</EndDate><EndHour>14</EndHour><EndMinute>40</EndMinute><ResponseTime>0</ResponseTime><ReferenceValue>.029</ReferenceValue><RunUsedIndicator>0</RunUsedIndicator></UnitDefaultTestRunData><UnitDefaultTestRunData><OperatingLevelForRun>2</OperatingLevelForRun><RunNumber>3</RunNumber><BeginDate>2008-06-17</BeginDate><BeginHour>14</BeginHour><BeginMinute>48</BeginMinute><EndDate>2008-06-17</EndDate><EndHour>15</EndHour><EndMinute>18</EndMinute><ResponseTime>0</ResponseTime><ReferenceValue>.029</ReferenceValue><RunUsedIndicator>0</RunUsedIndicator></UnitDefaultTestRunData><UnitDefaultTestRunData><OperatingLevelForRun>3</OperatingLevelForRun><RunNumber>1</RunNumber><BeginDate>2008-06-17</BeginDate><BeginHour>15</BeginHour><BeginMinute>28</BeginMinute><EndDate>2008-06-17</EndDate><EndHour>15</EndHour><EndMinute>58</EndMinute><ResponseTime>0</ResponseTime><ReferenceValue>.03</ReferenceValue><RunUsedIndicator>1</RunUsedIndicator></UnitDefaultTestRunData><UnitDefaultTestRunData><OperatingLevelForRun>3</OperatingLevelForRun><RunNumber>2</RunNumber><BeginDate>2008-06-17</BeginDate><BeginHour>16</BeginHour><BeginMinute>6</BeginMinute><EndDate>2008-06-17</EndDate><EndHour>16</EndHour><EndMinute>36</EndMinute><ResponseTime>0</ResponseTime><ReferenceValue>.031</ReferenceValue><RunUsedIndicator>1</RunUsedIndicator></UnitDefaultTestRunData><UnitDefaultTestRunData><OperatingLevelForRun>3</OperatingLevelForRun><RunNumber>3</RunNumber><BeginDate>2008-06-17</BeginDate><BeginHour>16</BeginHour><BeginMinute>44</BeginMinute><EndDate>2008-06-17</EndDate><EndHour>17</EndHour><EndMinute>14</EndMinute><ResponseTime>0</ResponseTime><ReferenceValue>.031</ReferenceValue><RunUsedIndicator>1</RunUsedIndicator></UnitDefaultTestRunData><UnitDefaultTestRunData><OperatingLevelForRun>4</OperatingLevelForRun><RunNumber>1</RunNumber><BeginDate>2008-06-18</BeginDate><BeginHour>10</BeginHour><BeginMinute>52</BeginMinute><EndDate>2008-06-18</EndDate><EndHour>11</EndHour><EndMinute>22</EndMinute><ResponseTime>0</ResponseTime><ReferenceValue>.031</ReferenceValue><RunUsedIndicator>0</RunUsedIndicator></UnitDefaultTestRunData><UnitDefaultTestRunData><OperatingLevelForRun>4</OperatingLevelForRun><RunNumber>2</RunNumber><BeginDate>2008-06-18</BeginDate><BeginHour>12</BeginHour><BeginMinute>10</BeginMinute><EndDate>2008-06-18</EndDate><EndHour>12</EndHour><EndMinute>40</EndMinute><ResponseTime>0</ResponseTime><ReferenceValue>.031</ReferenceValue><RunUsedIndicator>0</RunUsedIndicator></UnitDefaultTestRunData><UnitDefaultTestRunData><OperatingLevelForRun>4</OperatingLevelForRun><RunNumber>3</RunNumber><BeginDate>2008-06-18</BeginDate><BeginHour>13</BeginHour><BeginMinute>30</BeginMinute><EndDate>2008-06-18</EndDate><EndHour>14</EndHour><EndMinute>0</EndMinute><ResponseTime>0</ResponseTime><ReferenceValue>.03</ReferenceValue><RunUsedIndicator>0</RunUsedIndicator></UnitDefaultTestRunData></UnitDefaultTestData></TestSummaryData></QualityAssuranceAndCert>