<?xml version="1.0" encoding="utf-8"?><QualityAssuranceAndCert xsi:noNamespaceSchemaLocation="http://ecmps.camdsupport.com/xsd/QualityAssuranceAndCert_v1_1.xsd" xmlns:xsi="http://www.w3.org/2001/XMLSchema-instance"><ORISCode>4940</ORISCode><Version>1.1</Version><TestSummaryData><UnitID>1503</UnitID><TestTypeCode>UNITDEF</TestTypeCode><MonitoringSystemID></MonitoringSystemID><ComponentID></ComponentID><SpanScaleCode></SpanScaleCode><TestNumber>EPA-UNITDEF-8001</TestNumber><TestReasonCode></TestReasonCode><TestDescription></TestDescription><TestResultCode></TestResultCode><BeginDate>2008-06-19</BeginDate><BeginHour>21</BeginHour><BeginMinute>23</BeginMinute><EndDate>2008-06-20</EndDate><EndHour>17</EndHour><EndMinute>3</EndMinute><GracePeriodIndicator>0</GracePeriodIndicator><Year/><Quarter/><TestComment></TestComment><UnitDefaultTestData><FuelCode>PNG</FuelCode><NOxDefaultRate>.031</NOxDefaultRate><OperatingConditionCode>A</OperatingConditionCode><GroupID></GroupID><NumberOfUnitsInGroup></NumberOfUnitsInGroup><NumberOfTestsForGroup></NumberOfTestsForGroup><UnitDefaultTestRunData><OperatingLevelForRun>1</OperatingLevelForRun><RunNumber>1</RunNumber><BeginDate>2008-06-19</BeginDate><BeginHour>21</BeginHour><BeginMinute>23</BeginMinute><EndDate>2008-06-19</EndDate><EndHour>21</EndHour><EndMinute>53</EndMinute><ResponseTime>0</ResponseTime><ReferenceValue>.031</ReferenceValue><RunUsedIndicator>1</RunUsedIndicator></UnitDefaultTestRunData><UnitDefaultTestRunData><OperatingLevelForRun>1</OperatingLevelForRun><RunNumber>2</RunNumber><BeginDate>2008-06-19</BeginDate><BeginHour>22</BeginHour><BeginMinute>24</BeginMinute><EndDate>2008-06-19</EndDate><EndHour>22</EndHour><EndMinute>54</EndMinute><ResponseTime>0</ResponseTime><ReferenceValue>.031</ReferenceValue><RunUsedIndicator>1</RunUsedIndicator></UnitDefaultTestRunData><UnitDefaultTestRunData><OperatingLevelForRun>1</OperatingLevelForRun><RunNumber>3</RunNumber><BeginDate>2008-06-19</BeginDate><BeginHour>23</BeginHour><BeginMinute>24</BeginMinute><EndDate>2008-06-19</EndDate><EndHour>23</EndHour><EndMinute>54</EndMinute><ResponseTime>0</ResponseTime><ReferenceValue>.032</ReferenceValue><RunUsedIndicator>1</RunUsedIndicator></UnitDefaultTestRunData><UnitDefaultTestRunData><OperatingLevelForRun>2</OperatingLevelForRun><RunNumber>1</RunNumber><BeginDate>2008-06-20</BeginDate><BeginHour>11</BeginHour><BeginMinute>30</BeginMinute><EndDate>2008-06-20</EndDate><EndHour>12</EndHour><EndMinute>0</EndMinute><ResponseTime>0</ResponseTime><ReferenceValue>.022</ReferenceValue><RunUsedIndicator>0</RunUsedIndicator></UnitDefaultTestRunData><UnitDefaultTestRunData><OperatingLevelForRun>2</OperatingLevelForRun><RunNumber>2</RunNumber><BeginDate>2008-06-20</BeginDate><BeginHour>12</BeginHour><BeginMinute>9</BeginMinute><EndDate>2008-06-20</EndDate><EndHour>12</EndHour><EndMinute>39</EndMinute><ResponseTime>0</ResponseTime><ReferenceValue>.022</ReferenceValue><RunUsedIndicator>0</RunUsedIndicator></UnitDefaultTestRunData><UnitDefaultTestRunData><OperatingLevelForRun>2</OperatingLevelForRun><RunNumber>3</RunNumber><BeginDate>2008-06-20</BeginDate><BeginHour>12</BeginHour><BeginMinute>47</BeginMinute><EndDate>2008-06-20</EndDate><EndHour>13</EndHour><EndMinute>17</EndMinute><ResponseTime>0</ResponseTime><ReferenceValue>.022</ReferenceValue><RunUsedIndicator>0</RunUsedIndicator></UnitDefaultTestRunData><UnitDefaultTestRunData><OperatingLevelForRun>3</OperatingLevelForRun><RunNumber>1</RunNumber><BeginDate>2008-06-20</BeginDate><BeginHour>13</BeginHour><BeginMinute>26</BeginMinute><EndDate>2008-06-20</EndDate><EndHour>13</EndHour><EndMinute>56</EndMinute><ResponseTime>0</ResponseTime><ReferenceValue>.028</ReferenceValue><RunUsedIndicator>0</RunUsedIndicator></UnitDefaultTestRunData><UnitDefaultTestRunData><OperatingLevelForRun>3</OperatingLevelForRun><RunNumber>2</RunNumber><BeginDate>2008-06-20</BeginDate><BeginHour>14</BeginHour><BeginMinute>4</BeginMinute><EndDate>2008-06-20</EndDate><EndHour>14</EndHour><EndMinute>34</EndMinute><ResponseTime>0</ResponseTime><ReferenceValue>.028</ReferenceValue><RunUsedIndicator>0</RunUsedIndicator></UnitDefaultTestRunData><UnitDefaultTestRunData><OperatingLevelForRun>3</OperatingLevelForRun><RunNumber>3</RunNumber><BeginDate>2008-06-20</BeginDate><BeginHour>14</BeginHour><BeginMinute>41</BeginMinute><EndDate>2008-06-20</EndDate><EndHour>15</EndHour><EndMinute>11</EndMinute><ResponseTime>0</ResponseTime><ReferenceValue>.029</ReferenceValue><RunUsedIndicator>0</RunUsedIndicator></UnitDefaultTestRunData><UnitDefaultTestRunData><OperatingLevelForRun>4</OperatingLevelForRun><RunNumber>1</RunNumber><BeginDate>2008-06-20</BeginDate><BeginHour>15</BeginHour><BeginMinute>20</BeginMinute><EndDate>2008-06-20</EndDate><EndHour>15</EndHour><EndMinute>50</EndMinute><ResponseTime>0</ResponseTime><ReferenceValue>.03</ReferenceValue><RunUsedIndicator>0</RunUsedIndicator></UnitDefaultTestRunData><UnitDefaultTestRunData><OperatingLevelForRun>4</OperatingLevelForRun><RunNumber>2</RunNumber><BeginDate>2008-06-20</BeginDate><BeginHour>15</BeginHour><BeginMinute>55</BeginMinute><EndDate>2008-06-20</EndDate><EndHour>16</EndHour><EndMinute>25</EndMinute><ResponseTime>0</ResponseTime><ReferenceValue>.024</ReferenceValue><RunUsedIndicator>0</RunUsedIndicator></UnitDefaultTestRunData><UnitDefaultTestRunData><OperatingLevelForRun>4</OperatingLevelForRun><RunNumber>3</RunNumber><BeginDate>2008-06-20</BeginDate><BeginHour>16</BeginHour><BeginMinute>33</BeginMinute><EndDate>2008-06-20</EndDate><EndHour>17</EndHour><EndMinute>3</EndMinute><ResponseTime>0</ResponseTime><ReferenceValue>.03</ReferenceValue><RunUsedIndicator>0</RunUsedIndicator></UnitDefaultTestRunData></UnitDefaultTestData></TestSummaryData><TestSummaryData><UnitID>1503</UnitID><TestTypeCode>UNITDEF</TestTypeCode><MonitoringSystemID></MonitoringSystemID><ComponentID></ComponentID><SpanScaleCode></SpanScaleCode><TestNumber>1</TestNumber><TestReasonCode>INITIAL</TestReasonCode><TestDescription></TestDescription><TestResultCode></TestResultCode><BeginDate>2008-06-19</BeginDate><BeginHour>21</BeginHour><BeginMinute>23</BeginMinute><EndDate>2008-06-20</EndDate><EndHour>17</EndHour><EndMinute>3</EndMinute><GracePeriodIndicator></GracePeriodIndicator><Year/><Quarter/><TestComment></TestComment><UnitDefaultTestData><FuelCode>PNG</FuelCode><NOxDefaultRate>.031</NOxDefaultRate><OperatingConditionCode></OperatingConditionCode><GroupID></GroupID><NumberOfUnitsInGroup></NumberOfUnitsInGroup><NumberOfTestsForGroup></NumberOfTestsForGroup><UnitDefaultTestRunData><OperatingLevelForRun>1</OperatingLevelForRun><RunNumber>1</RunNumber><BeginDate>2008-06-19</BeginDate><BeginHour>21</BeginHour><BeginMinute>23</BeginMinute><EndDate>2008-06-19</EndDate><EndHour>21</EndHour><EndMinute>53</EndMinute><ResponseTime>0</ResponseTime><ReferenceValue>.031</ReferenceValue><RunUsedIndicator>1</RunUsedIndicator></UnitDefaultTestRunData><UnitDefaultTestRunData><OperatingLevelForRun>1</OperatingLevelForRun><RunNumber>2</RunNumber><BeginDate>2008-06-19</BeginDate><BeginHour>22</BeginHour><BeginMinute>24</BeginMinute><EndDate>2008-06-19</EndDate><EndHour>22</EndHour><EndMinute>54</EndMinute><ResponseTime>0</ResponseTime><ReferenceValue>.031</ReferenceValue><RunUsedIndicator>1</RunUsedIndicator></UnitDefaultTestRunData><UnitDefaultTestRunData><OperatingLevelForRun>1</OperatingLevelForRun><RunNumber>3</RunNumber><BeginDate>2008-06-19</BeginDate><BeginHour>23</BeginHour><BeginMinute>24</BeginMinute><EndDate>2008-06-19</EndDate><EndHour>23</EndHour><EndMinute>54</EndMinute><ResponseTime>0</ResponseTime><ReferenceValue>.032</ReferenceValue><RunUsedIndicator>1</RunUsedIndicator></UnitDefaultTestRunData><UnitDefaultTestRunData><OperatingLevelForRun>2</OperatingLevelForRun><RunNumber>1</RunNumber><BeginDate>2008-06-20</BeginDate><BeginHour>11</BeginHour><BeginMinute>30</BeginMinute><EndDate>2008-06-20</EndDate><EndHour>12</EndHour><EndMinute>0</EndMinute><ResponseTime>0</ResponseTime><ReferenceValue>.022</ReferenceValue><RunUsedIndicator>0</RunUsedIndicator></UnitDefaultTestRunData><UnitDefaultTestRunData><OperatingLevelForRun>2</OperatingLevelForRun><RunNumber>2</RunNumber><BeginDate>2008-06-20</BeginDate><BeginHour>12</BeginHour><BeginMinute>9</BeginMinute><EndDate>2008-06-20</EndDate><EndHour>12</EndHour><EndMinute>39</EndMinute><ResponseTime>0</ResponseTime><ReferenceValue>.022</ReferenceValue><RunUsedIndicator>0</RunUsedIndicator></UnitDefaultTestRunData><UnitDefaultTestRunData><OperatingLevelForRun>2</OperatingLevelForRun><RunNumber>3</RunNumber><BeginDate>2008-06-20</BeginDate><BeginHour>12</BeginHour><BeginMinute>47</BeginMinute><EndDate>2008-06-20</EndDate><EndHour>13</EndHour><EndMinute>17</EndMinute><ResponseTime>0</ResponseTime><ReferenceValue>.022</ReferenceValue><RunUsedIndicator>0</RunUsedIndicator></UnitDefaultTestRunData><UnitDefaultTestRunData><OperatingLevelForRun>3</OperatingLevelForRun><RunNumber>1</RunNumber><BeginDate>2008-06-20</BeginDate><BeginHour>13</BeginHour><BeginMinute>26</BeginMinute><EndDate>2008-06-20</EndDate><EndHour>13</EndHour><EndMinute>56</EndMinute><ResponseTime>0</ResponseTime><ReferenceValue>.028</ReferenceValue><RunUsedIndicator>0</RunUsedIndicator></UnitDefaultTestRunData><UnitDefaultTestRunData><OperatingLevelForRun>3</OperatingLevelForRun><RunNumber>2</RunNumber><BeginDate>2008-06-20</BeginDate><BeginHour>14</BeginHour><BeginMinute>4</BeginMinute><EndDate>2008-06-20</EndDate><EndHour>14</EndHour><EndMinute>34</EndMinute><ResponseTime>0</ResponseTime><ReferenceValue>.028</ReferenceValue><RunUsedIndicator>0</RunUsedIndicator></UnitDefaultTestRunData><UnitDefaultTestRunData><OperatingLevelForRun>3</OperatingLevelForRun><RunNumber>3</RunNumber><BeginDate>2008-06-20</BeginDate><BeginHour>14</BeginHour><BeginMinute>41</BeginMinute><EndDate>2008-06-20</EndDate><EndHour>15</EndHour><EndMinute>11</EndMinute><ResponseTime>0</ResponseTime><ReferenceValue>.029</ReferenceValue><RunUsedIndicator>0</RunUsedIndicator></UnitDefaultTestRunData><UnitDefaultTestRunData><OperatingLevelForRun>4</OperatingLevelForRun><RunNumber>1</RunNumber><BeginDate>2008-06-20</BeginDate><BeginHour>15</BeginHour><BeginMinute>20</BeginMinute><EndDate>2008-06-20</EndDate><EndHour>15</EndHour><EndMinute>50</EndMinute><ResponseTime>0</ResponseTime><ReferenceValue>.03</ReferenceValue><RunUsedIndicator>0</RunUsedIndicator></UnitDefaultTestRunData><UnitDefaultTestRunData><OperatingLevelForRun>4</OperatingLevelForRun><RunNumber>2</RunNumber><BeginDate>2008-06-20</BeginDate><BeginHour>15</BeginHour><BeginMinute>55</BeginMinute><EndDate>2008-06-20</EndDate><EndHour>16</EndHour><EndMinute>25</EndMinute><ResponseTime>0</ResponseTime><ReferenceValue>.024</ReferenceValue><RunUsedIndicator>0</RunUsedIndicator></UnitDefaultTestRunData><UnitDefaultTestRunData><OperatingLevelForRun>4</OperatingLevelForRun><RunNumber>3</RunNumber><BeginDate>2008-06-20</BeginDate><BeginHour>16</BeginHour><BeginMinute>33</BeginMinute><EndDate>2008-06-20</EndDate><EndHour>17</EndHour><EndMinute>3</EndMinute><ResponseTime>0</ResponseTime><ReferenceValue>.03</ReferenceValue><RunUsedIndicator>0</RunUsedIndicator></UnitDefaultTestRunData></UnitDefaultTestData></TestSummaryData></QualityAssuranceAndCert>