<?xml version="1.0" encoding="utf-8"?><QualityAssuranceAndCert xsi:noNamespaceSchemaLocation="http://ecmps.pqa.com/xsd/QualityAssuranceAndCert_v1_0.xsd" xmlns:xsi="http://www.w3.org/2001/XMLSchema-instance"><ORISCode>2869</ORISCode><Version>1.0</Version><TestSummaryData><UnitID>2</UnitID><TestTypeCode>PEI</TestTypeCode><MonitoringSystemID></MonitoringSystemID><ComponentID>031</ComponentID><SpanScaleCode></SpanScaleCode><TestNumber>00</TestNumber><TestReasonCode>QA</TestReasonCode><TestDescription></TestDescription><TestResultCode>PASSED</TestResultCode><BeginDate></BeginDate><BeginHour></BeginHour><BeginMinute></BeginMinute><EndDate>2008-06-16</EndDate><EndHour>8</EndHour><EndMinute>0</EndMinute><GracePeriodIndicator></GracePeriodIndicator><Year/><Quarter/><TestComment></TestComment></TestSummaryData></QualityAssuranceAndCert>