<?xml version="1.0" encoding="utf-8"?><QualityAssuranceAndCert xsi:noNamespaceSchemaLocation="http://ecmps.pqa.com/xsd/QualityAssuranceAndCert_v1_0.xsd" xmlns:xsi="http://www.w3.org/2001/XMLSchema-instance"><ORISCode>2500</ORISCode><Version>1.0</Version><TestSummaryData><StackPipeID>CS0002</StackPipeID><TestTypeCode>RATA</TestTypeCode><MonitoringSystemID>210</MonitoringSystemID><ComponentID></ComponentID><SpanScaleCode></SpanScaleCode><TestNumber>EPA-210-2006</TestNumber><TestReasonCode>QA</TestReasonCode><TestDescription></TestDescription><TestResultCode>PASSED</TestResultCode><BeginDate>2008-04-30</BeginDate><BeginHour>7</BeginHour><BeginMinute>5</BeginMinute><EndDate>2008-04-30</EndDate><EndHour>12</EndHour><EndMinute>55</EndMinute><GracePeriodIndicator>0</GracePeriodIndicator><Year/><Quarter/><TestComment></TestComment><RATAData><NumberOfLoadLevels>1</NumberOfLoadLevels><RelativeAccuracy>3.15</RelativeAccuracy><RATAFrequencyCode></RATAFrequencyCode><OverallBiasAdjustmentFactor>1</OverallBiasAdjustmentFactor><RATASummaryData><OperatingLevelCode>H</OperatingLevelCode><AverageGrossUnitLoad>378</AverageGrossUnitLoad><ReferenceMethodCode>7E</ReferenceMethodCode><MeanCEMValue>.235</MeanCEMValue><MeanRATAReferenceValue>.23</MeanRATAReferenceValue><MeanDifference>-.005</MeanDifference><StandardDeviationDifference>.003</StandardDeviationDifference><ConfidenceCoefficient>.002</ConfidenceCoefficient><TValue>2.306</TValue><APSIndicator>0</APSIndicator><RelativeAccuracy>3.15</RelativeAccuracy><BiasAdjustmentFactor>1</BiasAdjustmentFactor><CO2OrO2ReferenceMethodCode></CO2OrO2ReferenceMethodCode><StackDiameter></StackDiameter><StackArea></StackArea><NumberOfTraversePoints></NumberOfTraversePoints><CalculatedWAF></CalculatedWAF><DefaultWAF></DefaultWAF><RATARunData><RunNumber>1</RunNumber><BeginDate>2008-04-30</BeginDate><BeginHour>7</BeginHour><BeginMinute>5</BeginMinute><EndDate>2008-04-30</EndDate><EndHour>7</EndHour><EndMinute>35</EndMinute><CEMValue>.23</CEMValue><RATAReferenceValue>.224</RATAReferenceValue><GrossUnitLoad>376</GrossUnitLoad><RunStatusCode>RUNUSED</RunStatusCode></RATARunData><RATARunData><RunNumber>2</RunNumber><BeginDate>2008-04-30</BeginDate><BeginHour>7</BeginHour><BeginMinute>45</BeginMinute><EndDate>2008-04-30</EndDate><EndHour>8</EndHour><EndMinute>15</EndMinute><CEMValue>.231</CEMValue><RATAReferenceValue>.224</RATAReferenceValue><GrossUnitLoad>378</GrossUnitLoad><RunStatusCode>RUNUSED</RunStatusCode></RATARunData><RATARunData><RunNumber>3</RunNumber><BeginDate>2008-04-30</BeginDate><BeginHour>8</BeginHour><BeginMinute>25</BeginMinute><EndDate>2008-04-30</EndDate><EndHour>8</EndHour><EndMinute>55</EndMinute><CEMValue>.233</CEMValue><RATAReferenceValue>.226</RATAReferenceValue><GrossUnitLoad>380</GrossUnitLoad><RunStatusCode>RUNUSED</RunStatusCode></RATARunData><RATARunData><RunNumber>4</RunNumber><BeginDate>2008-04-30</BeginDate><BeginHour>9</BeginHour><BeginMinute>5</BeginMinute><EndDate>2008-04-30</EndDate><EndHour>9</EndHour><EndMinute>35</EndMinute><CEMValue>.236</CEMValue><RATAReferenceValue>.23</RATAReferenceValue><GrossUnitLoad>377</GrossUnitLoad><RunStatusCode>RUNUSED</RunStatusCode></RATARunData><RATARunData><RunNumber>5</RunNumber><BeginDate>2008-04-30</BeginDate><BeginHour>9</BeginHour><BeginMinute>45</BeginMinute><EndDate>2008-04-30</EndDate><EndHour>10</EndHour><EndMinute>15</EndMinute><CEMValue>.24</CEMValue><RATAReferenceValue>.233</RATAReferenceValue><GrossUnitLoad>380</GrossUnitLoad><RunStatusCode>RUNUSED</RunStatusCode></RATARunData><RATARunData><RunNumber>6</RunNumber><BeginDate>2008-04-30</BeginDate><BeginHour>10</BeginHour><BeginMinute>25</BeginMinute><EndDate>2008-04-30</EndDate><EndHour>10</EndHour><EndMinute>55</EndMinute><CEMValue>.234</CEMValue><RATAReferenceValue>.231</RATAReferenceValue><GrossUnitLoad>377</GrossUnitLoad><RunStatusCode>RUNUSED</RunStatusCode></RATARunData><RATARunData><RunNumber>7</RunNumber><BeginDate>2008-04-30</BeginDate><BeginHour>11</BeginHour><BeginMinute>5</BeginMinute><EndDate>2008-04-30</EndDate><EndHour>11</EndHour><EndMinute>35</EndMinute><CEMValue>.24</CEMValue><RATAReferenceValue>.232</RATAReferenceValue><GrossUnitLoad>376</GrossUnitLoad><RunStatusCode>RUNUSED</RunStatusCode></RATARunData><RATARunData><RunNumber>8</RunNumber><BeginDate>2008-04-30</BeginDate><BeginHour>11</BeginHour><BeginMinute>45</BeginMinute><EndDate>2008-04-30</EndDate><EndHour>12</EndHour><EndMinute>15</EndMinute><CEMValue>.236</CEMValue><RATAReferenceValue>.234</RATAReferenceValue><GrossUnitLoad>378</GrossUnitLoad><RunStatusCode>RUNUSED</RunStatusCode></RATARunData><RATARunData><RunNumber>9</RunNumber><BeginDate>2008-04-30</BeginDate><BeginHour>12</BeginHour><BeginMinute>25</BeginMinute><EndDate>2008-04-30</EndDate><EndHour>12</EndHour><EndMinute>55</EndMinute><CEMValue>.234</CEMValue><RATAReferenceValue>.234</RATAReferenceValue><GrossUnitLoad>377</GrossUnitLoad><RunStatusCode>RUNUSED</RunStatusCode></RATARunData></RATASummaryData></RATAData></TestSummaryData><TestSummaryData><StackPipeID>CS0002</StackPipeID><TestTypeCode>LINE</TestTypeCode><MonitoringSystemID></MonitoringSystemID><ComponentID>215</ComponentID><SpanScaleCode>H</SpanScaleCode><TestNumber>EPA-215-1023</TestNumber><TestReasonCode>QA</TestReasonCode><TestDescription></TestDescription><TestResultCode>PASSED</TestResultCode><BeginDate>2008-06-16</BeginDate><BeginHour>11</BeginHour><BeginMinute>21</BeginMinute><EndDate>2008-06-16</EndDate><EndHour>12</EndHour><EndMinute>18</EndMinute><GracePeriodIndicator>0</GracePeriodIndicator><Year/><Quarter/><TestComment></TestComment><LinearitySummaryData><GasLevelCode>LOW</GasLevelCode><MeanMeasuredValue>50.748</MeanMeasuredValue><MeanReferenceValue>50</MeanReferenceValue><PercentError>1.5</PercentError><APSIndicator>0</APSIndicator><LinearityInjectionData><InjectionDate>2008-06-16</InjectionDate><InjectionHour>11</InjectionHour><InjectionMinute>21</InjectionMinute><MeasuredValue>50.713</MeasuredValue><ReferenceValue>50</ReferenceValue></LinearityInjectionData><LinearityInjectionData><InjectionDate>2008-06-16</InjectionDate><InjectionHour>11</InjectionHour><InjectionMinute>44</InjectionMinute><MeasuredValue>50.875</MeasuredValue><ReferenceValue>50</ReferenceValue></LinearityInjectionData><LinearityInjectionData><InjectionDate>2008-06-16</InjectionDate><InjectionHour>12</InjectionHour><InjectionMinute>7</InjectionMinute><MeasuredValue>50.656</MeasuredValue><ReferenceValue>50</ReferenceValue></LinearityInjectionData></LinearitySummaryData><LinearitySummaryData><GasLevelCode>MID</GasLevelCode><MeanMeasuredValue>106.823</MeanMeasuredValue><MeanReferenceValue>106.9</MeanReferenceValue><PercentError>.1</PercentError><APSIndicator>0</APSIndicator><LinearityInjectionData><InjectionDate>2008-06-16</InjectionDate><InjectionHour>11</InjectionHour><InjectionMinute>27</InjectionMinute><MeasuredValue>106.698</MeasuredValue><ReferenceValue>106.9</ReferenceValue></LinearityInjectionData><LinearityInjectionData><InjectionDate>2008-06-16</InjectionDate><InjectionHour>11</InjectionHour><InjectionMinute>49</InjectionMinute><MeasuredValue>106.865</MeasuredValue><ReferenceValue>106.9</ReferenceValue></LinearityInjectionData><LinearityInjectionData><InjectionDate>2008-06-16</InjectionDate><InjectionHour>12</InjectionHour><InjectionMinute>12</InjectionMinute><MeasuredValue>106.906</MeasuredValue><ReferenceValue>106.9</ReferenceValue></LinearityInjectionData></LinearitySummaryData><LinearitySummaryData><GasLevelCode>HIGH</GasLevelCode><MeanMeasuredValue>174.895</MeanMeasuredValue><MeanReferenceValue>177.9</MeanReferenceValue><PercentError>1.7</PercentError><APSIndicator>0</APSIndicator><LinearityInjectionData><InjectionDate>2008-06-16</InjectionDate><InjectionHour>11</InjectionHour><InjectionMinute>32</InjectionMinute><MeasuredValue>174.321</MeasuredValue><ReferenceValue>177.9</ReferenceValue></LinearityInjectionData><LinearityInjectionData><InjectionDate>2008-06-16</InjectionDate><InjectionHour>11</InjectionHour><InjectionMinute>55</InjectionMinute><MeasuredValue>175.156</MeasuredValue><ReferenceValue>177.9</ReferenceValue></LinearityInjectionData><LinearityInjectionData><InjectionDate>2008-06-16</InjectionDate><InjectionHour>12</InjectionHour><InjectionMinute>18</InjectionMinute><MeasuredValue>175.208</MeasuredValue><ReferenceValue>177.9</ReferenceValue></LinearityInjectionData></LinearitySummaryData></TestSummaryData><TestSummaryData><StackPipeID>CS0002</StackPipeID><TestTypeCode>LINE</TestTypeCode><MonitoringSystemID></MonitoringSystemID><ComponentID>203</ComponentID><SpanScaleCode>H</SpanScaleCode><TestNumber>EPA-203-1023</TestNumber><TestReasonCode>QA</TestReasonCode><TestDescription></TestDescription><TestResultCode>PASSED</TestResultCode><BeginDate>2008-06-16</BeginDate><BeginHour>11</BeginHour><BeginMinute>21</BeginMinute><EndDate>2008-06-16</EndDate><EndHour>12</EndHour><EndMinute>18</EndMinute><GracePeriodIndicator>0</GracePeriodIndicator><Year/><Quarter/><TestComment></TestComment><LinearitySummaryData><GasLevelCode>LOW</GasLevelCode><MeanMeasuredValue>5.214</MeanMeasuredValue><MeanReferenceValue>4.995</MeanReferenceValue><PercentError>4.4</PercentError><APSIndicator>0</APSIndicator><LinearityInjectionData><InjectionDate>2008-06-16</InjectionDate><InjectionHour>11</InjectionHour><InjectionMinute>21</InjectionMinute><MeasuredValue>5.202</MeasuredValue><ReferenceValue>4.995</ReferenceValue></LinearityInjectionData><LinearityInjectionData><InjectionDate>2008-06-16</InjectionDate><InjectionHour>11</InjectionHour><InjectionMinute>44</InjectionMinute><MeasuredValue>5.25</MeasuredValue><ReferenceValue>4.995</ReferenceValue></LinearityInjectionData><LinearityInjectionData><InjectionDate>2008-06-16</InjectionDate><InjectionHour>12</InjectionHour><InjectionMinute>7</InjectionMinute><MeasuredValue>5.191</MeasuredValue><ReferenceValue>4.995</ReferenceValue></LinearityInjectionData></LinearitySummaryData><LinearitySummaryData><GasLevelCode>MID</GasLevelCode><MeanMeasuredValue>11.171</MeanMeasuredValue><MeanReferenceValue>11.02</MeanReferenceValue><PercentError>1.4</PercentError><APSIndicator>0</APSIndicator><LinearityInjectionData><InjectionDate>2008-06-16</InjectionDate><InjectionHour>11</InjectionHour><InjectionMinute>27</InjectionMinute><MeasuredValue>11.169</MeasuredValue><ReferenceValue>11.02</ReferenceValue></LinearityInjectionData><LinearityInjectionData><InjectionDate>2008-06-16</InjectionDate><InjectionHour>11</InjectionHour><InjectionMinute>49</InjectionMinute><MeasuredValue>11.181</MeasuredValue><ReferenceValue>11.02</ReferenceValue></LinearityInjectionData><LinearityInjectionData><InjectionDate>2008-06-16</InjectionDate><InjectionHour>12</InjectionHour><InjectionMinute>12</InjectionMinute><MeasuredValue>11.163</MeasuredValue><ReferenceValue>11.02</ReferenceValue></LinearityInjectionData></LinearitySummaryData><LinearitySummaryData><GasLevelCode>HIGH</GasLevelCode><MeanMeasuredValue>17.672</MeanMeasuredValue><MeanReferenceValue>18.2</MeanReferenceValue><PercentError>2.9</PercentError><APSIndicator>0</APSIndicator><LinearityInjectionData><InjectionDate>2008-06-16</InjectionDate><InjectionHour>11</InjectionHour><InjectionMinute>32</InjectionMinute><MeasuredValue>17.68</MeasuredValue><ReferenceValue>18.2</ReferenceValue></LinearityInjectionData><LinearityInjectionData><InjectionDate>2008-06-16</InjectionDate><InjectionHour>11</InjectionHour><InjectionMinute>55</InjectionMinute><MeasuredValue>17.704</MeasuredValue><ReferenceValue>18.2</ReferenceValue></LinearityInjectionData><LinearityInjectionData><InjectionDate>2008-06-16</InjectionDate><InjectionHour>12</InjectionHour><InjectionMinute>18</InjectionMinute><MeasuredValue>17.633</MeasuredValue><ReferenceValue>18.2</ReferenceValue></LinearityInjectionData></LinearitySummaryData></TestSummaryData><TestSummaryData><StackPipeID>CS0002</StackPipeID><TestTypeCode>F2LCHK</TestTypeCode><MonitoringSystemID>230</MonitoringSystemID><ComponentID></ComponentID><SpanScaleCode></SpanScaleCode><TestNumber>EPA-230-5015</TestNumber><TestReasonCode></TestReasonCode><TestDescription></TestDescription><TestResultCode>FEW168H</TestResultCode><BeginDate></BeginDate><BeginHour></BeginHour><BeginMinute></BeginMinute><EndDate></EndDate><EndHour></EndHour><EndMinute></EndMinute><GracePeriodIndicator>0</GracePeriodIndicator><Year>2008</Year><Quarter>2</Quarter><TestComment></TestComment><FlowToLoadCheckData><TestBasisCode></TestBasisCode><BiasAdjustedIndicator>0</BiasAdjustedIndicator><AvgAbsolutePercentDiff></AvgAbsolutePercentDiff><NumberOfHours></NumberOfHours><NumberOfHoursExcludedForFuel></NumberOfHoursExcludedForFuel><NumberOfHoursExcludedRamping></NumberOfHoursExcludedRamping><NumberOfHoursExcludedBypass></NumberOfHoursExcludedBypass><NumberOfHoursExcludedPreRATA></NumberOfHoursExcludedPreRATA><NumberOfHoursExcludedTest></NumberOfHoursExcludedTest><NumberOfHoursExcMainBypass></NumberOfHoursExcMainBypass><OperatingLevelCode>H</OperatingLevelCode></FlowToLoadCheckData></TestSummaryData><TestSummaryData><StackPipeID>CS0002</StackPipeID><TestTypeCode>RATA</TestTypeCode><MonitoringSystemID>230</MonitoringSystemID><ComponentID></ComponentID><SpanScaleCode></SpanScaleCode><TestNumber>EPA-230-2008</TestNumber><TestReasonCode>QA</TestReasonCode><TestDescription></TestDescription><TestResultCode>PASSED</TestResultCode><BeginDate>2008-04-30</BeginDate><BeginHour>7</BeginHour><BeginMinute>5</BeginMinute><EndDate>2008-04-30</EndDate><EndHour>16</EndHour><EndMinute>45</EndMinute><GracePeriodIndicator>0</GracePeriodIndicator><Year/><Quarter/><TestComment></TestComment><RATAData><NumberOfLoadLevels>2</NumberOfLoadLevels><RelativeAccuracy>6.35</RelativeAccuracy><RATAFrequencyCode></RATAFrequencyCode><OverallBiasAdjustmentFactor>1</OverallBiasAdjustmentFactor><RATASummaryData><OperatingLevelCode>H</OperatingLevelCode><AverageGrossUnitLoad>378</AverageGrossUnitLoad><ReferenceMethodCode>2</ReferenceMethodCode><MeanCEMValue>8638666.667</MeanCEMValue><MeanRATAReferenceValue>8414888.889</MeanRATAReferenceValue><MeanDifference>-223777.778</MeanDifference><StandardDeviationDifference>28630.306</StandardDeviationDifference><ConfidenceCoefficient>22007.162</ConfidenceCoefficient><TValue>2.306</TValue><APSIndicator>0</APSIndicator><RelativeAccuracy>2.92</RelativeAccuracy><BiasAdjustmentFactor>1</BiasAdjustmentFactor><CO2OrO2ReferenceMethodCode></CO2OrO2ReferenceMethodCode><StackDiameter></StackDiameter><StackArea></StackArea><NumberOfTraversePoints></NumberOfTraversePoints><CalculatedWAF></CalculatedWAF><DefaultWAF></DefaultWAF><RATARunData><RunNumber>1</RunNumber><BeginDate>2008-04-30</BeginDate><BeginHour>7</BeginHour><BeginMinute>5</BeginMinute><EndDate>2008-04-30</EndDate><EndHour>7</EndHour><EndMinute>20</EndMinute><CEMValue>8600000</CEMValue><RATAReferenceValue>8405000</RATAReferenceValue><GrossUnitLoad>376</GrossUnitLoad><RunStatusCode>RUNUSED</RunStatusCode></RATARunData><RATARunData><RunNumber>2</RunNumber><BeginDate>2008-04-30</BeginDate><BeginHour>7</BeginHour><BeginMinute>20</BeginMinute><EndDate>2008-04-30</EndDate><EndHour>7</EndHour><EndMinute>35</EndMinute><CEMValue>8627000</CEMValue><RATAReferenceValue>8427000</RATAReferenceValue><GrossUnitLoad>377</GrossUnitLoad><RunStatusCode>RUNUSED</RunStatusCode></RATARunData><RATARunData><RunNumber>3</RunNumber><BeginDate>2008-04-30</BeginDate><BeginHour>7</BeginHour><BeginMinute>45</BeginMinute><EndDate>2008-04-30</EndDate><EndHour>8</EndHour><EndMinute>0</EndMinute><CEMValue>8643000</CEMValue><RATAReferenceValue>8418000</RATAReferenceValue><GrossUnitLoad>378</GrossUnitLoad><RunStatusCode>RUNUSED</RunStatusCode></RATARunData><RATARunData><RunNumber>4</RunNumber><BeginDate>2008-04-30</BeginDate><BeginHour>8</BeginHour><BeginMinute>0</BeginMinute><EndDate>2008-04-30</EndDate><EndHour>8</EndHour><EndMinute>15</EndMinute><CEMValue>8649000</CEMValue><RATAReferenceValue>8402000</RATAReferenceValue><GrossUnitLoad>378</GrossUnitLoad><RunStatusCode>RUNUSED</RunStatusCode></RATARunData><RATARunData><RunNumber>5</RunNumber><BeginDate>2008-04-30</BeginDate><BeginHour>8</BeginHour><BeginMinute>25</BeginMinute><EndDate>2008-04-30</EndDate><EndHour>8</EndHour><EndMinute>40</EndMinute><CEMValue>8651000</CEMValue><RATAReferenceValue>8431000</RATAReferenceValue><GrossUnitLoad>380</GrossUnitLoad><RunStatusCode>RUNUSED</RunStatusCode></RATARunData><RATARunData><RunNumber>6</RunNumber><BeginDate>2008-04-30</BeginDate><BeginHour>8</BeginHour><BeginMinute>40</BeginMinute><EndDate>2008-04-30</EndDate><EndHour>8</EndHour><EndMinute>55</EndMinute><CEMValue>8643000</CEMValue><RATAReferenceValue>8387000</RATAReferenceValue><GrossUnitLoad>380</GrossUnitLoad><RunStatusCode>RUNUSED</RunStatusCode></RATARunData><RATARunData><RunNumber>7</RunNumber><BeginDate>2008-04-30</BeginDate><BeginHour>9</BeginHour><BeginMinute>5</BeginMinute><EndDate>2008-04-30</EndDate><EndHour>9</EndHour><EndMinute>20</EndMinute><CEMValue>8641000</CEMValue><RATAReferenceValue>8390000</RATAReferenceValue><GrossUnitLoad>377</GrossUnitLoad><RunStatusCode>RUNUSED</RunStatusCode></RATARunData><RATARunData><RunNumber>8</RunNumber><BeginDate>2008-04-30</BeginDate><BeginHour>9</BeginHour><BeginMinute>20</BeginMinute><EndDate>2008-04-30</EndDate><EndHour>9</EndHour><EndMinute>35</EndMinute><CEMValue>8635000</CEMValue><RATAReferenceValue>8460000</RATAReferenceValue><GrossUnitLoad>378</GrossUnitLoad><RunStatusCode>RUNUSED</RunStatusCode></RATARunData><RATARunData><RunNumber>9</RunNumber><BeginDate>2008-04-30</BeginDate><BeginHour>9</BeginHour><BeginMinute>45</BeginMinute><EndDate>2008-04-30</EndDate><EndHour>10</EndHour><EndMinute>0</EndMinute><CEMValue>8659000</CEMValue><RATAReferenceValue>8414000</RATAReferenceValue><GrossUnitLoad>380</GrossUnitLoad><RunStatusCode>RUNUSED</RunStatusCode></RATARunData><RATARunData><RunNumber>10</RunNumber><BeginDate>2008-04-30</BeginDate><BeginHour>10</BeginHour><BeginMinute>0</BeginMinute><EndDate>2008-04-30</EndDate><EndHour>10</EndHour><EndMinute>15</EndMinute><CEMValue>8659000</CEMValue><RATAReferenceValue>8370000</RATAReferenceValue><GrossUnitLoad>381</GrossUnitLoad><RunStatusCode>NOTUSED</RunStatusCode></RATARunData></RATASummaryData><RATASummaryData><OperatingLevelCode>L</OperatingLevelCode><AverageGrossUnitLoad>151</AverageGrossUnitLoad><ReferenceMethodCode>2</ReferenceMethodCode><MeanCEMValue>4498000</MeanCEMValue><MeanRATAReferenceValue>4342111.111</MeanRATAReferenceValue><MeanDifference>-155888.889</MeanDifference><StandardDeviationDifference>155848.841</StandardDeviationDifference><ConfidenceCoefficient>119795.809</ConfidenceCoefficient><TValue>2.306</TValue><APSIndicator>0</APSIndicator><RelativeAccuracy>6.35</RelativeAccuracy><BiasAdjustmentFactor>1</BiasAdjustmentFactor><CO2OrO2ReferenceMethodCode></CO2OrO2ReferenceMethodCode><StackDiameter></StackDiameter><StackArea></StackArea><NumberOfTraversePoints></NumberOfTraversePoints><CalculatedWAF></CalculatedWAF><DefaultWAF></DefaultWAF><RATARunData><RunNumber>1</RunNumber><BeginDate>2008-04-30</BeginDate><BeginHour>13</BeginHour><BeginMinute>55</BeginMinute><EndDate>2008-04-30</EndDate><EndHour>14</EndHour><EndMinute>10</EndMinute><CEMValue>4580000</CEMValue><RATAReferenceValue>4498000</RATAReferenceValue><GrossUnitLoad>152</GrossUnitLoad><RunStatusCode>RUNUSED</RunStatusCode></RATARunData><RATARunData><RunNumber>2</RunNumber><BeginDate>2008-04-30</BeginDate><BeginHour>14</BeginHour><BeginMinute>10</BeginMinute><EndDate>2008-04-30</EndDate><EndHour>14</EndHour><EndMinute>25</EndMinute><CEMValue>4503000</CEMValue><RATAReferenceValue>4556000</RATAReferenceValue><GrossUnitLoad>147</GrossUnitLoad><RunStatusCode>RUNUSED</RunStatusCode></RATARunData><RATARunData><RunNumber>3</RunNumber><BeginDate>2008-04-30</BeginDate><BeginHour>14</BeginHour><BeginMinute>30</BeginMinute><EndDate>2008-04-30</EndDate><EndHour>14</EndHour><EndMinute>45</EndMinute><CEMValue>4466000</CEMValue><RATAReferenceValue>4409000</RATAReferenceValue><GrossUnitLoad>151</GrossUnitLoad><RunStatusCode>RUNUSED</RunStatusCode></RATARunData><RATARunData><RunNumber>4</RunNumber><BeginDate>2008-04-30</BeginDate><BeginHour>14</BeginHour><BeginMinute>45</BeginMinute><EndDate>2008-04-30</EndDate><EndHour>15</EndHour><EndMinute>0</EndMinute><CEMValue>4484000</CEMValue><RATAReferenceValue>4486000</RATAReferenceValue><GrossUnitLoad>152</GrossUnitLoad><RunStatusCode>RUNUSED</RunStatusCode></RATARunData><RATARunData><RunNumber>5</RunNumber><BeginDate>2008-04-30</BeginDate><BeginHour>15</BeginHour><BeginMinute>5</BeginMinute><EndDate>2008-04-30</EndDate><EndHour>15</EndHour><EndMinute>20</EndMinute><CEMValue>4510000</CEMValue><RATAReferenceValue>4421000</RATAReferenceValue><GrossUnitLoad>151</GrossUnitLoad><RunStatusCode>RUNUSED</RunStatusCode></RATARunData><RATARunData><RunNumber>6</RunNumber><BeginDate>2008-04-30</BeginDate><BeginHour>15</BeginHour><BeginMinute>20</BeginMinute><EndDate>2008-04-30</EndDate><EndHour>15</EndHour><EndMinute>35</EndMinute><CEMValue>4516000</CEMValue><RATAReferenceValue>4311000</RATAReferenceValue><GrossUnitLoad>151</GrossUnitLoad><RunStatusCode>RUNUSED</RunStatusCode></RATARunData><RATARunData><RunNumber>7</RunNumber><BeginDate>2008-04-30</BeginDate><BeginHour>15</BeginHour><BeginMinute>40</BeginMinute><EndDate>2008-04-30</EndDate><EndHour>15</EndHour><EndMinute>55</EndMinute><CEMValue>4507000</CEMValue><RATAReferenceValue>4158000</RATAReferenceValue><GrossUnitLoad>151</GrossUnitLoad><RunStatusCode>RUNUSED</RunStatusCode></RATARunData><RATARunData><RunNumber>8</RunNumber><BeginDate>2008-04-30</BeginDate><BeginHour>15</BeginHour><BeginMinute>55</BeginMinute><EndDate>2008-04-30</EndDate><EndHour>16</EndHour><EndMinute>10</EndMinute><CEMValue>4494000</CEMValue><RATAReferenceValue>4014000</RATAReferenceValue><GrossUnitLoad>151</GrossUnitLoad><RunStatusCode>NOTUSED</RunStatusCode></RATARunData><RATARunData><RunNumber>9</RunNumber><BeginDate>2008-04-30</BeginDate><BeginHour>16</BeginHour><BeginMinute>15</BeginMinute><EndDate>2008-04-30</EndDate><EndHour>16</EndHour><EndMinute>30</EndMinute><CEMValue>4472000</CEMValue><RATAReferenceValue>4133000</RATAReferenceValue><GrossUnitLoad>151</GrossUnitLoad><RunStatusCode>RUNUSED</RunStatusCode></RATARunData><RATARunData><RunNumber>10</RunNumber><BeginDate>2008-04-30</BeginDate><BeginHour>16</BeginHour><BeginMinute>30</BeginMinute><EndDate>2008-04-30</EndDate><EndHour>16</EndHour><EndMinute>45</EndMinute><CEMValue>4444000</CEMValue><RATAReferenceValue>4107000</RATAReferenceValue><GrossUnitLoad>151</GrossUnitLoad><RunStatusCode>RUNUSED</RunStatusCode></RATARunData></RATASummaryData></RATAData></TestSummaryData><TestSummaryData><StackPipeID>CS0002</StackPipeID><TestTypeCode>F2LREF</TestTypeCode><MonitoringSystemID>230</MonitoringSystemID><ComponentID></ComponentID><SpanScaleCode></SpanScaleCode><TestNumber>EPA-230-6009</TestNumber><TestReasonCode></TestReasonCode><TestDescription></TestDescription><TestResultCode></TestResultCode><BeginDate></BeginDate><BeginHour></BeginHour><BeginMinute></BeginMinute><EndDate>2008-04-30</EndDate><EndHour>10</EndHour><EndMinute>15</EndMinute><GracePeriodIndicator></GracePeriodIndicator><Year/><Quarter/><TestComment></TestComment><FlowToLoadReferenceData><RATATestNumber>EPA-230-2008</RATATestNumber><OperatingLevelCode>H</OperatingLevelCode><AverageGrossUnitLoad>378</AverageGrossUnitLoad><AverageReferenceMethodFlow>8414889</AverageReferenceMethodFlow><ReferenceFlowLoadRatio>.22</ReferenceFlowLoadRatio><AverageHourlyHeatInputRate></AverageHourlyHeatInputRate><ReferenceGrossHeatRate></ReferenceGrossHeatRate><CalcSeparateReferenceIndicator>0</CalcSeparateReferenceIndicator></FlowToLoadReferenceData></TestSummaryData><TestSummaryData><StackPipeID>CS0002</StackPipeID><TestTypeCode>RATA</TestTypeCode><MonitoringSystemID>220</MonitoringSystemID><ComponentID></ComponentID><SpanScaleCode></SpanScaleCode><TestNumber>1</TestNumber><TestReasonCode>QA</TestReasonCode><TestDescription></TestDescription><TestResultCode>PASSED</TestResultCode><BeginDate>2008-04-30</BeginDate><BeginHour>7</BeginHour><BeginMinute>5</BeginMinute><EndDate>2008-04-30</EndDate><EndHour>12</EndHour><EndMinute>55</EndMinute><GracePeriodIndicator>0</GracePeriodIndicator><Year/><Quarter/><TestComment></TestComment><RATAData><NumberOfLoadLevels>1</NumberOfLoadLevels><RelativeAccuracy>.44</RelativeAccuracy><RATAFrequencyCode>4QTRS</RATAFrequencyCode><OverallBiasAdjustmentFactor>1</OverallBiasAdjustmentFactor><RATASummaryData><OperatingLevelCode>H</OperatingLevelCode><AverageGrossUnitLoad>378</AverageGrossUnitLoad><ReferenceMethodCode>3A</ReferenceMethodCode><MeanCEMValue>8.767</MeanCEMValue><MeanRATAReferenceValue>8.767</MeanRATAReferenceValue><MeanDifference>0</MeanDifference><StandardDeviationDifference>.05</StandardDeviationDifference><ConfidenceCoefficient>.038</ConfidenceCoefficient><TValue>2.306</TValue><APSIndicator>0</APSIndicator><RelativeAccuracy>.44</RelativeAccuracy><BiasAdjustmentFactor>1</BiasAdjustmentFactor><CO2OrO2ReferenceMethodCode></CO2OrO2ReferenceMethodCode><StackDiameter></StackDiameter><StackArea></StackArea><NumberOfTraversePoints></NumberOfTraversePoints><CalculatedWAF></CalculatedWAF><DefaultWAF></DefaultWAF><RATARunData><RunNumber>9</RunNumber><BeginDate>2008-04-30</BeginDate><BeginHour>12</BeginHour><BeginMinute>25</BeginMinute><EndDate>2008-04-30</EndDate><EndHour>12</EndHour><EndMinute>55</EndMinute><CEMValue>8.8</CEMValue><RATAReferenceValue>8.7</RATAReferenceValue><GrossUnitLoad>377</GrossUnitLoad><RunStatusCode>RUNUSED</RunStatusCode></RATARunData><RATARunData><RunNumber>2</RunNumber><BeginDate>2008-04-30</BeginDate><BeginHour>7</BeginHour><BeginMinute>45</BeginMinute><EndDate>2008-04-30</EndDate><EndHour>8</EndHour><EndMinute>15</EndMinute><CEMValue>8.8</CEMValue><RATAReferenceValue>8.8</RATAReferenceValue><GrossUnitLoad>378</GrossUnitLoad><RunStatusCode>RUNUSED</RunStatusCode></RATARunData><RATARunData><RunNumber>8</RunNumber><BeginDate>2008-04-30</BeginDate><BeginHour>11</BeginHour><BeginMinute>45</BeginMinute><EndDate>2008-04-30</EndDate><EndHour>12</EndHour><EndMinute>15</EndMinute><CEMValue>8.9</CEMValue><RATAReferenceValue>8.9</RATAReferenceValue><GrossUnitLoad>378</GrossUnitLoad><RunStatusCode>RUNUSED</RunStatusCode></RATARunData><RATARunData><RunNumber>4</RunNumber><BeginDate>2008-04-30</BeginDate><BeginHour>9</BeginHour><BeginMinute>5</BeginMinute><EndDate>2008-04-30</EndDate><EndHour>9</EndHour><EndMinute>35</EndMinute><CEMValue>8.7</CEMValue><RATAReferenceValue>8.7</RATAReferenceValue><GrossUnitLoad>377</GrossUnitLoad><RunStatusCode>RUNUSED</RunStatusCode></RATARunData><RATARunData><RunNumber>5</RunNumber><BeginDate>2008-04-30</BeginDate><BeginHour>9</BeginHour><BeginMinute>45</BeginMinute><EndDate>2008-04-30</EndDate><EndHour>10</EndHour><EndMinute>15</EndMinute><CEMValue>8.6</CEMValue><RATAReferenceValue>8.7</RATAReferenceValue><GrossUnitLoad>380</GrossUnitLoad><RunStatusCode>RUNUSED</RunStatusCode></RATARunData><RATARunData><RunNumber>6</RunNumber><BeginDate>2008-04-30</BeginDate><BeginHour>10</BeginHour><BeginMinute>25</BeginMinute><EndDate>2008-04-30</EndDate><EndHour>10</EndHour><EndMinute>55</EndMinute><CEMValue>8.8</CEMValue><RATAReferenceValue>8.8</RATAReferenceValue><GrossUnitLoad>377</GrossUnitLoad><RunStatusCode>RUNUSED</RunStatusCode></RATARunData><RATARunData><RunNumber>3</RunNumber><BeginDate>2008-04-30</BeginDate><BeginHour>8</BeginHour><BeginMinute>25</BeginMinute><EndDate>2008-04-30</EndDate><EndHour>8</EndHour><EndMinute>55</EndMinute><CEMValue>8.8</CEMValue><RATAReferenceValue>8.8</RATAReferenceValue><GrossUnitLoad>380</GrossUnitLoad><RunStatusCode>RUNUSED</RunStatusCode></RATARunData><RATARunData><RunNumber>1</RunNumber><BeginDate>2008-04-30</BeginDate><BeginHour>7</BeginHour><BeginMinute>5</BeginMinute><EndDate>2008-04-30</EndDate><EndHour>7</EndHour><EndMinute>35</EndMinute><CEMValue>8.8</CEMValue><RATAReferenceValue>8.8</RATAReferenceValue><GrossUnitLoad>376</GrossUnitLoad><RunStatusCode>RUNUSED</RunStatusCode></RATARunData><RATARunData><RunNumber>7</RunNumber><BeginDate>2008-04-30</BeginDate><BeginHour>11</BeginHour><BeginMinute>5</BeginMinute><EndDate>2008-04-30</EndDate><EndHour>11</EndHour><EndMinute>35</EndMinute><CEMValue>8.7</CEMValue><RATAReferenceValue>8.7</RATAReferenceValue><GrossUnitLoad>376</GrossUnitLoad><RunStatusCode>RUNUSED</RunStatusCode></RATARunData></RATASummaryData></RATAData></TestSummaryData></QualityAssuranceAndCert>