<?xml version="1.0" encoding="utf-8"?><QualityAssuranceAndCert xsi:noNamespaceSchemaLocation="http://ecmps.pqa.com/xsd/QualityAssuranceAndCert_v1_0.xsd" xmlns:xsi="http://www.w3.org/2001/XMLSchema-instance"><ORISCode>2500</ORISCode><Version>1.0</Version><TestSummaryData><StackPipeID>CS0001</StackPipeID><TestTypeCode>LINE</TestTypeCode><MonitoringSystemID></MonitoringSystemID><ComponentID>115</ComponentID><SpanScaleCode>H</SpanScaleCode><TestNumber>EPA-115-1022</TestNumber><TestReasonCode>QA</TestReasonCode><TestDescription></TestDescription><TestResultCode>PASSED</TestResultCode><BeginDate>2008-05-06</BeginDate><BeginHour>15</BeginHour><BeginMinute>11</BeginMinute><EndDate>2008-05-06</EndDate><EndHour>16</EndHour><EndMinute>9</EndMinute><GracePeriodIndicator>0</GracePeriodIndicator><Year/><Quarter/><TestComment></TestComment><LinearitySummaryData><GasLevelCode>LOW</GasLevelCode><MeanMeasuredValue>50.268</MeanMeasuredValue><MeanReferenceValue>50</MeanReferenceValue><PercentError>.5</PercentError><APSIndicator>0</APSIndicator><LinearityInjectionData><InjectionDate>2008-05-06</InjectionDate><InjectionHour>15</InjectionHour><InjectionMinute>11</InjectionMinute><MeasuredValue>49.813</MeasuredValue><ReferenceValue>50</ReferenceValue></LinearityInjectionData><LinearityInjectionData><InjectionDate>2008-05-06</InjectionDate><InjectionHour>15</InjectionHour><InjectionMinute>35</InjectionMinute><MeasuredValue>50.771</MeasuredValue><ReferenceValue>50</ReferenceValue></LinearityInjectionData><LinearityInjectionData><InjectionDate>2008-05-06</InjectionDate><InjectionHour>15</InjectionHour><InjectionMinute>58</InjectionMinute><MeasuredValue>50.219</MeasuredValue><ReferenceValue>50</ReferenceValue></LinearityInjectionData></LinearitySummaryData><LinearitySummaryData><GasLevelCode>MID</GasLevelCode><MeanMeasuredValue>106.066</MeanMeasuredValue><MeanReferenceValue>106.9</MeanReferenceValue><PercentError>.8</PercentError><APSIndicator>0</APSIndicator><LinearityInjectionData><InjectionDate>2008-05-06</InjectionDate><InjectionHour>15</InjectionHour><InjectionMinute>17</InjectionMinute><MeasuredValue>105.646</MeasuredValue><ReferenceValue>106.9</ReferenceValue></LinearityInjectionData><LinearityInjectionData><InjectionDate>2008-05-06</InjectionDate><InjectionHour>15</InjectionHour><InjectionMinute>41</InjectionMinute><MeasuredValue>106.625</MeasuredValue><ReferenceValue>106.9</ReferenceValue></LinearityInjectionData><LinearityInjectionData><InjectionDate>2008-05-06</InjectionDate><InjectionHour>16</InjectionHour><InjectionMinute>3</InjectionMinute><MeasuredValue>105.927</MeasuredValue><ReferenceValue>106.9</ReferenceValue></LinearityInjectionData></LinearitySummaryData><LinearitySummaryData><GasLevelCode>HIGH</GasLevelCode><MeanMeasuredValue>172.191</MeanMeasuredValue><MeanReferenceValue>177.1</MeanReferenceValue><PercentError>2.8</PercentError><APSIndicator>0</APSIndicator><LinearityInjectionData><InjectionDate>2008-05-06</InjectionDate><InjectionHour>15</InjectionHour><InjectionMinute>22</InjectionMinute><MeasuredValue>171.833</MeasuredValue><ReferenceValue>177.1</ReferenceValue></LinearityInjectionData><LinearityInjectionData><InjectionDate>2008-05-06</InjectionDate><InjectionHour>15</InjectionHour><InjectionMinute>46</InjectionMinute><MeasuredValue>172.969</MeasuredValue><ReferenceValue>177.1</ReferenceValue></LinearityInjectionData><LinearityInjectionData><InjectionDate>2008-05-06</InjectionDate><InjectionHour>16</InjectionHour><InjectionMinute>9</InjectionMinute><MeasuredValue>171.771</MeasuredValue><ReferenceValue>177.1</ReferenceValue></LinearityInjectionData></LinearitySummaryData></TestSummaryData><TestSummaryData><StackPipeID>CS0001</StackPipeID><TestTypeCode>RATA</TestTypeCode><MonitoringSystemID>130</MonitoringSystemID><ComponentID></ComponentID><SpanScaleCode></SpanScaleCode><TestNumber>EPA-130-2007</TestNumber><TestReasonCode>RECERT</TestReasonCode><TestDescription></TestDescription><TestResultCode>PASSED</TestResultCode><BeginDate>2008-04-29</BeginDate><BeginHour>7</BeginHour><BeginMinute>15</BeginMinute><EndDate>2008-04-30</EndDate><EndHour>9</EndHour><EndMinute>55</EndMinute><GracePeriodIndicator>0</GracePeriodIndicator><Year/><Quarter/><TestComment></TestComment><RATAData><NumberOfLoadLevels>3</NumberOfLoadLevels><RelativeAccuracy>2.71</RelativeAccuracy><RATAFrequencyCode></RATAFrequencyCode><OverallBiasAdjustmentFactor>1.017</OverallBiasAdjustmentFactor><RATASummaryData><OperatingLevelCode>H</OperatingLevelCode><AverageGrossUnitLoad>353</AverageGrossUnitLoad><ReferenceMethodCode>2</ReferenceMethodCode><MeanCEMValue>10311666.667</MeanCEMValue><MeanRATAReferenceValue>10290333.333</MeanRATAReferenceValue><MeanDifference>-21333.333</MeanDifference><StandardDeviationDifference>125923.588</StandardDeviationDifference><ConfidenceCoefficient>96793.265</ConfidenceCoefficient><TValue>2.306</TValue><APSIndicator>0</APSIndicator><RelativeAccuracy>1.15</RelativeAccuracy><BiasAdjustmentFactor>1</BiasAdjustmentFactor><CO2OrO2ReferenceMethodCode></CO2OrO2ReferenceMethodCode><StackDiameter></StackDiameter><StackArea></StackArea><NumberOfTraversePoints></NumberOfTraversePoints><CalculatedWAF></CalculatedWAF><DefaultWAF></DefaultWAF><RATARunData><RunNumber>1</RunNumber><BeginDate>2008-04-29</BeginDate><BeginHour>7</BeginHour><BeginMinute>15</BeginMinute><EndDate>2008-04-29</EndDate><EndHour>7</EndHour><EndMinute>30</EndMinute><CEMValue>10284000</CEMValue><RATAReferenceValue>10424000</RATAReferenceValue><GrossUnitLoad>350</GrossUnitLoad><RunStatusCode>RUNUSED</RunStatusCode></RATARunData><RATARunData><RunNumber>2</RunNumber><BeginDate>2008-04-29</BeginDate><BeginHour>7</BeginHour><BeginMinute>30</BeginMinute><EndDate>2008-04-29</EndDate><EndHour>7</EndHour><EndMinute>45</EndMinute><CEMValue>10291000</CEMValue><RATAReferenceValue>10530000</RATAReferenceValue><GrossUnitLoad>350</GrossUnitLoad><RunStatusCode>RUNUSED</RunStatusCode></RATARunData><RATARunData><RunNumber>3</RunNumber><BeginDate>2008-04-29</BeginDate><BeginHour>13</BeginHour><BeginMinute>5</BeginMinute><EndDate>2008-04-29</EndDate><EndHour>13</EndHour><EndMinute>20</EndMinute><CEMValue>10286000</CEMValue><RATAReferenceValue>10227000</RATAReferenceValue><GrossUnitLoad>351</GrossUnitLoad><RunStatusCode>RUNUSED</RunStatusCode></RATARunData><RATARunData><RunNumber>4</RunNumber><BeginDate>2008-04-29</BeginDate><BeginHour>13</BeginHour><BeginMinute>20</BeginMinute><EndDate>2008-04-29</EndDate><EndHour>13</EndHour><EndMinute>35</EndMinute><CEMValue>10303000</CEMValue><RATAReferenceValue>10214000</RATAReferenceValue><GrossUnitLoad>354</GrossUnitLoad><RunStatusCode>RUNUSED</RunStatusCode></RATARunData><RATARunData><RunNumber>5</RunNumber><BeginDate>2008-04-29</BeginDate><BeginHour>13</BeginHour><BeginMinute>40</BeginMinute><EndDate>2008-04-29</EndDate><EndHour>13</EndHour><EndMinute>55</EndMinute><CEMValue>10329000</CEMValue><RATAReferenceValue>10214000</RATAReferenceValue><GrossUnitLoad>355</GrossUnitLoad><RunStatusCode>RUNUSED</RunStatusCode></RATARunData><RATARunData><RunNumber>6</RunNumber><BeginDate>2008-04-29</BeginDate><BeginHour>13</BeginHour><BeginMinute>55</BeginMinute><EndDate>2008-04-29</EndDate><EndHour>14</EndHour><EndMinute>10</EndMinute><CEMValue>10330000</CEMValue><RATAReferenceValue>10280000</RATAReferenceValue><GrossUnitLoad>354</GrossUnitLoad><RunStatusCode>RUNUSED</RunStatusCode></RATARunData><RATARunData><RunNumber>7</RunNumber><BeginDate>2008-04-29</BeginDate><BeginHour>14</BeginHour><BeginMinute>15</BeginMinute><EndDate>2008-04-29</EndDate><EndHour>14</EndHour><EndMinute>30</EndMinute><CEMValue>10323000</CEMValue><RATAReferenceValue>10189000</RATAReferenceValue><GrossUnitLoad>353</GrossUnitLoad><RunStatusCode>RUNUSED</RunStatusCode></RATARunData><RATARunData><RunNumber>8</RunNumber><BeginDate>2008-04-29</BeginDate><BeginHour>14</BeginHour><BeginMinute>30</BeginMinute><EndDate>2008-04-29</EndDate><EndHour>14</EndHour><EndMinute>45</EndMinute><CEMValue>10329000</CEMValue><RATAReferenceValue>10163000</RATAReferenceValue><GrossUnitLoad>355</GrossUnitLoad><RunStatusCode>NOTUSED</RunStatusCode></RATARunData><RATARunData><RunNumber>9</RunNumber><BeginDate>2008-04-29</BeginDate><BeginHour>14</BeginHour><BeginMinute>50</BeginMinute><EndDate>2008-04-29</EndDate><EndHour>15</EndHour><EndMinute>5</EndMinute><CEMValue>10324000</CEMValue><RATAReferenceValue>10235000</RATAReferenceValue><GrossUnitLoad>354</GrossUnitLoad><RunStatusCode>RUNUSED</RunStatusCode></RATARunData><RATARunData><RunNumber>10</RunNumber><BeginDate>2008-04-29</BeginDate><BeginHour>15</BeginHour><BeginMinute>5</BeginMinute><EndDate>2008-04-29</EndDate><EndHour>15</EndHour><EndMinute>20</EndMinute><CEMValue>10335000</CEMValue><RATAReferenceValue>10300000</RATAReferenceValue><GrossUnitLoad>354</GrossUnitLoad><RunStatusCode>RUNUSED</RunStatusCode></RATARunData></RATASummaryData><RATASummaryData><OperatingLevelCode>L</OperatingLevelCode><AverageGrossUnitLoad>143</AverageGrossUnitLoad><ReferenceMethodCode>2</ReferenceMethodCode><MeanCEMValue>6000333.333</MeanCEMValue><MeanRATAReferenceValue>6102777.778</MeanRATAReferenceValue><MeanDifference>102444.444</MeanDifference><StandardDeviationDifference>81905.603</StandardDeviationDifference><ConfidenceCoefficient>62958.107</ConfidenceCoefficient><TValue>2.306</TValue><APSIndicator>0</APSIndicator><RelativeAccuracy>2.71</RelativeAccuracy><BiasAdjustmentFactor>1.017</BiasAdjustmentFactor><CO2OrO2ReferenceMethodCode></CO2OrO2ReferenceMethodCode><StackDiameter></StackDiameter><StackArea></StackArea><NumberOfTraversePoints></NumberOfTraversePoints><CalculatedWAF></CalculatedWAF><DefaultWAF></DefaultWAF><RATARunData><RunNumber>1</RunNumber><BeginDate>2008-04-29</BeginDate><BeginHour>16</BeginHour><BeginMinute>25</BeginMinute><EndDate>2008-04-29</EndDate><EndHour>16</EndHour><EndMinute>40</EndMinute><CEMValue>6881000</CEMValue><RATAReferenceValue>6571000</RATAReferenceValue><GrossUnitLoad>143</GrossUnitLoad><RunStatusCode>NOTUSED</RunStatusCode></RATARunData><RATARunData><RunNumber>2</RunNumber><BeginDate>2008-04-29</BeginDate><BeginHour>16</BeginHour><BeginMinute>40</BeginMinute><EndDate>2008-04-29</EndDate><EndHour>16</EndHour><EndMinute>55</EndMinute><CEMValue>6036000</CEMValue><RATAReferenceValue>6057000</RATAReferenceValue><GrossUnitLoad>143</GrossUnitLoad><RunStatusCode>RUNUSED</RunStatusCode></RATARunData><RATARunData><RunNumber>3</RunNumber><BeginDate>2008-04-29</BeginDate><BeginHour>17</BeginHour><BeginMinute>0</BeginMinute><EndDate>2008-04-29</EndDate><EndHour>17</EndHour><EndMinute>15</EndMinute><CEMValue>6042000</CEMValue><RATAReferenceValue>6066000</RATAReferenceValue><GrossUnitLoad>143</GrossUnitLoad><RunStatusCode>RUNUSED</RunStatusCode></RATARunData><RATARunData><RunNumber>4</RunNumber><BeginDate>2008-04-29</BeginDate><BeginHour>17</BeginHour><BeginMinute>15</BeginMinute><EndDate>2008-04-29</EndDate><EndHour>17</EndHour><EndMinute>30</EndMinute><CEMValue>6032000</CEMValue><RATAReferenceValue>6068000</RATAReferenceValue><GrossUnitLoad>143</GrossUnitLoad><RunStatusCode>RUNUSED</RunStatusCode></RATARunData><RATARunData><RunNumber>5</RunNumber><BeginDate>2008-04-29</BeginDate><BeginHour>17</BeginHour><BeginMinute>35</BeginMinute><EndDate>2008-04-29</EndDate><EndHour>17</EndHour><EndMinute>50</EndMinute><CEMValue>6013000</CEMValue><RATAReferenceValue>6081000</RATAReferenceValue><GrossUnitLoad>143</GrossUnitLoad><RunStatusCode>RUNUSED</RunStatusCode></RATARunData><RATARunData><RunNumber>6</RunNumber><BeginDate>2008-04-29</BeginDate><BeginHour>17</BeginHour><BeginMinute>50</BeginMinute><EndDate>2008-04-29</EndDate><EndHour>18</EndHour><EndMinute>5</EndMinute><CEMValue>6005000</CEMValue><RATAReferenceValue>6105000</RATAReferenceValue><GrossUnitLoad>142</GrossUnitLoad><RunStatusCode>RUNUSED</RunStatusCode></RATARunData><RATARunData><RunNumber>7</RunNumber><BeginDate>2008-04-29</BeginDate><BeginHour>18</BeginHour><BeginMinute>10</BeginMinute><EndDate>2008-04-29</EndDate><EndHour>18</EndHour><EndMinute>25</EndMinute><CEMValue>5987000</CEMValue><RATAReferenceValue>6089000</RATAReferenceValue><GrossUnitLoad>143</GrossUnitLoad><RunStatusCode>RUNUSED</RunStatusCode></RATARunData><RATARunData><RunNumber>8</RunNumber><BeginDate>2008-04-29</BeginDate><BeginHour>18</BeginHour><BeginMinute>25</BeginMinute><EndDate>2008-04-29</EndDate><EndHour>18</EndHour><EndMinute>40</EndMinute><CEMValue>5993000</CEMValue><RATAReferenceValue>6143000</RATAReferenceValue><GrossUnitLoad>143</GrossUnitLoad><RunStatusCode>RUNUSED</RunStatusCode></RATARunData><RATARunData><RunNumber>9</RunNumber><BeginDate>2008-04-29</BeginDate><BeginHour>18</BeginHour><BeginMinute>45</BeginMinute><EndDate>2008-04-29</EndDate><EndHour>19</EndHour><EndMinute>0</EndMinute><CEMValue>5978000</CEMValue><RATAReferenceValue>6119000</RATAReferenceValue><GrossUnitLoad>143</GrossUnitLoad><RunStatusCode>RUNUSED</RunStatusCode></RATARunData><RATARunData><RunNumber>10</RunNumber><BeginDate>2008-04-29</BeginDate><BeginHour>19</BeginHour><BeginMinute>0</BeginMinute><EndDate>2008-04-29</EndDate><EndHour>19</EndHour><EndMinute>15</EndMinute><CEMValue>5917000</CEMValue><RATAReferenceValue>6197000</RATAReferenceValue><GrossUnitLoad>143</GrossUnitLoad><RunStatusCode>RUNUSED</RunStatusCode></RATARunData></RATASummaryData><RATASummaryData><OperatingLevelCode>M</OperatingLevelCode><AverageGrossUnitLoad>236</AverageGrossUnitLoad><ReferenceMethodCode>2</ReferenceMethodCode><MeanCEMValue>9866666.667</MeanCEMValue><MeanRATAReferenceValue>9662888.889</MeanRATAReferenceValue><MeanDifference>-203777.778</MeanDifference><StandardDeviationDifference>59276.424</StandardDeviationDifference><ConfidenceCoefficient>45563.811</ConfidenceCoefficient><TValue>2.306</TValue><APSIndicator>0</APSIndicator><RelativeAccuracy>2.58</RelativeAccuracy><BiasAdjustmentFactor>1</BiasAdjustmentFactor><CO2OrO2ReferenceMethodCode></CO2OrO2ReferenceMethodCode><StackDiameter></StackDiameter><StackArea></StackArea><NumberOfTraversePoints></NumberOfTraversePoints><CalculatedWAF></CalculatedWAF><DefaultWAF></DefaultWAF><RATARunData><RunNumber>1</RunNumber><BeginDate>2008-04-30</BeginDate><BeginHour>7</BeginHour><BeginMinute>5</BeginMinute><EndDate>2008-04-30</EndDate><EndHour>7</EndHour><EndMinute>20</EndMinute><CEMValue>9890000</CEMValue><RATAReferenceValue>9661000</RATAReferenceValue><GrossUnitLoad>238</GrossUnitLoad><RunStatusCode>RUNUSED</RunStatusCode></RATARunData><RATARunData><RunNumber>2</RunNumber><BeginDate>2008-04-30</BeginDate><BeginHour>7</BeginHour><BeginMinute>20</BeginMinute><EndDate>2008-04-30</EndDate><EndHour>7</EndHour><EndMinute>35</EndMinute><CEMValue>9900000</CEMValue><RATAReferenceValue>9626000</RATAReferenceValue><GrossUnitLoad>237</GrossUnitLoad><RunStatusCode>RUNUSED</RunStatusCode></RATARunData><RATARunData><RunNumber>3</RunNumber><BeginDate>2008-04-30</BeginDate><BeginHour>7</BeginHour><BeginMinute>40</BeginMinute><EndDate>2008-04-30</EndDate><EndHour>7</EndHour><EndMinute>55</EndMinute><CEMValue>9890000</CEMValue><RATAReferenceValue>9609000</RATAReferenceValue><GrossUnitLoad>236</GrossUnitLoad><RunStatusCode>RUNUSED</RunStatusCode></RATARunData><RATARunData><RunNumber>4</RunNumber><BeginDate>2008-04-30</BeginDate><BeginHour>7</BeginHour><BeginMinute>55</BeginMinute><EndDate>2008-04-30</EndDate><EndHour>8</EndHour><EndMinute>10</EndMinute><CEMValue>9870000</CEMValue><RATAReferenceValue>9726000</RATAReferenceValue><GrossUnitLoad>235</GrossUnitLoad><RunStatusCode>RUNUSED</RunStatusCode></RATARunData><RATARunData><RunNumber>5</RunNumber><BeginDate>2008-04-30</BeginDate><BeginHour>8</BeginHour><BeginMinute>15</BeginMinute><EndDate>2008-04-30</EndDate><EndHour>8</EndHour><EndMinute>30</EndMinute><CEMValue>9870000</CEMValue><RATAReferenceValue>9486000</RATAReferenceValue><GrossUnitLoad>234</GrossUnitLoad><RunStatusCode>NOTUSED</RunStatusCode></RATARunData><RATARunData><RunNumber>6</RunNumber><BeginDate>2008-04-30</BeginDate><BeginHour>8</BeginHour><BeginMinute>30</BeginMinute><EndDate>2008-04-30</EndDate><EndHour>8</EndHour><EndMinute>45</EndMinute><CEMValue>9870000</CEMValue><RATAReferenceValue>9695000</RATAReferenceValue><GrossUnitLoad>236</GrossUnitLoad><RunStatusCode>RUNUSED</RunStatusCode></RATARunData><RATARunData><RunNumber>7</RunNumber><BeginDate>2008-04-30</BeginDate><BeginHour>8</BeginHour><BeginMinute>50</BeginMinute><EndDate>2008-04-30</EndDate><EndHour>9</EndHour><EndMinute>5</EndMinute><CEMValue>9850000</CEMValue><RATAReferenceValue>9687000</RATAReferenceValue><GrossUnitLoad>236</GrossUnitLoad><RunStatusCode>RUNUSED</RunStatusCode></RATARunData><RATARunData><RunNumber>8</RunNumber><BeginDate>2008-04-30</BeginDate><BeginHour>9</BeginHour><BeginMinute>5</BeginMinute><EndDate>2008-04-30</EndDate><EndHour>9</EndHour><EndMinute>20</EndMinute><CEMValue>9840000</CEMValue><RATAReferenceValue>9593000</RATAReferenceValue><GrossUnitLoad>235</GrossUnitLoad><RunStatusCode>RUNUSED</RunStatusCode></RATARunData><RATARunData><RunNumber>9</RunNumber><BeginDate>2008-04-30</BeginDate><BeginHour>9</BeginHour><BeginMinute>25</BeginMinute><EndDate>2008-04-30</EndDate><EndHour>9</EndHour><EndMinute>40</EndMinute><CEMValue>9840000</CEMValue><RATAReferenceValue>9630000</RATAReferenceValue><GrossUnitLoad>234</GrossUnitLoad><RunStatusCode>RUNUSED</RunStatusCode></RATARunData><RATARunData><RunNumber>10</RunNumber><BeginDate>2008-04-30</BeginDate><BeginHour>9</BeginHour><BeginMinute>40</BeginMinute><EndDate>2008-04-30</EndDate><EndHour>9</EndHour><EndMinute>55</EndMinute><CEMValue>9850000</CEMValue><RATAReferenceValue>9739000</RATAReferenceValue><GrossUnitLoad>233</GrossUnitLoad><RunStatusCode>RUNUSED</RunStatusCode></RATARunData></RATASummaryData></RATAData></TestSummaryData><TestSummaryData><StackPipeID>CS0001</StackPipeID><TestTypeCode>RATA</TestTypeCode><MonitoringSystemID>110</MonitoringSystemID><ComponentID></ComponentID><SpanScaleCode></SpanScaleCode><TestNumber>EPA-110-2006</TestNumber><TestReasonCode>QA</TestReasonCode><TestDescription></TestDescription><TestResultCode>PASSED</TestResultCode><BeginDate>2008-04-28</BeginDate><BeginHour>7</BeginHour><BeginMinute>45</BeginMinute><EndDate>2008-04-28</EndDate><EndHour>13</EndHour><EndMinute>35</EndMinute><GracePeriodIndicator>0</GracePeriodIndicator><Year/><Quarter/><TestComment></TestComment><RATAData><NumberOfLoadLevels>1</NumberOfLoadLevels><RelativeAccuracy>1.24</RelativeAccuracy><RATAFrequencyCode></RATAFrequencyCode><OverallBiasAdjustmentFactor>1</OverallBiasAdjustmentFactor><RATASummaryData><OperatingLevelCode>H</OperatingLevelCode><AverageGrossUnitLoad>351</AverageGrossUnitLoad><ReferenceMethodCode>7E</ReferenceMethodCode><MeanCEMValue>.252</MeanCEMValue><MeanRATAReferenceValue>.25</MeanRATAReferenceValue><MeanDifference>-.002</MeanDifference><StandardDeviationDifference>.002</StandardDeviationDifference><ConfidenceCoefficient>.002</ConfidenceCoefficient><TValue>2.306</TValue><APSIndicator>0</APSIndicator><RelativeAccuracy>1.24</RelativeAccuracy><BiasAdjustmentFactor>1</BiasAdjustmentFactor><CO2OrO2ReferenceMethodCode></CO2OrO2ReferenceMethodCode><StackDiameter></StackDiameter><StackArea></StackArea><NumberOfTraversePoints></NumberOfTraversePoints><CalculatedWAF></CalculatedWAF><DefaultWAF></DefaultWAF><RATARunData><RunNumber>1</RunNumber><BeginDate>2008-04-28</BeginDate><BeginHour>7</BeginHour><BeginMinute>45</BeginMinute><EndDate>2008-04-28</EndDate><EndHour>8</EndHour><EndMinute>15</EndMinute><CEMValue>.247</CEMValue><RATAReferenceValue>.249</RATAReferenceValue><GrossUnitLoad>353</GrossUnitLoad><RunStatusCode>RUNUSED</RunStatusCode></RATARunData><RATARunData><RunNumber>2</RunNumber><BeginDate>2008-04-28</BeginDate><BeginHour>8</BeginHour><BeginMinute>25</BeginMinute><EndDate>2008-04-28</EndDate><EndHour>8</EndHour><EndMinute>55</EndMinute><CEMValue>.249</CEMValue><RATAReferenceValue>.246</RATAReferenceValue><GrossUnitLoad>355</GrossUnitLoad><RunStatusCode>RUNUSED</RunStatusCode></RATARunData><RATARunData><RunNumber>3</RunNumber><BeginDate>2008-04-28</BeginDate><BeginHour>9</BeginHour><BeginMinute>5</BeginMinute><EndDate>2008-04-28</EndDate><EndHour>9</EndHour><EndMinute>35</EndMinute><CEMValue>.251</CEMValue><RATAReferenceValue>.248</RATAReferenceValue><GrossUnitLoad>349</GrossUnitLoad><RunStatusCode>RUNUSED</RunStatusCode></RATARunData><RATARunData><RunNumber>4</RunNumber><BeginDate>2008-04-28</BeginDate><BeginHour>9</BeginHour><BeginMinute>45</BeginMinute><EndDate>2008-04-28</EndDate><EndHour>10</EndHour><EndMinute>15</EndMinute><CEMValue>.252</CEMValue><RATAReferenceValue>.251</RATAReferenceValue><GrossUnitLoad>350</GrossUnitLoad><RunStatusCode>RUNUSED</RunStatusCode></RATARunData><RATARunData><RunNumber>5</RunNumber><BeginDate>2008-04-28</BeginDate><BeginHour>10</BeginHour><BeginMinute>25</BeginMinute><EndDate>2008-04-28</EndDate><EndHour>10</EndHour><EndMinute>55</EndMinute><CEMValue>.253</CEMValue><RATAReferenceValue>.252</RATAReferenceValue><GrossUnitLoad>350</GrossUnitLoad><RunStatusCode>RUNUSED</RunStatusCode></RATARunData><RATARunData><RunNumber>6</RunNumber><BeginDate>2008-04-28</BeginDate><BeginHour>11</BeginHour><BeginMinute>5</BeginMinute><EndDate>2008-04-28</EndDate><EndHour>11</EndHour><EndMinute>35</EndMinute><CEMValue>.253</CEMValue><RATAReferenceValue>.253</RATAReferenceValue><GrossUnitLoad>350</GrossUnitLoad><RunStatusCode>RUNUSED</RunStatusCode></RATARunData><RATARunData><RunNumber>7</RunNumber><BeginDate>2008-04-28</BeginDate><BeginHour>11</BeginHour><BeginMinute>45</BeginMinute><EndDate>2008-04-28</EndDate><EndHour>12</EndHour><EndMinute>15</EndMinute><CEMValue>.253</CEMValue><RATAReferenceValue>.252</RATAReferenceValue><GrossUnitLoad>350</GrossUnitLoad><RunStatusCode>RUNUSED</RunStatusCode></RATARunData><RATARunData><RunNumber>8</RunNumber><BeginDate>2008-04-28</BeginDate><BeginHour>12</BeginHour><BeginMinute>25</BeginMinute><EndDate>2008-04-28</EndDate><EndHour>12</EndHour><EndMinute>55</EndMinute><CEMValue>.254</CEMValue><RATAReferenceValue>.249</RATAReferenceValue><GrossUnitLoad>350</GrossUnitLoad><RunStatusCode>RUNUSED</RunStatusCode></RATARunData><RATARunData><RunNumber>9</RunNumber><BeginDate>2008-04-28</BeginDate><BeginHour>13</BeginHour><BeginMinute>5</BeginMinute><EndDate>2008-04-28</EndDate><EndHour>13</EndHour><EndMinute>35</EndMinute><CEMValue>.252</CEMValue><RATAReferenceValue>.25</RATAReferenceValue><GrossUnitLoad>352</GrossUnitLoad><RunStatusCode>RUNUSED</RunStatusCode></RATARunData></RATASummaryData></RATAData></TestSummaryData><TestSummaryData><StackPipeID>CS0001</StackPipeID><TestTypeCode>LINE</TestTypeCode><MonitoringSystemID></MonitoringSystemID><ComponentID>103</ComponentID><SpanScaleCode>H</SpanScaleCode><TestNumber>EPA-103-1022</TestNumber><TestReasonCode>QA</TestReasonCode><TestDescription></TestDescription><TestResultCode>PASSED</TestResultCode><BeginDate>2008-05-06</BeginDate><BeginHour>15</BeginHour><BeginMinute>11</BeginMinute><EndDate>2008-05-06</EndDate><EndHour>16</EndHour><EndMinute>9</EndMinute><GracePeriodIndicator>0</GracePeriodIndicator><Year/><Quarter/><TestComment></TestComment><LinearitySummaryData><GasLevelCode>LOW</GasLevelCode><MeanMeasuredValue>5.067</MeanMeasuredValue><MeanReferenceValue>4.995</MeanReferenceValue><PercentError>1.4</PercentError><APSIndicator>0</APSIndicator><LinearityInjectionData><InjectionDate>2008-05-06</InjectionDate><InjectionHour>15</InjectionHour><InjectionMinute>11</InjectionMinute><MeasuredValue>5.042</MeasuredValue><ReferenceValue>4.995</ReferenceValue></LinearityInjectionData><LinearityInjectionData><InjectionDate>2008-05-06</InjectionDate><InjectionHour>15</InjectionHour><InjectionMinute>35</InjectionMinute><MeasuredValue>5.084</MeasuredValue><ReferenceValue>4.995</ReferenceValue></LinearityInjectionData><LinearityInjectionData><InjectionDate>2008-05-06</InjectionDate><InjectionHour>15</InjectionHour><InjectionMinute>58</InjectionMinute><MeasuredValue>5.075</MeasuredValue><ReferenceValue>4.995</ReferenceValue></LinearityInjectionData></LinearitySummaryData><LinearitySummaryData><GasLevelCode>MID</GasLevelCode><MeanMeasuredValue>11.114</MeanMeasuredValue><MeanReferenceValue>11.02</MeanReferenceValue><PercentError>.9</PercentError><APSIndicator>0</APSIndicator><LinearityInjectionData><InjectionDate>2008-05-06</InjectionDate><InjectionHour>15</InjectionHour><InjectionMinute>17</InjectionMinute><MeasuredValue>11.091</MeasuredValue><ReferenceValue>11.02</ReferenceValue></LinearityInjectionData><LinearityInjectionData><InjectionDate>2008-05-06</InjectionDate><InjectionHour>15</InjectionHour><InjectionMinute>41</InjectionMinute><MeasuredValue>11.128</MeasuredValue><ReferenceValue>11.02</ReferenceValue></LinearityInjectionData><LinearityInjectionData><InjectionDate>2008-05-06</InjectionDate><InjectionHour>16</InjectionHour><InjectionMinute>3</InjectionMinute><MeasuredValue>11.123</MeasuredValue><ReferenceValue>11.02</ReferenceValue></LinearityInjectionData></LinearitySummaryData><LinearitySummaryData><GasLevelCode>HIGH</GasLevelCode><MeanMeasuredValue>17.748</MeanMeasuredValue><MeanReferenceValue>18.13</MeanReferenceValue><PercentError>2.1</PercentError><APSIndicator>0</APSIndicator><LinearityInjectionData><InjectionDate>2008-05-06</InjectionDate><InjectionHour>15</InjectionHour><InjectionMinute>22</InjectionMinute><MeasuredValue>17.739</MeasuredValue><ReferenceValue>18.13</ReferenceValue></LinearityInjectionData><LinearityInjectionData><InjectionDate>2008-05-06</InjectionDate><InjectionHour>15</InjectionHour><InjectionMinute>46</InjectionMinute><MeasuredValue>17.722</MeasuredValue><ReferenceValue>18.13</ReferenceValue></LinearityInjectionData><LinearityInjectionData><InjectionDate>2008-05-06</InjectionDate><InjectionHour>16</InjectionHour><InjectionMinute>9</InjectionMinute><MeasuredValue>17.783</MeasuredValue><ReferenceValue>18.13</ReferenceValue></LinearityInjectionData></LinearitySummaryData></TestSummaryData><TestSummaryData><StackPipeID>CS0001</StackPipeID><TestTypeCode>F2LCHK</TestTypeCode><MonitoringSystemID>130</MonitoringSystemID><ComponentID></ComponentID><SpanScaleCode></SpanScaleCode><TestNumber>EPA-130-5009</TestNumber><TestReasonCode></TestReasonCode><TestDescription></TestDescription><TestResultCode>FEW168H</TestResultCode><BeginDate></BeginDate><BeginHour></BeginHour><BeginMinute></BeginMinute><EndDate></EndDate><EndHour></EndHour><EndMinute></EndMinute><GracePeriodIndicator>0</GracePeriodIndicator><Year>2008</Year><Quarter>2</Quarter><TestComment></TestComment><FlowToLoadCheckData><TestBasisCode></TestBasisCode><BiasAdjustedIndicator>0</BiasAdjustedIndicator><AvgAbsolutePercentDiff></AvgAbsolutePercentDiff><NumberOfHours></NumberOfHours><NumberOfHoursExcludedForFuel></NumberOfHoursExcludedForFuel><NumberOfHoursExcludedRamping></NumberOfHoursExcludedRamping><NumberOfHoursExcludedBypass></NumberOfHoursExcludedBypass><NumberOfHoursExcludedPreRATA></NumberOfHoursExcludedPreRATA><NumberOfHoursExcludedTest></NumberOfHoursExcludedTest><NumberOfHoursExcMainBypass></NumberOfHoursExcMainBypass><OperatingLevelCode>H</OperatingLevelCode></FlowToLoadCheckData></TestSummaryData><TestSummaryData><StackPipeID>CS0001</StackPipeID><TestTypeCode>F2LREF</TestTypeCode><MonitoringSystemID>130</MonitoringSystemID><ComponentID></ComponentID><SpanScaleCode></SpanScaleCode><TestNumber>EPA-130-6006</TestNumber><TestReasonCode></TestReasonCode><TestDescription></TestDescription><TestResultCode></TestResultCode><BeginDate></BeginDate><BeginHour></BeginHour><BeginMinute></BeginMinute><EndDate>2008-04-29</EndDate><EndHour>15</EndHour><EndMinute>20</EndMinute><GracePeriodIndicator></GracePeriodIndicator><Year/><Quarter/><TestComment></TestComment><FlowToLoadReferenceData><RATATestNumber>EPA-130-2007</RATATestNumber><OperatingLevelCode>H</OperatingLevelCode><AverageGrossUnitLoad>353</AverageGrossUnitLoad><AverageReferenceMethodFlow>10290333</AverageReferenceMethodFlow><ReferenceFlowLoadRatio>.29</ReferenceFlowLoadRatio><AverageHourlyHeatInputRate></AverageHourlyHeatInputRate><ReferenceGrossHeatRate></ReferenceGrossHeatRate><CalcSeparateReferenceIndicator>0</CalcSeparateReferenceIndicator></FlowToLoadReferenceData></TestSummaryData><TestSummaryData><StackPipeID>CS0001</StackPipeID><TestTypeCode>RATA</TestTypeCode><MonitoringSystemID>120</MonitoringSystemID><ComponentID></ComponentID><SpanScaleCode></SpanScaleCode><TestNumber>1</TestNumber><TestReasonCode>QA</TestReasonCode><TestDescription></TestDescription><TestResultCode>PASSED</TestResultCode><BeginDate>2008-04-28</BeginDate><BeginHour>7</BeginHour><BeginMinute>45</BeginMinute><EndDate>2008-04-28</EndDate><EndHour>13</EndHour><EndMinute>35</EndMinute><GracePeriodIndicator>0</GracePeriodIndicator><Year/><Quarter/><TestComment></TestComment><RATAData><NumberOfLoadLevels>1</NumberOfLoadLevels><RelativeAccuracy>.81</RelativeAccuracy><RATAFrequencyCode>4QTRS</RATAFrequencyCode><OverallBiasAdjustmentFactor>1</OverallBiasAdjustmentFactor><RATASummaryData><OperatingLevelCode>H</OperatingLevelCode><AverageGrossUnitLoad>351</AverageGrossUnitLoad><ReferenceMethodCode>3A</ReferenceMethodCode><MeanCEMValue>7.1</MeanCEMValue><MeanRATAReferenceValue>7.089</MeanRATAReferenceValue><MeanDifference>-.011</MeanDifference><StandardDeviationDifference>.06</StandardDeviationDifference><ConfidenceCoefficient>.046</ConfidenceCoefficient><TValue>2.306</TValue><APSIndicator>0</APSIndicator><RelativeAccuracy>.81</RelativeAccuracy><BiasAdjustmentFactor>1</BiasAdjustmentFactor><CO2OrO2ReferenceMethodCode></CO2OrO2ReferenceMethodCode><StackDiameter></StackDiameter><StackArea></StackArea><NumberOfTraversePoints></NumberOfTraversePoints><CalculatedWAF></CalculatedWAF><DefaultWAF></DefaultWAF><RATARunData><RunNumber>6</RunNumber><BeginDate>2008-04-28</BeginDate><BeginHour>11</BeginHour><BeginMinute>5</BeginMinute><EndDate>2008-04-28</EndDate><EndHour>11</EndHour><EndMinute>35</EndMinute><CEMValue>7</CEMValue><RATAReferenceValue>7</RATAReferenceValue><GrossUnitLoad>350</GrossUnitLoad><RunStatusCode>RUNUSED</RunStatusCode></RATARunData><RATARunData><RunNumber>1</RunNumber><BeginDate>2008-04-28</BeginDate><BeginHour>7</BeginHour><BeginMinute>45</BeginMinute><EndDate>2008-04-28</EndDate><EndHour>8</EndHour><EndMinute>15</EndMinute><CEMValue>7.2</CEMValue><RATAReferenceValue>7.1</RATAReferenceValue><GrossUnitLoad>353</GrossUnitLoad><RunStatusCode>RUNUSED</RunStatusCode></RATARunData><RATARunData><RunNumber>9</RunNumber><BeginDate>2008-04-28</BeginDate><BeginHour>13</BeginHour><BeginMinute>5</BeginMinute><EndDate>2008-04-28</EndDate><EndHour>13</EndHour><EndMinute>35</EndMinute><CEMValue>7.1</CEMValue><RATAReferenceValue>7.1</RATAReferenceValue><GrossUnitLoad>352</GrossUnitLoad><RunStatusCode>RUNUSED</RunStatusCode></RATARunData><RATARunData><RunNumber>4</RunNumber><BeginDate>2008-04-28</BeginDate><BeginHour>9</BeginHour><BeginMinute>45</BeginMinute><EndDate>2008-04-28</EndDate><EndHour>10</EndHour><EndMinute>15</EndMinute><CEMValue>7.1</CEMValue><RATAReferenceValue>7.1</RATAReferenceValue><GrossUnitLoad>350</GrossUnitLoad><RunStatusCode>RUNUSED</RunStatusCode></RATARunData><RATARunData><RunNumber>8</RunNumber><BeginDate>2008-04-28</BeginDate><BeginHour>12</BeginHour><BeginMinute>25</BeginMinute><EndDate>2008-04-28</EndDate><EndHour>12</EndHour><EndMinute>55</EndMinute><CEMValue>7.1</CEMValue><RATAReferenceValue>7.1</RATAReferenceValue><GrossUnitLoad>350</GrossUnitLoad><RunStatusCode>RUNUSED</RunStatusCode></RATARunData><RATARunData><RunNumber>3</RunNumber><BeginDate>2008-04-28</BeginDate><BeginHour>9</BeginHour><BeginMinute>5</BeginMinute><EndDate>2008-04-28</EndDate><EndHour>9</EndHour><EndMinute>35</EndMinute><CEMValue>7.1</CEMValue><RATAReferenceValue>7.2</RATAReferenceValue><GrossUnitLoad>349</GrossUnitLoad><RunStatusCode>RUNUSED</RunStatusCode></RATARunData><RATARunData><RunNumber>2</RunNumber><BeginDate>2008-04-28</BeginDate><BeginHour>8</BeginHour><BeginMinute>25</BeginMinute><EndDate>2008-04-28</EndDate><EndHour>8</EndHour><EndMinute>55</EndMinute><CEMValue>7.2</CEMValue><RATAReferenceValue>7.2</RATAReferenceValue><GrossUnitLoad>355</GrossUnitLoad><RunStatusCode>RUNUSED</RunStatusCode></RATARunData><RATARunData><RunNumber>5</RunNumber><BeginDate>2008-04-28</BeginDate><BeginHour>10</BeginHour><BeginMinute>25</BeginMinute><EndDate>2008-04-28</EndDate><EndHour>10</EndHour><EndMinute>55</EndMinute><CEMValue>7.1</CEMValue><RATAReferenceValue>7</RATAReferenceValue><GrossUnitLoad>350</GrossUnitLoad><RunStatusCode>RUNUSED</RunStatusCode></RATARunData><RATARunData><RunNumber>7</RunNumber><BeginDate>2008-04-28</BeginDate><BeginHour>11</BeginHour><BeginMinute>45</BeginMinute><EndDate>2008-04-28</EndDate><EndHour>12</EndHour><EndMinute>15</EndMinute><CEMValue>7</CEMValue><RATAReferenceValue>7</RATAReferenceValue><GrossUnitLoad>350</GrossUnitLoad><RunStatusCode>RUNUSED</RunStatusCode></RATARunData></RATASummaryData></RATAData></TestSummaryData></QualityAssuranceAndCert>