<?xml version="1.0" encoding="utf-8"?><QualityAssuranceAndCert xsi:noNamespaceSchemaLocation="http://ecmps.pqa.com/xsd/QualityAssuranceAndCert_v1_0.xsd" xmlns:xsi="http://www.w3.org/2001/XMLSchema-instance"><ORISCode>2517</ORISCode><Version>1.0</Version><TestSummaryData><UnitID>4</UnitID><TestTypeCode>PEI</TestTypeCode><MonitoringSystemID></MonitoringSystemID><ComponentID>GF2</ComponentID><SpanScaleCode></SpanScaleCode><TestNumber>GF2-00001</TestNumber><TestReasonCode>QA</TestReasonCode><TestDescription></TestDescription><TestResultCode>PASSED</TestResultCode><BeginDate></BeginDate><BeginHour></BeginHour><BeginMinute></BeginMinute><EndDate>2008-04-01</EndDate><EndHour>16</EndHour><EndMinute>0</EndMinute><GracePeriodIndicator></GracePeriodIndicator><Year/><Quarter/><TestComment></TestComment></TestSummaryData><TestSummaryData><UnitID>4</UnitID><TestTypeCode>LINE</TestTypeCode><MonitoringSystemID></MonitoringSystemID><ComponentID>A42</ComponentID><SpanScaleCode>H</SpanScaleCode><TestNumber>EPA-A42-1024</TestNumber><TestReasonCode>QA</TestReasonCode><TestDescription></TestDescription><TestResultCode>PASSED</TestResultCode><BeginDate>2008-06-13</BeginDate><BeginHour>8</BeginHour><BeginMinute>24</BeginMinute><EndDate>2008-06-13</EndDate><EndHour>9</EndHour><EndMinute>39</EndMinute><GracePeriodIndicator>0</GracePeriodIndicator><Year/><Quarter/><TestComment></TestComment><LinearitySummaryData><GasLevelCode>LOW</GasLevelCode><MeanMeasuredValue>5.244</MeanMeasuredValue><MeanReferenceValue>5.007</MeanReferenceValue><PercentError>4.7</PercentError><APSIndicator>0</APSIndicator><LinearityInjectionData><InjectionDate>2008-06-13</InjectionDate><InjectionHour>8</InjectionHour><InjectionMinute>24</InjectionMinute><MeasuredValue>5.27</MeasuredValue><ReferenceValue>5.007</ReferenceValue></LinearityInjectionData><LinearityInjectionData><InjectionDate>2008-06-13</InjectionDate><InjectionHour>9</InjectionHour><InjectionMinute>6</InjectionMinute><MeasuredValue>5.225</MeasuredValue><ReferenceValue>5.007</ReferenceValue></LinearityInjectionData><LinearityInjectionData><InjectionDate>2008-06-13</InjectionDate><InjectionHour>9</InjectionHour><InjectionMinute>28</InjectionMinute><MeasuredValue>5.238</MeasuredValue><ReferenceValue>5.007</ReferenceValue></LinearityInjectionData></LinearitySummaryData><LinearitySummaryData><GasLevelCode>MID</GasLevelCode><MeanMeasuredValue>11.09</MeanMeasuredValue><MeanReferenceValue>11</MeanReferenceValue><PercentError>.8</PercentError><APSIndicator>0</APSIndicator><LinearityInjectionData><InjectionDate>2008-06-13</InjectionDate><InjectionHour>8</InjectionHour><InjectionMinute>30</InjectionMinute><MeasuredValue>11.14</MeasuredValue><ReferenceValue>11</ReferenceValue></LinearityInjectionData><LinearityInjectionData><InjectionDate>2008-06-13</InjectionDate><InjectionHour>9</InjectionHour><InjectionMinute>11</InjectionMinute><MeasuredValue>11.038</MeasuredValue><ReferenceValue>11</ReferenceValue></LinearityInjectionData><LinearityInjectionData><InjectionDate>2008-06-13</InjectionDate><InjectionHour>9</InjectionHour><InjectionMinute>34</InjectionMinute><MeasuredValue>11.093</MeasuredValue><ReferenceValue>11</ReferenceValue></LinearityInjectionData></LinearitySummaryData><LinearitySummaryData><GasLevelCode>HIGH</GasLevelCode><MeanMeasuredValue>17.521</MeanMeasuredValue><MeanReferenceValue>17.9</MeanReferenceValue><PercentError>2.1</PercentError><APSIndicator>0</APSIndicator><LinearityInjectionData><InjectionDate>2008-06-13</InjectionDate><InjectionHour>8</InjectionHour><InjectionMinute>35</InjectionMinute><MeasuredValue>17.562</MeasuredValue><ReferenceValue>17.9</ReferenceValue></LinearityInjectionData><LinearityInjectionData><InjectionDate>2008-06-13</InjectionDate><InjectionHour>9</InjectionHour><InjectionMinute>17</InjectionMinute><MeasuredValue>17.465</MeasuredValue><ReferenceValue>17.9</ReferenceValue></LinearityInjectionData><LinearityInjectionData><InjectionDate>2008-06-13</InjectionDate><InjectionHour>9</InjectionHour><InjectionMinute>39</InjectionMinute><MeasuredValue>17.535</MeasuredValue><ReferenceValue>17.9</ReferenceValue></LinearityInjectionData></LinearitySummaryData></TestSummaryData><TestSummaryData><UnitID>4</UnitID><TestTypeCode>LINE</TestTypeCode><MonitoringSystemID></MonitoringSystemID><ComponentID>A41</ComponentID><SpanScaleCode>H</SpanScaleCode><TestNumber>EPA-A41-1024</TestNumber><TestReasonCode>QA</TestReasonCode><TestDescription></TestDescription><TestResultCode>PASSED</TestResultCode><BeginDate>2008-06-13</BeginDate><BeginHour>8</BeginHour><BeginMinute>24</BeginMinute><EndDate>2008-06-13</EndDate><EndHour>9</EndHour><EndMinute>39</EndMinute><GracePeriodIndicator>0</GracePeriodIndicator><Year/><Quarter/><TestComment></TestComment><LinearitySummaryData><GasLevelCode>LOW</GasLevelCode><MeanMeasuredValue>48.994</MeanMeasuredValue><MeanReferenceValue>49</MeanReferenceValue><PercentError>0</PercentError><APSIndicator>0</APSIndicator><LinearityInjectionData><InjectionDate>2008-06-13</InjectionDate><InjectionHour>8</InjectionHour><InjectionMinute>24</InjectionMinute><MeasuredValue>49.067</MeasuredValue><ReferenceValue>49</ReferenceValue></LinearityInjectionData><LinearityInjectionData><InjectionDate>2008-06-13</InjectionDate><InjectionHour>9</InjectionHour><InjectionMinute>6</InjectionMinute><MeasuredValue>48.9</MeasuredValue><ReferenceValue>49</ReferenceValue></LinearityInjectionData><LinearityInjectionData><InjectionDate>2008-06-13</InjectionDate><InjectionHour>9</InjectionHour><InjectionMinute>28</InjectionMinute><MeasuredValue>49.017</MeasuredValue><ReferenceValue>49</ReferenceValue></LinearityInjectionData></LinearitySummaryData><LinearitySummaryData><GasLevelCode>MID</GasLevelCode><MeanMeasuredValue>111.101</MeanMeasuredValue><MeanReferenceValue>110.1</MeanReferenceValue><PercentError>.9</PercentError><APSIndicator>0</APSIndicator><LinearityInjectionData><InjectionDate>2008-06-13</InjectionDate><InjectionHour>8</InjectionHour><InjectionMinute>30</InjectionMinute><MeasuredValue>110.967</MeasuredValue><ReferenceValue>110.1</ReferenceValue></LinearityInjectionData><LinearityInjectionData><InjectionDate>2008-06-13</InjectionDate><InjectionHour>9</InjectionHour><InjectionMinute>11</InjectionMinute><MeasuredValue>111.02</MeasuredValue><ReferenceValue>110.1</ReferenceValue></LinearityInjectionData><LinearityInjectionData><InjectionDate>2008-06-13</InjectionDate><InjectionHour>9</InjectionHour><InjectionMinute>34</InjectionMinute><MeasuredValue>111.317</MeasuredValue><ReferenceValue>110.1</ReferenceValue></LinearityInjectionData></LinearitySummaryData><LinearitySummaryData><GasLevelCode>HIGH</GasLevelCode><MeanMeasuredValue>176.411</MeanMeasuredValue><MeanReferenceValue>181</MeanReferenceValue><PercentError>2.5</PercentError><APSIndicator>0</APSIndicator><LinearityInjectionData><InjectionDate>2008-06-13</InjectionDate><InjectionHour>8</InjectionHour><InjectionMinute>35</InjectionMinute><MeasuredValue>175.867</MeasuredValue><ReferenceValue>181</ReferenceValue></LinearityInjectionData><LinearityInjectionData><InjectionDate>2008-06-13</InjectionDate><InjectionHour>9</InjectionHour><InjectionMinute>17</InjectionMinute><MeasuredValue>176.683</MeasuredValue><ReferenceValue>181</ReferenceValue></LinearityInjectionData><LinearityInjectionData><InjectionDate>2008-06-13</InjectionDate><InjectionHour>9</InjectionHour><InjectionMinute>39</InjectionMinute><MeasuredValue>176.683</MeasuredValue><ReferenceValue>181</ReferenceValue></LinearityInjectionData></LinearitySummaryData></TestSummaryData><TestSummaryData><UnitID>4</UnitID><TestTypeCode>LINE</TestTypeCode><MonitoringSystemID></MonitoringSystemID><ComponentID>B42</ComponentID><SpanScaleCode>H</SpanScaleCode><TestNumber>EPA-B42-1030</TestNumber><TestReasonCode>QA</TestReasonCode><TestDescription></TestDescription><TestResultCode>PASSED</TestResultCode><BeginDate>2008-06-13</BeginDate><BeginHour>8</BeginHour><BeginMinute>24</BeginMinute><EndDate>2008-06-13</EndDate><EndHour>9</EndHour><EndMinute>39</EndMinute><GracePeriodIndicator>0</GracePeriodIndicator><Year/><Quarter/><TestComment></TestComment><LinearitySummaryData><GasLevelCode>LOW</GasLevelCode><MeanMeasuredValue>5.026</MeanMeasuredValue><MeanReferenceValue>5.007</MeanReferenceValue><PercentError>.4</PercentError><APSIndicator>0</APSIndicator><LinearityInjectionData><InjectionDate>2008-06-13</InjectionDate><InjectionHour>8</InjectionHour><InjectionMinute>24</InjectionMinute><MeasuredValue>5.032</MeasuredValue><ReferenceValue>5.007</ReferenceValue></LinearityInjectionData><LinearityInjectionData><InjectionDate>2008-06-13</InjectionDate><InjectionHour>9</InjectionHour><InjectionMinute>6</InjectionMinute><MeasuredValue>5.02</MeasuredValue><ReferenceValue>5.007</ReferenceValue></LinearityInjectionData><LinearityInjectionData><InjectionDate>2008-06-13</InjectionDate><InjectionHour>9</InjectionHour><InjectionMinute>28</InjectionMinute><MeasuredValue>5.027</MeasuredValue><ReferenceValue>5.007</ReferenceValue></LinearityInjectionData></LinearitySummaryData><LinearitySummaryData><GasLevelCode>MID</GasLevelCode><MeanMeasuredValue>11.066</MeanMeasuredValue><MeanReferenceValue>11</MeanReferenceValue><PercentError>.6</PercentError><APSIndicator>0</APSIndicator><LinearityInjectionData><InjectionDate>2008-06-13</InjectionDate><InjectionHour>8</InjectionHour><InjectionMinute>30</InjectionMinute><MeasuredValue>11.073</MeasuredValue><ReferenceValue>11</ReferenceValue></LinearityInjectionData><LinearityInjectionData><InjectionDate>2008-06-13</InjectionDate><InjectionHour>9</InjectionHour><InjectionMinute>11</InjectionMinute><MeasuredValue>11.072</MeasuredValue><ReferenceValue>11</ReferenceValue></LinearityInjectionData><LinearityInjectionData><InjectionDate>2008-06-13</InjectionDate><InjectionHour>9</InjectionHour><InjectionMinute>34</InjectionMinute><MeasuredValue>11.053</MeasuredValue><ReferenceValue>11</ReferenceValue></LinearityInjectionData></LinearitySummaryData><LinearitySummaryData><GasLevelCode>HIGH</GasLevelCode><MeanMeasuredValue>18.075</MeanMeasuredValue><MeanReferenceValue>17.9</MeanReferenceValue><PercentError>1</PercentError><APSIndicator>0</APSIndicator><LinearityInjectionData><InjectionDate>2008-06-13</InjectionDate><InjectionHour>8</InjectionHour><InjectionMinute>35</InjectionMinute><MeasuredValue>18.067</MeasuredValue><ReferenceValue>17.9</ReferenceValue></LinearityInjectionData><LinearityInjectionData><InjectionDate>2008-06-13</InjectionDate><InjectionHour>9</InjectionHour><InjectionMinute>17</InjectionMinute><MeasuredValue>18.078</MeasuredValue><ReferenceValue>17.9</ReferenceValue></LinearityInjectionData><LinearityInjectionData><InjectionDate>2008-06-13</InjectionDate><InjectionHour>9</InjectionHour><InjectionMinute>39</InjectionMinute><MeasuredValue>18.08</MeasuredValue><ReferenceValue>17.9</ReferenceValue></LinearityInjectionData></LinearitySummaryData></TestSummaryData><TestSummaryData><UnitID>4</UnitID><TestTypeCode>LINE</TestTypeCode><MonitoringSystemID></MonitoringSystemID><ComponentID>B41</ComponentID><SpanScaleCode>H</SpanScaleCode><TestNumber>EPA-B41-1030</TestNumber><TestReasonCode>QA</TestReasonCode><TestDescription></TestDescription><TestResultCode>PASSED</TestResultCode><BeginDate>2008-06-13</BeginDate><BeginHour>8</BeginHour><BeginMinute>24</BeginMinute><EndDate>2008-06-13</EndDate><EndHour>9</EndHour><EndMinute>39</EndMinute><GracePeriodIndicator>0</GracePeriodIndicator><Year/><Quarter/><TestComment></TestComment><LinearitySummaryData><GasLevelCode>LOW</GasLevelCode><MeanMeasuredValue>49.378</MeanMeasuredValue><MeanReferenceValue>49</MeanReferenceValue><PercentError>.8</PercentError><APSIndicator>0</APSIndicator><LinearityInjectionData><InjectionDate>2008-06-13</InjectionDate><InjectionHour>8</InjectionHour><InjectionMinute>24</InjectionMinute><MeasuredValue>49.333</MeasuredValue><ReferenceValue>49</ReferenceValue></LinearityInjectionData><LinearityInjectionData><InjectionDate>2008-06-13</InjectionDate><InjectionHour>9</InjectionHour><InjectionMinute>6</InjectionMinute><MeasuredValue>49.567</MeasuredValue><ReferenceValue>49</ReferenceValue></LinearityInjectionData><LinearityInjectionData><InjectionDate>2008-06-13</InjectionDate><InjectionHour>9</InjectionHour><InjectionMinute>28</InjectionMinute><MeasuredValue>49.233</MeasuredValue><ReferenceValue>49</ReferenceValue></LinearityInjectionData></LinearitySummaryData><LinearitySummaryData><GasLevelCode>MID</GasLevelCode><MeanMeasuredValue>112.336</MeanMeasuredValue><MeanReferenceValue>110.1</MeanReferenceValue><PercentError>2</PercentError><APSIndicator>0</APSIndicator><LinearityInjectionData><InjectionDate>2008-06-13</InjectionDate><InjectionHour>8</InjectionHour><InjectionMinute>30</InjectionMinute><MeasuredValue>112.083</MeasuredValue><ReferenceValue>110.1</ReferenceValue></LinearityInjectionData><LinearityInjectionData><InjectionDate>2008-06-13</InjectionDate><InjectionHour>9</InjectionHour><InjectionMinute>11</InjectionMinute><MeasuredValue>112.54</MeasuredValue><ReferenceValue>110.1</ReferenceValue></LinearityInjectionData><LinearityInjectionData><InjectionDate>2008-06-13</InjectionDate><InjectionHour>9</InjectionHour><InjectionMinute>34</InjectionMinute><MeasuredValue>112.383</MeasuredValue><ReferenceValue>110.1</ReferenceValue></LinearityInjectionData></LinearitySummaryData><LinearitySummaryData><GasLevelCode>HIGH</GasLevelCode><MeanMeasuredValue>176.967</MeanMeasuredValue><MeanReferenceValue>181</MeanReferenceValue><PercentError>2.2</PercentError><APSIndicator>0</APSIndicator><LinearityInjectionData><InjectionDate>2008-06-13</InjectionDate><InjectionHour>8</InjectionHour><InjectionMinute>35</InjectionMinute><MeasuredValue>176.75</MeasuredValue><ReferenceValue>181</ReferenceValue></LinearityInjectionData><LinearityInjectionData><InjectionDate>2008-06-13</InjectionDate><InjectionHour>9</InjectionHour><InjectionMinute>17</InjectionMinute><MeasuredValue>177.133</MeasuredValue><ReferenceValue>181</ReferenceValue></LinearityInjectionData><LinearityInjectionData><InjectionDate>2008-06-13</InjectionDate><InjectionHour>9</InjectionHour><InjectionMinute>39</InjectionMinute><MeasuredValue>177.017</MeasuredValue><ReferenceValue>181</ReferenceValue></LinearityInjectionData></LinearitySummaryData></TestSummaryData></QualityAssuranceAndCert>