<?xml version="1.0" encoding="utf-8"?><QualityAssuranceAndCert xsi:noNamespaceSchemaLocation="http://ecmps.pqa.com/xsd/QualityAssuranceAndCert_v1_0.xsd" xmlns:xsi="http://www.w3.org/2001/XMLSchema-instance"><ORISCode>2517</ORISCode><Version>1.0</Version><TestSummaryData><UnitID>3</UnitID><TestTypeCode>PEI</TestTypeCode><MonitoringSystemID></MonitoringSystemID><ComponentID>GF1</ComponentID><SpanScaleCode></SpanScaleCode><TestNumber>GF1-00001</TestNumber><TestReasonCode>QA</TestReasonCode><TestDescription></TestDescription><TestResultCode>PASSED</TestResultCode><BeginDate></BeginDate><BeginHour></BeginHour><BeginMinute></BeginMinute><EndDate>2008-04-01</EndDate><EndHour>16</EndHour><EndMinute>0</EndMinute><GracePeriodIndicator></GracePeriodIndicator><Year/><Quarter/><TestComment></TestComment></TestSummaryData><TestSummaryData><UnitID>3</UnitID><TestTypeCode>LINE</TestTypeCode><MonitoringSystemID></MonitoringSystemID><ComponentID>B32</ComponentID><SpanScaleCode>H</SpanScaleCode><TestNumber>EPA-B32-1024</TestNumber><TestReasonCode>QA</TestReasonCode><TestDescription></TestDescription><TestResultCode>PASSED</TestResultCode><BeginDate>2008-06-13</BeginDate><BeginHour>12</BeginHour><BeginMinute>11</BeginMinute><EndDate>2008-06-13</EndDate><EndHour>13</EndHour><EndMinute>6</EndMinute><GracePeriodIndicator>0</GracePeriodIndicator><Year/><Quarter/><TestComment></TestComment><LinearitySummaryData><GasLevelCode>LOW</GasLevelCode><MeanMeasuredValue>5.146</MeanMeasuredValue><MeanReferenceValue>5.007</MeanReferenceValue><PercentError>2.8</PercentError><APSIndicator>0</APSIndicator><LinearityInjectionData><InjectionDate>2008-06-13</InjectionDate><InjectionHour>12</InjectionHour><InjectionMinute>11</InjectionMinute><MeasuredValue>5.182</MeasuredValue><ReferenceValue>5.007</ReferenceValue></LinearityInjectionData><LinearityInjectionData><InjectionDate>2008-06-13</InjectionDate><InjectionHour>12</InjectionHour><InjectionMinute>33</InjectionMinute><MeasuredValue>5.166</MeasuredValue><ReferenceValue>5.007</ReferenceValue></LinearityInjectionData><LinearityInjectionData><InjectionDate>2008-06-13</InjectionDate><InjectionHour>12</InjectionHour><InjectionMinute>55</InjectionMinute><MeasuredValue>5.091</MeasuredValue><ReferenceValue>5.007</ReferenceValue></LinearityInjectionData></LinearitySummaryData><LinearitySummaryData><GasLevelCode>MID</GasLevelCode><MeanMeasuredValue>10.922</MeanMeasuredValue><MeanReferenceValue>11</MeanReferenceValue><PercentError>.7</PercentError><APSIndicator>0</APSIndicator><LinearityInjectionData><InjectionDate>2008-06-13</InjectionDate><InjectionHour>12</InjectionHour><InjectionMinute>17</InjectionMinute><MeasuredValue>10.928</MeasuredValue><ReferenceValue>11</ReferenceValue></LinearityInjectionData><LinearityInjectionData><InjectionDate>2008-06-13</InjectionDate><InjectionHour>12</InjectionHour><InjectionMinute>38</InjectionMinute><MeasuredValue>10.952</MeasuredValue><ReferenceValue>11</ReferenceValue></LinearityInjectionData><LinearityInjectionData><InjectionDate>2008-06-13</InjectionDate><InjectionHour>13</InjectionHour><InjectionMinute>1</InjectionMinute><MeasuredValue>10.886</MeasuredValue><ReferenceValue>11</ReferenceValue></LinearityInjectionData></LinearitySummaryData><LinearitySummaryData><GasLevelCode>HIGH</GasLevelCode><MeanMeasuredValue>17.344</MeanMeasuredValue><MeanReferenceValue>17.9</MeanReferenceValue><PercentError>3.1</PercentError><APSIndicator>0</APSIndicator><LinearityInjectionData><InjectionDate>2008-06-13</InjectionDate><InjectionHour>12</InjectionHour><InjectionMinute>22</InjectionMinute><MeasuredValue>17.395</MeasuredValue><ReferenceValue>17.9</ReferenceValue></LinearityInjectionData><LinearityInjectionData><InjectionDate>2008-06-13</InjectionDate><InjectionHour>12</InjectionHour><InjectionMinute>44</InjectionMinute><MeasuredValue>17.361</MeasuredValue><ReferenceValue>17.9</ReferenceValue></LinearityInjectionData><LinearityInjectionData><InjectionDate>2008-06-13</InjectionDate><InjectionHour>13</InjectionHour><InjectionMinute>6</InjectionMinute><MeasuredValue>17.275</MeasuredValue><ReferenceValue>17.9</ReferenceValue></LinearityInjectionData></LinearitySummaryData></TestSummaryData><TestSummaryData><UnitID>3</UnitID><TestTypeCode>LINE</TestTypeCode><MonitoringSystemID></MonitoringSystemID><ComponentID>A32</ComponentID><SpanScaleCode>H</SpanScaleCode><TestNumber>EPA-A32-1025</TestNumber><TestReasonCode>QA</TestReasonCode><TestDescription></TestDescription><TestResultCode>PASSED</TestResultCode><BeginDate>2008-06-13</BeginDate><BeginHour>12</BeginHour><BeginMinute>11</BeginMinute><EndDate>2008-06-13</EndDate><EndHour>13</EndHour><EndMinute>6</EndMinute><GracePeriodIndicator>0</GracePeriodIndicator><Year/><Quarter/><TestComment></TestComment><LinearitySummaryData><GasLevelCode>LOW</GasLevelCode><MeanMeasuredValue>4.922</MeanMeasuredValue><MeanReferenceValue>5.007</MeanReferenceValue><PercentError>1.7</PercentError><APSIndicator>0</APSIndicator><LinearityInjectionData><InjectionDate>2008-06-13</InjectionDate><InjectionHour>12</InjectionHour><InjectionMinute>11</InjectionMinute><MeasuredValue>4.928</MeasuredValue><ReferenceValue>5.007</ReferenceValue></LinearityInjectionData><LinearityInjectionData><InjectionDate>2008-06-13</InjectionDate><InjectionHour>12</InjectionHour><InjectionMinute>33</InjectionMinute><MeasuredValue>4.916</MeasuredValue><ReferenceValue>5.007</ReferenceValue></LinearityInjectionData><LinearityInjectionData><InjectionDate>2008-06-13</InjectionDate><InjectionHour>12</InjectionHour><InjectionMinute>55</InjectionMinute><MeasuredValue>4.921</MeasuredValue><ReferenceValue>5.007</ReferenceValue></LinearityInjectionData></LinearitySummaryData><LinearitySummaryData><GasLevelCode>MID</GasLevelCode><MeanMeasuredValue>10.968</MeanMeasuredValue><MeanReferenceValue>11</MeanReferenceValue><PercentError>.3</PercentError><APSIndicator>0</APSIndicator><LinearityInjectionData><InjectionDate>2008-06-13</InjectionDate><InjectionHour>12</InjectionHour><InjectionMinute>17</InjectionMinute><MeasuredValue>10.982</MeasuredValue><ReferenceValue>11</ReferenceValue></LinearityInjectionData><LinearityInjectionData><InjectionDate>2008-06-13</InjectionDate><InjectionHour>12</InjectionHour><InjectionMinute>38</InjectionMinute><MeasuredValue>10.968</MeasuredValue><ReferenceValue>11</ReferenceValue></LinearityInjectionData><LinearityInjectionData><InjectionDate>2008-06-13</InjectionDate><InjectionHour>13</InjectionHour><InjectionMinute>1</InjectionMinute><MeasuredValue>10.954</MeasuredValue><ReferenceValue>11</ReferenceValue></LinearityInjectionData></LinearitySummaryData><LinearitySummaryData><GasLevelCode>HIGH</GasLevelCode><MeanMeasuredValue>17.985</MeanMeasuredValue><MeanReferenceValue>17.9</MeanReferenceValue><PercentError>.5</PercentError><APSIndicator>0</APSIndicator><LinearityInjectionData><InjectionDate>2008-06-13</InjectionDate><InjectionHour>12</InjectionHour><InjectionMinute>22</InjectionMinute><MeasuredValue>18.015</MeasuredValue><ReferenceValue>17.9</ReferenceValue></LinearityInjectionData><LinearityInjectionData><InjectionDate>2008-06-13</InjectionDate><InjectionHour>12</InjectionHour><InjectionMinute>44</InjectionMinute><MeasuredValue>17.969</MeasuredValue><ReferenceValue>17.9</ReferenceValue></LinearityInjectionData><LinearityInjectionData><InjectionDate>2008-06-13</InjectionDate><InjectionHour>13</InjectionHour><InjectionMinute>6</InjectionMinute><MeasuredValue>17.972</MeasuredValue><ReferenceValue>17.9</ReferenceValue></LinearityInjectionData></LinearitySummaryData></TestSummaryData><TestSummaryData><UnitID>3</UnitID><TestTypeCode>LINE</TestTypeCode><MonitoringSystemID></MonitoringSystemID><ComponentID>A31</ComponentID><SpanScaleCode>H</SpanScaleCode><TestNumber>EPA-A31-1025</TestNumber><TestReasonCode>QA</TestReasonCode><TestDescription></TestDescription><TestResultCode>PASSED</TestResultCode><BeginDate>2008-06-13</BeginDate><BeginHour>12</BeginHour><BeginMinute>11</BeginMinute><EndDate>2008-06-13</EndDate><EndHour>13</EndHour><EndMinute>6</EndMinute><GracePeriodIndicator>0</GracePeriodIndicator><Year/><Quarter/><TestComment></TestComment><LinearitySummaryData><GasLevelCode>LOW</GasLevelCode><MeanMeasuredValue>48.801</MeanMeasuredValue><MeanReferenceValue>49</MeanReferenceValue><PercentError>.4</PercentError><APSIndicator>0</APSIndicator><LinearityInjectionData><InjectionDate>2008-06-13</InjectionDate><InjectionHour>12</InjectionHour><InjectionMinute>11</InjectionMinute><MeasuredValue>48.817</MeasuredValue><ReferenceValue>49</ReferenceValue></LinearityInjectionData><LinearityInjectionData><InjectionDate>2008-06-13</InjectionDate><InjectionHour>12</InjectionHour><InjectionMinute>33</InjectionMinute><MeasuredValue>48.786</MeasuredValue><ReferenceValue>49</ReferenceValue></LinearityInjectionData><LinearityInjectionData><InjectionDate>2008-06-13</InjectionDate><InjectionHour>12</InjectionHour><InjectionMinute>55</InjectionMinute><MeasuredValue>48.8</MeasuredValue><ReferenceValue>49</ReferenceValue></LinearityInjectionData></LinearitySummaryData><LinearitySummaryData><GasLevelCode>MID</GasLevelCode><MeanMeasuredValue>111.17</MeanMeasuredValue><MeanReferenceValue>110.1</MeanReferenceValue><PercentError>1</PercentError><APSIndicator>0</APSIndicator><LinearityInjectionData><InjectionDate>2008-06-13</InjectionDate><InjectionHour>12</InjectionHour><InjectionMinute>17</InjectionMinute><MeasuredValue>111.1</MeasuredValue><ReferenceValue>110.1</ReferenceValue></LinearityInjectionData><LinearityInjectionData><InjectionDate>2008-06-13</InjectionDate><InjectionHour>12</InjectionHour><InjectionMinute>38</InjectionMinute><MeasuredValue>111.35</MeasuredValue><ReferenceValue>110.1</ReferenceValue></LinearityInjectionData><LinearityInjectionData><InjectionDate>2008-06-13</InjectionDate><InjectionHour>13</InjectionHour><InjectionMinute>1</InjectionMinute><MeasuredValue>111.06</MeasuredValue><ReferenceValue>110.1</ReferenceValue></LinearityInjectionData></LinearitySummaryData><LinearitySummaryData><GasLevelCode>HIGH</GasLevelCode><MeanMeasuredValue>175.837</MeanMeasuredValue><MeanReferenceValue>181</MeanReferenceValue><PercentError>2.9</PercentError><APSIndicator>0</APSIndicator><LinearityInjectionData><InjectionDate>2008-06-13</InjectionDate><InjectionHour>12</InjectionHour><InjectionMinute>22</InjectionMinute><MeasuredValue>176.383</MeasuredValue><ReferenceValue>181</ReferenceValue></LinearityInjectionData><LinearityInjectionData><InjectionDate>2008-06-13</InjectionDate><InjectionHour>12</InjectionHour><InjectionMinute>44</InjectionMinute><MeasuredValue>175.543</MeasuredValue><ReferenceValue>181</ReferenceValue></LinearityInjectionData><LinearityInjectionData><InjectionDate>2008-06-13</InjectionDate><InjectionHour>13</InjectionHour><InjectionMinute>6</InjectionMinute><MeasuredValue>175.583</MeasuredValue><ReferenceValue>181</ReferenceValue></LinearityInjectionData></LinearitySummaryData></TestSummaryData><TestSummaryData><UnitID>3</UnitID><TestTypeCode>LINE</TestTypeCode><MonitoringSystemID></MonitoringSystemID><ComponentID>B31</ComponentID><SpanScaleCode>H</SpanScaleCode><TestNumber>EPA-B31-1024</TestNumber><TestReasonCode>QA</TestReasonCode><TestDescription></TestDescription><TestResultCode>PASSED</TestResultCode><BeginDate>2008-06-13</BeginDate><BeginHour>12</BeginHour><BeginMinute>11</BeginMinute><EndDate>2008-06-13</EndDate><EndHour>13</EndHour><EndMinute>6</EndMinute><GracePeriodIndicator>0</GracePeriodIndicator><Year/><Quarter/><TestComment></TestComment><LinearitySummaryData><GasLevelCode>LOW</GasLevelCode><MeanMeasuredValue>48.198</MeanMeasuredValue><MeanReferenceValue>49</MeanReferenceValue><PercentError>1.6</PercentError><APSIndicator>0</APSIndicator><LinearityInjectionData><InjectionDate>2008-06-13</InjectionDate><InjectionHour>12</InjectionHour><InjectionMinute>11</InjectionMinute><MeasuredValue>48.667</MeasuredValue><ReferenceValue>49</ReferenceValue></LinearityInjectionData><LinearityInjectionData><InjectionDate>2008-06-13</InjectionDate><InjectionHour>12</InjectionHour><InjectionMinute>33</InjectionMinute><MeasuredValue>48.057</MeasuredValue><ReferenceValue>49</ReferenceValue></LinearityInjectionData><LinearityInjectionData><InjectionDate>2008-06-13</InjectionDate><InjectionHour>12</InjectionHour><InjectionMinute>55</InjectionMinute><MeasuredValue>47.871</MeasuredValue><ReferenceValue>49</ReferenceValue></LinearityInjectionData></LinearitySummaryData><LinearitySummaryData><GasLevelCode>MID</GasLevelCode><MeanMeasuredValue>109.982</MeanMeasuredValue><MeanReferenceValue>110.1</MeanReferenceValue><PercentError>.1</PercentError><APSIndicator>0</APSIndicator><LinearityInjectionData><InjectionDate>2008-06-13</InjectionDate><InjectionHour>12</InjectionHour><InjectionMinute>17</InjectionMinute><MeasuredValue>111.06</MeasuredValue><ReferenceValue>110.1</ReferenceValue></LinearityInjectionData><LinearityInjectionData><InjectionDate>2008-06-13</InjectionDate><InjectionHour>12</InjectionHour><InjectionMinute>38</InjectionMinute><MeasuredValue>109.467</MeasuredValue><ReferenceValue>110.1</ReferenceValue></LinearityInjectionData><LinearityInjectionData><InjectionDate>2008-06-13</InjectionDate><InjectionHour>13</InjectionHour><InjectionMinute>1</InjectionMinute><MeasuredValue>109.42</MeasuredValue><ReferenceValue>110.1</ReferenceValue></LinearityInjectionData></LinearitySummaryData><LinearitySummaryData><GasLevelCode>HIGH</GasLevelCode><MeanMeasuredValue>175.625</MeanMeasuredValue><MeanReferenceValue>181</MeanReferenceValue><PercentError>3</PercentError><APSIndicator>0</APSIndicator><LinearityInjectionData><InjectionDate>2008-06-13</InjectionDate><InjectionHour>12</InjectionHour><InjectionMinute>22</InjectionMinute><MeasuredValue>177.933</MeasuredValue><ReferenceValue>181</ReferenceValue></LinearityInjectionData><LinearityInjectionData><InjectionDate>2008-06-13</InjectionDate><InjectionHour>12</InjectionHour><InjectionMinute>44</InjectionMinute><MeasuredValue>174.443</MeasuredValue><ReferenceValue>181</ReferenceValue></LinearityInjectionData><LinearityInjectionData><InjectionDate>2008-06-13</InjectionDate><InjectionHour>13</InjectionHour><InjectionMinute>6</InjectionMinute><MeasuredValue>174.5</MeasuredValue><ReferenceValue>181</ReferenceValue></LinearityInjectionData></LinearitySummaryData></TestSummaryData></QualityAssuranceAndCert>