<?xml version="1.0" encoding="utf-8"?><QualityAssuranceAndCert xsi:noNamespaceSchemaLocation="http://ecmps.camdsupport.com/xsd/QualityAssuranceAndCert_v1_1.xsd" xmlns:xsi="http://www.w3.org/2001/XMLSchema-instance"><ORISCode>3612</ORISCode><Version>1.1</Version><TestSummaryData><UnitID>1</UnitID><TestTypeCode>FF2LTST</TestTypeCode><MonitoringSystemID>040</MonitoringSystemID><ComponentID></ComponentID><SpanScaleCode></SpanScaleCode><TestNumber>bg1-040-22008</TestNumber><TestReasonCode>QA</TestReasonCode><TestDescription></TestDescription><TestResultCode>PASSED</TestResultCode><BeginDate></BeginDate><BeginHour></BeginHour><BeginMinute></BeginMinute><EndDate></EndDate><EndHour></EndHour><EndMinute></EndMinute><GracePeriodIndicator></GracePeriodIndicator><Year>2008</Year><Quarter>2</Quarter><TestComment></TestComment><FuelFlowToLoadTestData><TestBasisCode>Q</TestBasisCode><AverageDifference>4.6</AverageDifference><NumberOfHoursUsed>225</NumberOfHoursUsed><NumberOfHoursExcludedCofiring></NumberOfHoursExcludedCofiring><NumberOfHoursExcludedRamping></NumberOfHoursExcludedRamping><NumberOfHoursExcludedLowRange>171</NumberOfHoursExcludedLowRange></FuelFlowToLoadTestData></TestSummaryData><TestSummaryData><UnitID>1</UnitID><TestTypeCode>FF2LBAS</TestTypeCode><MonitoringSystemID>040</MonitoringSystemID><ComponentID></ComponentID><SpanScaleCode></SpanScaleCode><TestNumber>bg1-040-2008060207</TestNumber><TestReasonCode></TestReasonCode><TestDescription></TestDescription><TestResultCode></TestResultCode><BeginDate>2008-06-02</BeginDate><BeginHour>7</BeginHour><BeginMinute></BeginMinute><EndDate>2008-06-30</EndDate><EndHour>15</EndHour><EndMinute></EndMinute><GracePeriodIndicator></GracePeriodIndicator><Year/><Quarter/><TestComment></TestComment><FuelFlowToLoadBaselineData><AccuracyTestNumber>3</AccuracyTestNumber><PEITestNumber></PEITestNumber><AverageFuelFlowRate>14416</AverageFuelFlowRate><AverageLoad>134</AverageLoad><BaselineFuelFlowToLoadRatio>107.58</BaselineFuelFlowToLoadRatio><FuelFlowToLoadUOMCode>1</FuelFlowToLoadUOMCode><AverageHourlyHeatInputRate></AverageHourlyHeatInputRate><BaselineGHR></BaselineGHR><GHRUnitsOfMeasureCode></GHRUnitsOfMeasureCode><NumberOfHoursExcludedCofiring>0</NumberOfHoursExcludedCofiring><NumberOfHoursExcludedRamping>0</NumberOfHoursExcludedRamping><NumberOfHoursExcludedLowRange>123</NumberOfHoursExcludedLowRange></FuelFlowToLoadBaselineData></TestSummaryData><TestSummaryData><UnitID>1</UnitID><TestTypeCode>LINE</TestTypeCode><MonitoringSystemID></MonitoringSystemID><ComponentID>LNP</ComponentID><SpanScaleCode>H</SpanScaleCode><TestNumber>EPA-LNP-1021</TestNumber><TestReasonCode>QA</TestReasonCode><TestDescription></TestDescription><TestResultCode>PASSED</TestResultCode><BeginDate>2008-06-04</BeginDate><BeginHour>13</BeginHour><BeginMinute>32</BeginMinute><EndDate>2008-06-04</EndDate><EndHour>14</EndHour><EndMinute>8</EndMinute><GracePeriodIndicator>0</GracePeriodIndicator><Year/><Quarter/><TestComment></TestComment><LinearitySummaryData><GasLevelCode>LOW</GasLevelCode><MeanMeasuredValue>50.9</MeanMeasuredValue><MeanReferenceValue>49.9</MeanReferenceValue><PercentError>2</PercentError><APSIndicator>0</APSIndicator><LinearityInjectionData><InjectionDate>2008-06-04</InjectionDate><InjectionHour>13</InjectionHour><InjectionMinute>32</InjectionMinute><MeasuredValue>50.8</MeasuredValue><ReferenceValue>49.9</ReferenceValue></LinearityInjectionData><LinearityInjectionData><InjectionDate>2008-06-04</InjectionDate><InjectionHour>13</InjectionHour><InjectionMinute>46</InjectionMinute><MeasuredValue>51</MeasuredValue><ReferenceValue>49.9</ReferenceValue></LinearityInjectionData><LinearityInjectionData><InjectionDate>2008-06-04</InjectionDate><InjectionHour>14</InjectionHour><InjectionMinute>1</InjectionMinute><MeasuredValue>50.9</MeasuredValue><ReferenceValue>49.9</ReferenceValue></LinearityInjectionData></LinearitySummaryData><LinearitySummaryData><GasLevelCode>MID</GasLevelCode><MeanMeasuredValue>110.5</MeanMeasuredValue><MeanReferenceValue>112</MeanReferenceValue><PercentError>1.3</PercentError><APSIndicator>0</APSIndicator><LinearityInjectionData><InjectionDate>2008-06-04</InjectionDate><InjectionHour>13</InjectionHour><InjectionMinute>37</InjectionMinute><MeasuredValue>110.4</MeasuredValue><ReferenceValue>112</ReferenceValue></LinearityInjectionData><LinearityInjectionData><InjectionDate>2008-06-04</InjectionDate><InjectionHour>13</InjectionHour><InjectionMinute>52</InjectionMinute><MeasuredValue>110.6</MeasuredValue><ReferenceValue>112</ReferenceValue></LinearityInjectionData><LinearityInjectionData><InjectionDate>2008-06-04</InjectionDate><InjectionHour>14</InjectionHour><InjectionMinute>4</InjectionMinute><MeasuredValue>110.5</MeasuredValue><ReferenceValue>112</ReferenceValue></LinearityInjectionData></LinearitySummaryData><LinearitySummaryData><GasLevelCode>HIGH</GasLevelCode><MeanMeasuredValue>174.767</MeanMeasuredValue><MeanReferenceValue>181</MeanReferenceValue><PercentError>3.4</PercentError><APSIndicator>0</APSIndicator><LinearityInjectionData><InjectionDate>2008-06-04</InjectionDate><InjectionHour>13</InjectionHour><InjectionMinute>41</InjectionMinute><MeasuredValue>175.1</MeasuredValue><ReferenceValue>181</ReferenceValue></LinearityInjectionData><LinearityInjectionData><InjectionDate>2008-06-04</InjectionDate><InjectionHour>13</InjectionHour><InjectionMinute>56</InjectionMinute><MeasuredValue>174.7</MeasuredValue><ReferenceValue>181</ReferenceValue></LinearityInjectionData><LinearityInjectionData><InjectionDate>2008-06-04</InjectionDate><InjectionHour>14</InjectionHour><InjectionMinute>8</InjectionMinute><MeasuredValue>174.5</MeasuredValue><ReferenceValue>181</ReferenceValue></LinearityInjectionData></LinearitySummaryData></TestSummaryData><TestSummaryData><UnitID>1</UnitID><TestTypeCode>PEI</TestTypeCode><MonitoringSystemID></MonitoringSystemID><ComponentID>LGP</ComponentID><SpanScaleCode></SpanScaleCode><TestNumber>EPA-LGP-15008</TestNumber><TestReasonCode>QA</TestReasonCode><TestDescription></TestDescription><TestResultCode>PASSED</TestResultCode><BeginDate></BeginDate><BeginHour></BeginHour><BeginMinute></BeginMinute><EndDate>2008-05-08</EndDate><EndHour>8</EndHour><EndMinute></EndMinute><GracePeriodIndicator></GracePeriodIndicator><Year/><Quarter/><TestComment></TestComment></TestSummaryData><TestSummaryData><UnitID>1</UnitID><TestTypeCode>LINE</TestTypeCode><MonitoringSystemID></MonitoringSystemID><ComponentID>LCP</ComponentID><SpanScaleCode>H</SpanScaleCode><TestNumber>EPA-LCP-1022</TestNumber><TestReasonCode>QA</TestReasonCode><TestDescription></TestDescription><TestResultCode>PASSAPS</TestResultCode><BeginDate>2008-06-04</BeginDate><BeginHour>13</BeginHour><BeginMinute>32</BeginMinute><EndDate>2008-06-04</EndDate><EndHour>14</EndHour><EndMinute>8</EndMinute><GracePeriodIndicator>0</GracePeriodIndicator><Year/><Quarter/><TestComment></TestComment><LinearitySummaryData><GasLevelCode>LOW</GasLevelCode><MeanMeasuredValue>5.4</MeanMeasuredValue><MeanReferenceValue>5.03</MeanReferenceValue><PercentError>.4</PercentError><APSIndicator>1</APSIndicator><LinearityInjectionData><InjectionDate>2008-06-04</InjectionDate><InjectionHour>13</InjectionHour><InjectionMinute>32</InjectionMinute><MeasuredValue>5.4</MeasuredValue><ReferenceValue>5.03</ReferenceValue></LinearityInjectionData><LinearityInjectionData><InjectionDate>2008-06-04</InjectionDate><InjectionHour>13</InjectionHour><InjectionMinute>46</InjectionMinute><MeasuredValue>5.4</MeasuredValue><ReferenceValue>5.03</ReferenceValue></LinearityInjectionData><LinearityInjectionData><InjectionDate>2008-06-04</InjectionDate><InjectionHour>14</InjectionHour><InjectionMinute>1</InjectionMinute><MeasuredValue>5.4</MeasuredValue><ReferenceValue>5.03</ReferenceValue></LinearityInjectionData></LinearitySummaryData><LinearitySummaryData><GasLevelCode>MID</GasLevelCode><MeanMeasuredValue>11.167</MeanMeasuredValue><MeanReferenceValue>10.8</MeanReferenceValue><PercentError>3.4</PercentError><APSIndicator>0</APSIndicator><LinearityInjectionData><InjectionDate>2008-06-04</InjectionDate><InjectionHour>13</InjectionHour><InjectionMinute>37</InjectionMinute><MeasuredValue>11.2</MeasuredValue><ReferenceValue>10.8</ReferenceValue></LinearityInjectionData><LinearityInjectionData><InjectionDate>2008-06-04</InjectionDate><InjectionHour>13</InjectionHour><InjectionMinute>52</InjectionMinute><MeasuredValue>11.3</MeasuredValue><ReferenceValue>10.8</ReferenceValue></LinearityInjectionData><LinearityInjectionData><InjectionDate>2008-06-04</InjectionDate><InjectionHour>14</InjectionHour><InjectionMinute>4</InjectionMinute><MeasuredValue>11</MeasuredValue><ReferenceValue>10.8</ReferenceValue></LinearityInjectionData></LinearitySummaryData><LinearitySummaryData><GasLevelCode>HIGH</GasLevelCode><MeanMeasuredValue>17.7</MeanMeasuredValue><MeanReferenceValue>18</MeanReferenceValue><PercentError>1.7</PercentError><APSIndicator>0</APSIndicator><LinearityInjectionData><InjectionDate>2008-06-04</InjectionDate><InjectionHour>13</InjectionHour><InjectionMinute>41</InjectionMinute><MeasuredValue>17.7</MeasuredValue><ReferenceValue>18</ReferenceValue></LinearityInjectionData><LinearityInjectionData><InjectionDate>2008-06-04</InjectionDate><InjectionHour>13</InjectionHour><InjectionMinute>56</InjectionMinute><MeasuredValue>17.7</MeasuredValue><ReferenceValue>18</ReferenceValue></LinearityInjectionData><LinearityInjectionData><InjectionDate>2008-06-04</InjectionDate><InjectionHour>14</InjectionHour><InjectionMinute>8</InjectionMinute><MeasuredValue>17.7</MeasuredValue><ReferenceValue>18</ReferenceValue></LinearityInjectionData></LinearitySummaryData></TestSummaryData><TestSummaryData><UnitID>1</UnitID><TestTypeCode>RATA</TestTypeCode><MonitoringSystemID>020</MonitoringSystemID><ComponentID></ComponentID><SpanScaleCode></SpanScaleCode><TestNumber>EPA-020-2006</TestNumber><TestReasonCode>QA</TestReasonCode><TestDescription></TestDescription><TestResultCode>PASSAPS</TestResultCode><BeginDate>2008-06-02</BeginDate><BeginHour>9</BeginHour><BeginMinute>48</BeginMinute><EndDate>2008-06-02</EndDate><EndHour>13</EndHour><EndMinute>46</EndMinute><GracePeriodIndicator>0</GracePeriodIndicator><Year/><Quarter/><TestComment></TestComment><RATAData><NumberOfLoadLevels>1</NumberOfLoadLevels><RelativeAccuracy>10.33</RelativeAccuracy><RATAFrequencyCode></RATAFrequencyCode><OverallBiasAdjustmentFactor>1.108</OverallBiasAdjustmentFactor><RATASummaryData><OperatingLevelCode>L</OperatingLevelCode><AverageGrossUnitLoad>80</AverageGrossUnitLoad><ReferenceMethodCode>7E</ReferenceMethodCode><MeanCEMValue>.11</MeanCEMValue><MeanRATAReferenceValue>.122</MeanRATAReferenceValue><MeanDifference>.012</MeanDifference><StandardDeviationDifference>.001</StandardDeviationDifference><ConfidenceCoefficient>.001</ConfidenceCoefficient><TValue>2.306</TValue><APSIndicator>1</APSIndicator><RelativeAccuracy>10.33</RelativeAccuracy><BiasAdjustmentFactor>1.108</BiasAdjustmentFactor><CO2OrO2ReferenceMethodCode></CO2OrO2ReferenceMethodCode><StackDiameter></StackDiameter><StackArea></StackArea><NumberOfTraversePoints></NumberOfTraversePoints><CalculatedWAF></CalculatedWAF><DefaultWAF></DefaultWAF><RATARunData><RunNumber>1</RunNumber><BeginDate>2008-06-02</BeginDate><BeginHour>9</BeginHour><BeginMinute>48</BeginMinute><EndDate>2008-06-02</EndDate><EndHour>10</EndHour><EndMinute>13</EndMinute><CEMValue>.105</CEMValue><RATAReferenceValue>.117</RATAReferenceValue><GrossUnitLoad>80</GrossUnitLoad><RunStatusCode>RUNUSED</RunStatusCode></RATARunData><RATARunData><RunNumber>2</RunNumber><BeginDate>2008-06-02</BeginDate><BeginHour>10</BeginHour><BeginMinute>20</BeginMinute><EndDate>2008-06-02</EndDate><EndHour>10</EndHour><EndMinute>45</EndMinute><CEMValue>.108</CEMValue><RATAReferenceValue>.119</RATAReferenceValue><GrossUnitLoad>80</GrossUnitLoad><RunStatusCode>RUNUSED</RunStatusCode></RATARunData><RATARunData><RunNumber>3</RunNumber><BeginDate>2008-06-02</BeginDate><BeginHour>10</BeginHour><BeginMinute>51</BeginMinute><EndDate>2008-06-02</EndDate><EndHour>11</EndHour><EndMinute>12</EndMinute><CEMValue>.108</CEMValue><RATAReferenceValue>.121</RATAReferenceValue><GrossUnitLoad>80</GrossUnitLoad><RunStatusCode>RUNUSED</RunStatusCode></RATARunData><RATARunData><RunNumber>4</RunNumber><BeginDate>2008-06-02</BeginDate><BeginHour>11</BeginHour><BeginMinute>19</BeginMinute><EndDate>2008-06-02</EndDate><EndHour>11</EndHour><EndMinute>40</EndMinute><CEMValue>.109</CEMValue><RATAReferenceValue>.121</RATAReferenceValue><GrossUnitLoad>80</GrossUnitLoad><RunStatusCode>RUNUSED</RunStatusCode></RATARunData><RATARunData><RunNumber>5</RunNumber><BeginDate>2008-06-02</BeginDate><BeginHour>11</BeginHour><BeginMinute>45</BeginMinute><EndDate>2008-06-02</EndDate><EndHour>12</EndHour><EndMinute>6</EndMinute><CEMValue>.111</CEMValue><RATAReferenceValue>.124</RATAReferenceValue><GrossUnitLoad>80</GrossUnitLoad><RunStatusCode>RUNUSED</RunStatusCode></RATARunData><RATARunData><RunNumber>6</RunNumber><BeginDate>2008-06-02</BeginDate><BeginHour>12</BeginHour><BeginMinute>10</BeginMinute><EndDate>2008-06-02</EndDate><EndHour>12</EndHour><EndMinute>31</EndMinute><CEMValue>.112</CEMValue><RATAReferenceValue>.125</RATAReferenceValue><GrossUnitLoad>80</GrossUnitLoad><RunStatusCode>RUNUSED</RunStatusCode></RATARunData><RATARunData><RunNumber>7</RunNumber><BeginDate>2008-06-02</BeginDate><BeginHour>12</BeginHour><BeginMinute>35</BeginMinute><EndDate>2008-06-02</EndDate><EndHour>12</EndHour><EndMinute>56</EndMinute><CEMValue>.112</CEMValue><RATAReferenceValue>.123</RATAReferenceValue><GrossUnitLoad>80</GrossUnitLoad><RunStatusCode>RUNUSED</RunStatusCode></RATARunData><RATARunData><RunNumber>8</RunNumber><BeginDate>2008-06-02</BeginDate><BeginHour>13</BeginHour><BeginMinute>4</BeginMinute><EndDate>2008-06-02</EndDate><EndHour>13</EndHour><EndMinute>25</EndMinute><CEMValue>.113</CEMValue><RATAReferenceValue>.124</RATAReferenceValue><GrossUnitLoad>80</GrossUnitLoad><RunStatusCode>RUNUSED</RunStatusCode></RATARunData><RATARunData><RunNumber>9</RunNumber><BeginDate>2008-06-02</BeginDate><BeginHour>13</BeginHour><BeginMinute>25</BeginMinute><EndDate>2008-06-02</EndDate><EndHour>13</EndHour><EndMinute>46</EndMinute><CEMValue>.113</CEMValue><RATAReferenceValue>.124</RATAReferenceValue><GrossUnitLoad>80</GrossUnitLoad><RunStatusCode>RUNUSED</RunStatusCode></RATARunData></RATASummaryData></RATAData></TestSummaryData><TestSummaryData><UnitID>1</UnitID><TestTypeCode>PEI</TestTypeCode><MonitoringSystemID></MonitoringSystemID><ComponentID>LG1</ComponentID><SpanScaleCode></SpanScaleCode><TestNumber>EPA-LG1-15008</TestNumber><TestReasonCode>QA</TestReasonCode><TestDescription></TestDescription><TestResultCode>PASSED</TestResultCode><BeginDate></BeginDate><BeginHour></BeginHour><BeginMinute></BeginMinute><EndDate>2008-05-08</EndDate><EndHour>8</EndHour><EndMinute></EndMinute><GracePeriodIndicator></GracePeriodIndicator><Year/><Quarter/><TestComment></TestComment></TestSummaryData><TestSummaryData><UnitID>1</UnitID><TestTypeCode>PEI</TestTypeCode><MonitoringSystemID></MonitoringSystemID><ComponentID>LG2</ComponentID><SpanScaleCode></SpanScaleCode><TestNumber>EPA-LG2-15008</TestNumber><TestReasonCode>QA</TestReasonCode><TestDescription></TestDescription><TestResultCode>PASSED</TestResultCode><BeginDate></BeginDate><BeginHour></BeginHour><BeginMinute></BeginMinute><EndDate>2008-05-08</EndDate><EndHour>8</EndHour><EndMinute></EndMinute><GracePeriodIndicator></GracePeriodIndicator><Year/><Quarter/><TestComment></TestComment></TestSummaryData></QualityAssuranceAndCert>