<?xml version="1.0" encoding="utf-8"?><QualityAssuranceAndCert xsi:noNamespaceSchemaLocation="http://ecmps.camdsupport.com/xsd/QualityAssuranceAndCert_v1_1.xsd" xmlns:xsi="http://www.w3.org/2001/XMLSchema-instance"><ORISCode>3612</ORISCode><Version>1.1</Version><TestSummaryData><UnitID>CGT6</UnitID><TestTypeCode>FFACC</TestTypeCode><MonitoringSystemID></MonitoringSystemID><ComponentID>004</ComponentID><SpanScaleCode></SpanScaleCode><TestNumber>1</TestNumber><TestReasonCode>INITIAL</TestReasonCode><TestDescription></TestDescription><TestResultCode>PASSED</TestResultCode><BeginDate></BeginDate><BeginHour></BeginHour><BeginMinute></BeginMinute><EndDate>2008-06-26</EndDate><EndHour>9</EndHour><EndMinute>0</EndMinute><GracePeriodIndicator></GracePeriodIndicator><Year/><Quarter/><TestComment></TestComment><FuelFlowmeterAccuracyData><AccuracyTestMethodCode>LCRM</AccuracyTestMethodCode><LowFuelAccuracy>0</LowFuelAccuracy><MidFuelAccuracy>0</MidFuelAccuracy><HighFuelAccuracy>0</HighFuelAccuracy><ReinstallationDate>2010-03-01</ReinstallationDate><ReinstallationHour>9</ReinstallationHour></FuelFlowmeterAccuracyData></TestSummaryData><QACertificationEventData><UnitID>CGT6</UnitID><MonitoringSystemID>602</MonitoringSystemID><ComponentID>004</ComponentID><QACertEventCode>400</QACertEventCode><QACertEventDate>2008-06-26</QACertEventDate><QACertEventHour>9</QACertEventHour><RequiredTestCode>51</RequiredTestCode><ConditionalBeginDate></ConditionalBeginDate><ConditionalBeginHour></ConditionalBeginHour><CompletionTestDate>2008-06-26</CompletionTestDate><CompletionTestHour>9</CompletionTestHour></QACertificationEventData></QualityAssuranceAndCert>