<?xml version="1.0" encoding="utf-8"?><QualityAssuranceAndCert xsi:noNamespaceSchemaLocation="http://ecmps.pqa.com/xsd/QualityAssuranceAndCert_v1_0.xsd" xmlns:xsi="http://www.w3.org/2001/XMLSchema-instance"><ORISCode>2861</ORISCode><Version>1.0</Version><TestSummaryData><StackPipeID>CS0001</StackPipeID><TestTypeCode>F2LCHK</TestTypeCode><MonitoringSystemID>154</MonitoringSystemID><ComponentID></ComponentID><SpanScaleCode></SpanScaleCode><TestNumber>EPA-154-5017</TestNumber><TestReasonCode></TestReasonCode><TestDescription></TestDescription><TestResultCode>PASSED</TestResultCode><BeginDate></BeginDate><BeginHour></BeginHour><BeginMinute></BeginMinute><EndDate></EndDate><EndHour></EndHour><EndMinute></EndMinute><GracePeriodIndicator>0</GracePeriodIndicator><Year>2008</Year><Quarter>2</Quarter><TestComment></TestComment><FlowToLoadCheckData><TestBasisCode>Q</TestBasisCode><BiasAdjustedIndicator>0</BiasAdjustedIndicator><AvgAbsolutePercentDiff>3</AvgAbsolutePercentDiff><NumberOfHours>556</NumberOfHours><NumberOfHoursExcludedForFuel></NumberOfHoursExcludedForFuel><NumberOfHoursExcludedRamping></NumberOfHoursExcludedRamping><NumberOfHoursExcludedBypass></NumberOfHoursExcludedBypass><NumberOfHoursExcludedPreRATA></NumberOfHoursExcludedPreRATA><NumberOfHoursExcludedTest></NumberOfHoursExcludedTest><NumberOfHoursExcMainBypass></NumberOfHoursExcMainBypass><OperatingLevelCode>H</OperatingLevelCode></FlowToLoadCheckData></TestSummaryData><TestSummaryData><StackPipeID>CS0001</StackPipeID><TestTypeCode>LINE</TestTypeCode><MonitoringSystemID></MonitoringSystemID><ComponentID>102</ComponentID><SpanScaleCode>H</SpanScaleCode><TestNumber>EPA-102-1027</TestNumber><TestReasonCode>QA</TestReasonCode><TestDescription></TestDescription><TestResultCode>PASSED</TestResultCode><BeginDate>2008-06-13</BeginDate><BeginHour>7</BeginHour><BeginMinute>32</BeginMinute><EndDate>2008-06-13</EndDate><EndHour>8</EndHour><EndMinute>48</EndMinute><GracePeriodIndicator>0</GracePeriodIndicator><Year/><Quarter/><TestComment></TestComment><LinearitySummaryData><GasLevelCode>LOW</GasLevelCode><MeanMeasuredValue>273.833</MeanMeasuredValue><MeanReferenceValue>272.5</MeanReferenceValue><PercentError>.5</PercentError><APSIndicator>0</APSIndicator><LinearityInjectionData><InjectionDate>2008-06-13</InjectionDate><InjectionHour>7</InjectionHour><InjectionMinute>32</InjectionMinute><MeasuredValue>272.4</MeasuredValue><ReferenceValue>272.5</ReferenceValue></LinearityInjectionData><LinearityInjectionData><InjectionDate>2008-06-13</InjectionDate><InjectionHour>8</InjectionHour><InjectionMinute>2</InjectionMinute><MeasuredValue>274.4</MeasuredValue><ReferenceValue>272.5</ReferenceValue></LinearityInjectionData><LinearityInjectionData><InjectionDate>2008-06-13</InjectionDate><InjectionHour>8</InjectionHour><InjectionMinute>32</InjectionMinute><MeasuredValue>274.7</MeasuredValue><ReferenceValue>272.5</ReferenceValue></LinearityInjectionData></LinearitySummaryData><LinearitySummaryData><GasLevelCode>MID</GasLevelCode><MeanMeasuredValue>600.233</MeanMeasuredValue><MeanReferenceValue>596.1</MeanReferenceValue><PercentError>.7</PercentError><APSIndicator>0</APSIndicator><LinearityInjectionData><InjectionDate>2008-06-13</InjectionDate><InjectionHour>7</InjectionHour><InjectionMinute>40</InjectionMinute><MeasuredValue>597.3</MeasuredValue><ReferenceValue>596.1</ReferenceValue></LinearityInjectionData><LinearityInjectionData><InjectionDate>2008-06-13</InjectionDate><InjectionHour>8</InjectionHour><InjectionMinute>10</InjectionMinute><MeasuredValue>603.3</MeasuredValue><ReferenceValue>596.1</ReferenceValue></LinearityInjectionData><LinearityInjectionData><InjectionDate>2008-06-13</InjectionDate><InjectionHour>8</InjectionHour><InjectionMinute>40</InjectionMinute><MeasuredValue>600.1</MeasuredValue><ReferenceValue>596.1</ReferenceValue></LinearityInjectionData></LinearitySummaryData><LinearitySummaryData><GasLevelCode>HIGH</GasLevelCode><MeanMeasuredValue>1026.567</MeanMeasuredValue><MeanReferenceValue>1017</MeanReferenceValue><PercentError>.9</PercentError><APSIndicator>0</APSIndicator><LinearityInjectionData><InjectionDate>2008-06-13</InjectionDate><InjectionHour>7</InjectionHour><InjectionMinute>48</InjectionMinute><MeasuredValue>1024</MeasuredValue><ReferenceValue>1017</ReferenceValue></LinearityInjectionData><LinearityInjectionData><InjectionDate>2008-06-13</InjectionDate><InjectionHour>8</InjectionHour><InjectionMinute>18</InjectionMinute><MeasuredValue>1028.8</MeasuredValue><ReferenceValue>1017</ReferenceValue></LinearityInjectionData><LinearityInjectionData><InjectionDate>2008-06-13</InjectionDate><InjectionHour>8</InjectionHour><InjectionMinute>48</InjectionMinute><MeasuredValue>1026.9</MeasuredValue><ReferenceValue>1017</ReferenceValue></LinearityInjectionData></LinearitySummaryData></TestSummaryData><TestSummaryData><StackPipeID>CS0001</StackPipeID><TestTypeCode>LINE</TestTypeCode><MonitoringSystemID></MonitoringSystemID><ComponentID>101</ComponentID><SpanScaleCode>L</SpanScaleCode><TestNumber>EPA-101-1049</TestNumber><TestReasonCode>QA</TestReasonCode><TestDescription></TestDescription><TestResultCode>PASSED</TestResultCode><BeginDate>2008-06-13</BeginDate><BeginHour>9</BeginHour><BeginMinute>49</BeginMinute><EndDate>2008-06-13</EndDate><EndHour>11</EndHour><EndMinute>5</EndMinute><GracePeriodIndicator>0</GracePeriodIndicator><Year/><Quarter/><TestComment></TestComment><LinearitySummaryData><GasLevelCode>LOW</GasLevelCode><MeanMeasuredValue>142.267</MeanMeasuredValue><MeanReferenceValue>141.3</MeanReferenceValue><PercentError>.7</PercentError><APSIndicator>0</APSIndicator><LinearityInjectionData><InjectionDate>2008-06-13</InjectionDate><InjectionHour>9</InjectionHour><InjectionMinute>49</InjectionMinute><MeasuredValue>146.6</MeasuredValue><ReferenceValue>141.3</ReferenceValue></LinearityInjectionData><LinearityInjectionData><InjectionDate>2008-06-13</InjectionDate><InjectionHour>10</InjectionHour><InjectionMinute>19</InjectionMinute><MeasuredValue>140.7</MeasuredValue><ReferenceValue>141.3</ReferenceValue></LinearityInjectionData><LinearityInjectionData><InjectionDate>2008-06-13</InjectionDate><InjectionHour>10</InjectionHour><InjectionMinute>49</InjectionMinute><MeasuredValue>139.5</MeasuredValue><ReferenceValue>141.3</ReferenceValue></LinearityInjectionData></LinearitySummaryData><LinearitySummaryData><GasLevelCode>MID</GasLevelCode><MeanMeasuredValue>276.367</MeanMeasuredValue><MeanReferenceValue>274.5</MeanReferenceValue><PercentError>.7</PercentError><APSIndicator>0</APSIndicator><LinearityInjectionData><InjectionDate>2008-06-13</InjectionDate><InjectionHour>9</InjectionHour><InjectionMinute>57</InjectionMinute><MeasuredValue>278.4</MeasuredValue><ReferenceValue>274.5</ReferenceValue></LinearityInjectionData><LinearityInjectionData><InjectionDate>2008-06-13</InjectionDate><InjectionHour>10</InjectionHour><InjectionMinute>27</InjectionMinute><MeasuredValue>275.9</MeasuredValue><ReferenceValue>274.5</ReferenceValue></LinearityInjectionData><LinearityInjectionData><InjectionDate>2008-06-13</InjectionDate><InjectionHour>10</InjectionHour><InjectionMinute>57</InjectionMinute><MeasuredValue>274.8</MeasuredValue><ReferenceValue>274.5</ReferenceValue></LinearityInjectionData></LinearitySummaryData><LinearitySummaryData><GasLevelCode>HIGH</GasLevelCode><MeanMeasuredValue>425.967</MeanMeasuredValue><MeanReferenceValue>428.9</MeanReferenceValue><PercentError>.7</PercentError><APSIndicator>0</APSIndicator><LinearityInjectionData><InjectionDate>2008-06-13</InjectionDate><InjectionHour>10</InjectionHour><InjectionMinute>5</InjectionMinute><MeasuredValue>426.3</MeasuredValue><ReferenceValue>428.9</ReferenceValue></LinearityInjectionData><LinearityInjectionData><InjectionDate>2008-06-13</InjectionDate><InjectionHour>10</InjectionHour><InjectionMinute>35</InjectionMinute><MeasuredValue>426</MeasuredValue><ReferenceValue>428.9</ReferenceValue></LinearityInjectionData><LinearityInjectionData><InjectionDate>2008-06-13</InjectionDate><InjectionHour>11</InjectionHour><InjectionMinute>5</InjectionMinute><MeasuredValue>425.6</MeasuredValue><ReferenceValue>428.9</ReferenceValue></LinearityInjectionData></LinearitySummaryData></TestSummaryData><TestSummaryData><StackPipeID>CS0001</StackPipeID><TestTypeCode>LINE</TestTypeCode><MonitoringSystemID></MonitoringSystemID><ComponentID>101</ComponentID><SpanScaleCode>H</SpanScaleCode><TestNumber>EPA-101-1024</TestNumber><TestReasonCode>QA</TestReasonCode><TestDescription></TestDescription><TestResultCode>PASSED</TestResultCode><BeginDate>2008-06-13</BeginDate><BeginHour>7</BeginHour><BeginMinute>32</BeginMinute><EndDate>2008-06-13</EndDate><EndHour>8</EndHour><EndMinute>48</EndMinute><GracePeriodIndicator>0</GracePeriodIndicator><Year/><Quarter/><TestComment></TestComment><LinearitySummaryData><GasLevelCode>LOW</GasLevelCode><MeanMeasuredValue>913.733</MeanMeasuredValue><MeanReferenceValue>895.8</MeanReferenceValue><PercentError>2</PercentError><APSIndicator>0</APSIndicator><LinearityInjectionData><InjectionDate>2008-06-13</InjectionDate><InjectionHour>7</InjectionHour><InjectionMinute>32</InjectionMinute><MeasuredValue>904.7</MeasuredValue><ReferenceValue>895.8</ReferenceValue></LinearityInjectionData><LinearityInjectionData><InjectionDate>2008-06-13</InjectionDate><InjectionHour>8</InjectionHour><InjectionMinute>2</InjectionMinute><MeasuredValue>918.7</MeasuredValue><ReferenceValue>895.8</ReferenceValue></LinearityInjectionData><LinearityInjectionData><InjectionDate>2008-06-13</InjectionDate><InjectionHour>8</InjectionHour><InjectionMinute>32</InjectionMinute><MeasuredValue>917.8</MeasuredValue><ReferenceValue>895.8</ReferenceValue></LinearityInjectionData></LinearitySummaryData><LinearitySummaryData><GasLevelCode>MID</GasLevelCode><MeanMeasuredValue>1896.833</MeanMeasuredValue><MeanReferenceValue>1904</MeanReferenceValue><PercentError>.4</PercentError><APSIndicator>0</APSIndicator><LinearityInjectionData><InjectionDate>2008-06-13</InjectionDate><InjectionHour>7</InjectionHour><InjectionMinute>40</InjectionMinute><MeasuredValue>1889</MeasuredValue><ReferenceValue>1904</ReferenceValue></LinearityInjectionData><LinearityInjectionData><InjectionDate>2008-06-13</InjectionDate><InjectionHour>8</InjectionHour><InjectionMinute>10</InjectionMinute><MeasuredValue>1901.3</MeasuredValue><ReferenceValue>1904</ReferenceValue></LinearityInjectionData><LinearityInjectionData><InjectionDate>2008-06-13</InjectionDate><InjectionHour>8</InjectionHour><InjectionMinute>40</InjectionMinute><MeasuredValue>1900.2</MeasuredValue><ReferenceValue>1904</ReferenceValue></LinearityInjectionData></LinearitySummaryData><LinearitySummaryData><GasLevelCode>HIGH</GasLevelCode><MeanMeasuredValue>3187.933</MeanMeasuredValue><MeanReferenceValue>3195</MeanReferenceValue><PercentError>.2</PercentError><APSIndicator>0</APSIndicator><LinearityInjectionData><InjectionDate>2008-06-13</InjectionDate><InjectionHour>7</InjectionHour><InjectionMinute>48</InjectionMinute><MeasuredValue>3179</MeasuredValue><ReferenceValue>3195</ReferenceValue></LinearityInjectionData><LinearityInjectionData><InjectionDate>2008-06-13</InjectionDate><InjectionHour>8</InjectionHour><InjectionMinute>18</InjectionMinute><MeasuredValue>3190.9</MeasuredValue><ReferenceValue>3195</ReferenceValue></LinearityInjectionData><LinearityInjectionData><InjectionDate>2008-06-13</InjectionDate><InjectionHour>8</InjectionHour><InjectionMinute>48</InjectionMinute><MeasuredValue>3193.9</MeasuredValue><ReferenceValue>3195</ReferenceValue></LinearityInjectionData></LinearitySummaryData></TestSummaryData><TestSummaryData><StackPipeID>CS0001</StackPipeID><TestTypeCode>LINE</TestTypeCode><MonitoringSystemID></MonitoringSystemID><ComponentID>103</ComponentID><SpanScaleCode>H</SpanScaleCode><TestNumber>EPA-103-1025</TestNumber><TestReasonCode>QA</TestReasonCode><TestDescription></TestDescription><TestResultCode>PASSAPS</TestResultCode><BeginDate>2008-06-13</BeginDate><BeginHour>7</BeginHour><BeginMinute>32</BeginMinute><EndDate>2008-06-13</EndDate><EndHour>8</EndHour><EndMinute>48</EndMinute><GracePeriodIndicator>0</GracePeriodIndicator><Year/><Quarter/><TestComment></TestComment><LinearitySummaryData><GasLevelCode>LOW</GasLevelCode><MeanMeasuredValue>4.567</MeanMeasuredValue><MeanReferenceValue>4.9</MeanReferenceValue><PercentError>.3</PercentError><APSIndicator>1</APSIndicator><LinearityInjectionData><InjectionDate>2008-06-13</InjectionDate><InjectionHour>7</InjectionHour><InjectionMinute>32</InjectionMinute><MeasuredValue>4.5</MeasuredValue><ReferenceValue>4.9</ReferenceValue></LinearityInjectionData><LinearityInjectionData><InjectionDate>2008-06-13</InjectionDate><InjectionHour>8</InjectionHour><InjectionMinute>2</InjectionMinute><MeasuredValue>4.6</MeasuredValue><ReferenceValue>4.9</ReferenceValue></LinearityInjectionData><LinearityInjectionData><InjectionDate>2008-06-13</InjectionDate><InjectionHour>8</InjectionHour><InjectionMinute>32</InjectionMinute><MeasuredValue>4.6</MeasuredValue><ReferenceValue>4.9</ReferenceValue></LinearityInjectionData></LinearitySummaryData><LinearitySummaryData><GasLevelCode>MID</GasLevelCode><MeanMeasuredValue>11</MeanMeasuredValue><MeanReferenceValue>11</MeanReferenceValue><PercentError>0</PercentError><APSIndicator>0</APSIndicator><LinearityInjectionData><InjectionDate>2008-06-13</InjectionDate><InjectionHour>7</InjectionHour><InjectionMinute>40</InjectionMinute><MeasuredValue>11</MeasuredValue><ReferenceValue>11</ReferenceValue></LinearityInjectionData><LinearityInjectionData><InjectionDate>2008-06-13</InjectionDate><InjectionHour>8</InjectionHour><InjectionMinute>10</InjectionMinute><MeasuredValue>11</MeasuredValue><ReferenceValue>11</ReferenceValue></LinearityInjectionData><LinearityInjectionData><InjectionDate>2008-06-13</InjectionDate><InjectionHour>8</InjectionHour><InjectionMinute>40</InjectionMinute><MeasuredValue>11</MeasuredValue><ReferenceValue>11</ReferenceValue></LinearityInjectionData></LinearitySummaryData><LinearitySummaryData><GasLevelCode>HIGH</GasLevelCode><MeanMeasuredValue>18.3</MeanMeasuredValue><MeanReferenceValue>18</MeanReferenceValue><PercentError>1.7</PercentError><APSIndicator>0</APSIndicator><LinearityInjectionData><InjectionDate>2008-06-13</InjectionDate><InjectionHour>7</InjectionHour><InjectionMinute>48</InjectionMinute><MeasuredValue>18.2</MeasuredValue><ReferenceValue>18</ReferenceValue></LinearityInjectionData><LinearityInjectionData><InjectionDate>2008-06-13</InjectionDate><InjectionHour>8</InjectionHour><InjectionMinute>18</InjectionMinute><MeasuredValue>18.4</MeasuredValue><ReferenceValue>18</ReferenceValue></LinearityInjectionData><LinearityInjectionData><InjectionDate>2008-06-13</InjectionDate><InjectionHour>8</InjectionHour><InjectionMinute>48</InjectionMinute><MeasuredValue>18.3</MeasuredValue><ReferenceValue>18</ReferenceValue></LinearityInjectionData></LinearitySummaryData></TestSummaryData><TestSummaryData><StackPipeID>MS0002</StackPipeID><TestTypeCode>LINE</TestTypeCode><MonitoringSystemID></MonitoringSystemID><ComponentID>203</ComponentID><SpanScaleCode>H</SpanScaleCode><TestNumber>203-Q2-2008-2846</TestNumber><TestReasonCode>QA</TestReasonCode><TestDescription></TestDescription><TestResultCode>PASSAPS</TestResultCode><BeginDate>2008-06-04</BeginDate><BeginHour>10</BeginHour><BeginMinute>13</BeginMinute><EndDate>2008-06-04</EndDate><EndHour>11</EndHour><EndMinute>29</EndMinute><GracePeriodIndicator>0</GracePeriodIndicator><Year/><Quarter/><TestComment></TestComment><LinearitySummaryData><GasLevelCode>MID</GasLevelCode><MeanMeasuredValue>11.1</MeanMeasuredValue><MeanReferenceValue>11</MeanReferenceValue><PercentError>.9</PercentError><APSIndicator>0</APSIndicator><LinearityInjectionData><InjectionDate>2008-06-04</InjectionDate><InjectionHour>10</InjectionHour><InjectionMinute>21</InjectionMinute><MeasuredValue>11.1</MeasuredValue><ReferenceValue>11</ReferenceValue></LinearityInjectionData><LinearityInjectionData><InjectionDate>2008-06-04</InjectionDate><InjectionHour>10</InjectionHour><InjectionMinute>51</InjectionMinute><MeasuredValue>11.1</MeasuredValue><ReferenceValue>11</ReferenceValue></LinearityInjectionData><LinearityInjectionData><InjectionDate>2008-06-04</InjectionDate><InjectionHour>11</InjectionHour><InjectionMinute>21</InjectionMinute><MeasuredValue>11.1</MeasuredValue><ReferenceValue>11</ReferenceValue></LinearityInjectionData></LinearitySummaryData><LinearitySummaryData><GasLevelCode>LOW</GasLevelCode><MeanMeasuredValue>5.2</MeanMeasuredValue><MeanReferenceValue>4.9</MeanReferenceValue><PercentError>.3</PercentError><APSIndicator>1</APSIndicator><LinearityInjectionData><InjectionDate>2008-06-04</InjectionDate><InjectionHour>10</InjectionHour><InjectionMinute>13</InjectionMinute><MeasuredValue>5.2</MeasuredValue><ReferenceValue>4.9</ReferenceValue></LinearityInjectionData><LinearityInjectionData><InjectionDate>2008-06-04</InjectionDate><InjectionHour>11</InjectionHour><InjectionMinute>13</InjectionMinute><MeasuredValue>5.2</MeasuredValue><ReferenceValue>4.9</ReferenceValue></LinearityInjectionData><LinearityInjectionData><InjectionDate>2008-06-04</InjectionDate><InjectionHour>10</InjectionHour><InjectionMinute>43</InjectionMinute><MeasuredValue>5.2</MeasuredValue><ReferenceValue>4.9</ReferenceValue></LinearityInjectionData></LinearitySummaryData><LinearitySummaryData><GasLevelCode>HIGH</GasLevelCode><MeanMeasuredValue>17.367</MeanMeasuredValue><MeanReferenceValue>18</MeanReferenceValue><PercentError>3.5</PercentError><APSIndicator>0</APSIndicator><LinearityInjectionData><InjectionDate>2008-06-04</InjectionDate><InjectionHour>10</InjectionHour><InjectionMinute>29</InjectionMinute><MeasuredValue>17.3</MeasuredValue><ReferenceValue>18</ReferenceValue></LinearityInjectionData><LinearityInjectionData><InjectionDate>2008-06-04</InjectionDate><InjectionHour>10</InjectionHour><InjectionMinute>59</InjectionMinute><MeasuredValue>17.3</MeasuredValue><ReferenceValue>18</ReferenceValue></LinearityInjectionData><LinearityInjectionData><InjectionDate>2008-06-04</InjectionDate><InjectionHour>11</InjectionHour><InjectionMinute>29</InjectionMinute><MeasuredValue>17.5</MeasuredValue><ReferenceValue>18</ReferenceValue></LinearityInjectionData></LinearitySummaryData></TestSummaryData><TestSummaryData><StackPipeID>MS0002</StackPipeID><TestTypeCode>LINE</TestTypeCode><MonitoringSystemID></MonitoringSystemID><ComponentID>202</ComponentID><SpanScaleCode>H</SpanScaleCode><TestNumber>202-Q2-2008-2847</TestNumber><TestReasonCode>QA</TestReasonCode><TestDescription></TestDescription><TestResultCode>PASSED</TestResultCode><BeginDate>2008-06-04</BeginDate><BeginHour>10</BeginHour><BeginMinute>13</BeginMinute><EndDate>2008-06-04</EndDate><EndHour>11</EndHour><EndMinute>29</EndMinute><GracePeriodIndicator>0</GracePeriodIndicator><Year/><Quarter/><TestComment></TestComment><LinearitySummaryData><GasLevelCode>HIGH</GasLevelCode><MeanMeasuredValue>989.667</MeanMeasuredValue><MeanReferenceValue>1017</MeanReferenceValue><PercentError>2.7</PercentError><APSIndicator>0</APSIndicator><LinearityInjectionData><InjectionDate>2008-06-04</InjectionDate><InjectionHour>10</InjectionHour><InjectionMinute>29</InjectionMinute><MeasuredValue>991.8</MeasuredValue><ReferenceValue>1017</ReferenceValue></LinearityInjectionData><LinearityInjectionData><InjectionDate>2008-06-04</InjectionDate><InjectionHour>10</InjectionHour><InjectionMinute>59</InjectionMinute><MeasuredValue>989.6</MeasuredValue><ReferenceValue>1017</ReferenceValue></LinearityInjectionData><LinearityInjectionData><InjectionDate>2008-06-04</InjectionDate><InjectionHour>11</InjectionHour><InjectionMinute>29</InjectionMinute><MeasuredValue>987.6</MeasuredValue><ReferenceValue>1017</ReferenceValue></LinearityInjectionData></LinearitySummaryData><LinearitySummaryData><GasLevelCode>MID</GasLevelCode><MeanMeasuredValue>593.633</MeanMeasuredValue><MeanReferenceValue>596.1</MeanReferenceValue><PercentError>.4</PercentError><APSIndicator>0</APSIndicator><LinearityInjectionData><InjectionDate>2008-06-04</InjectionDate><InjectionHour>10</InjectionHour><InjectionMinute>21</InjectionMinute><MeasuredValue>596.1</MeasuredValue><ReferenceValue>596.1</ReferenceValue></LinearityInjectionData><LinearityInjectionData><InjectionDate>2008-06-04</InjectionDate><InjectionHour>10</InjectionHour><InjectionMinute>51</InjectionMinute><MeasuredValue>593.6</MeasuredValue><ReferenceValue>596.1</ReferenceValue></LinearityInjectionData><LinearityInjectionData><InjectionDate>2008-06-04</InjectionDate><InjectionHour>11</InjectionHour><InjectionMinute>21</InjectionMinute><MeasuredValue>591.2</MeasuredValue><ReferenceValue>596.1</ReferenceValue></LinearityInjectionData></LinearitySummaryData><LinearitySummaryData><GasLevelCode>LOW</GasLevelCode><MeanMeasuredValue>277.667</MeanMeasuredValue><MeanReferenceValue>272.5</MeanReferenceValue><PercentError>1.9</PercentError><APSIndicator>0</APSIndicator><LinearityInjectionData><InjectionDate>2008-06-04</InjectionDate><InjectionHour>10</InjectionHour><InjectionMinute>13</InjectionMinute><MeasuredValue>285.2</MeasuredValue><ReferenceValue>272.5</ReferenceValue></LinearityInjectionData><LinearityInjectionData><InjectionDate>2008-06-04</InjectionDate><InjectionHour>11</InjectionHour><InjectionMinute>13</InjectionMinute><MeasuredValue>273.2</MeasuredValue><ReferenceValue>272.5</ReferenceValue></LinearityInjectionData><LinearityInjectionData><InjectionDate>2008-06-04</InjectionDate><InjectionHour>10</InjectionHour><InjectionMinute>43</InjectionMinute><MeasuredValue>274.6</MeasuredValue><ReferenceValue>272.5</ReferenceValue></LinearityInjectionData></LinearitySummaryData></TestSummaryData><TestSummaryData><StackPipeID>MS0002</StackPipeID><TestTypeCode>LINE</TestTypeCode><MonitoringSystemID></MonitoringSystemID><ComponentID>201</ComponentID><SpanScaleCode>H</SpanScaleCode><TestNumber>201-Q2-2008-2848</TestNumber><TestReasonCode>QA</TestReasonCode><TestDescription></TestDescription><TestResultCode>PASSED</TestResultCode><BeginDate>2008-06-04</BeginDate><BeginHour>10</BeginHour><BeginMinute>13</BeginMinute><EndDate>2008-06-04</EndDate><EndHour>11</EndHour><EndMinute>29</EndMinute><GracePeriodIndicator>0</GracePeriodIndicator><Year/><Quarter/><TestComment></TestComment><LinearitySummaryData><GasLevelCode>LOW</GasLevelCode><MeanMeasuredValue>913.2</MeanMeasuredValue><MeanReferenceValue>895.8</MeanReferenceValue><PercentError>1.9</PercentError><APSIndicator>0</APSIndicator><LinearityInjectionData><InjectionDate>2008-06-04</InjectionDate><InjectionHour>10</InjectionHour><InjectionMinute>13</InjectionMinute><MeasuredValue>905.1</MeasuredValue><ReferenceValue>895.8</ReferenceValue></LinearityInjectionData><LinearityInjectionData><InjectionDate>2008-06-04</InjectionDate><InjectionHour>11</InjectionHour><InjectionMinute>13</InjectionMinute><MeasuredValue>918.5</MeasuredValue><ReferenceValue>895.8</ReferenceValue></LinearityInjectionData><LinearityInjectionData><InjectionDate>2008-06-04</InjectionDate><InjectionHour>10</InjectionHour><InjectionMinute>43</InjectionMinute><MeasuredValue>916</MeasuredValue><ReferenceValue>895.8</ReferenceValue></LinearityInjectionData></LinearitySummaryData><LinearitySummaryData><GasLevelCode>MID</GasLevelCode><MeanMeasuredValue>1905.2</MeanMeasuredValue><MeanReferenceValue>1904</MeanReferenceValue><PercentError>.1</PercentError><APSIndicator>0</APSIndicator><LinearityInjectionData><InjectionDate>2008-06-04</InjectionDate><InjectionHour>10</InjectionHour><InjectionMinute>21</InjectionMinute><MeasuredValue>1898.8</MeasuredValue><ReferenceValue>1904</ReferenceValue></LinearityInjectionData><LinearityInjectionData><InjectionDate>2008-06-04</InjectionDate><InjectionHour>10</InjectionHour><InjectionMinute>51</InjectionMinute><MeasuredValue>1907.8</MeasuredValue><ReferenceValue>1904</ReferenceValue></LinearityInjectionData><LinearityInjectionData><InjectionDate>2008-06-04</InjectionDate><InjectionHour>11</InjectionHour><InjectionMinute>21</InjectionMinute><MeasuredValue>1909</MeasuredValue><ReferenceValue>1904</ReferenceValue></LinearityInjectionData></LinearitySummaryData><LinearitySummaryData><GasLevelCode>HIGH</GasLevelCode><MeanMeasuredValue>3165.667</MeanMeasuredValue><MeanReferenceValue>3195</MeanReferenceValue><PercentError>.9</PercentError><APSIndicator>0</APSIndicator><LinearityInjectionData><InjectionDate>2008-06-04</InjectionDate><InjectionHour>10</InjectionHour><InjectionMinute>29</InjectionMinute><MeasuredValue>3161.7</MeasuredValue><ReferenceValue>3195</ReferenceValue></LinearityInjectionData><LinearityInjectionData><InjectionDate>2008-06-04</InjectionDate><InjectionHour>10</InjectionHour><InjectionMinute>59</InjectionMinute><MeasuredValue>3166.9</MeasuredValue><ReferenceValue>3195</ReferenceValue></LinearityInjectionData><LinearityInjectionData><InjectionDate>2008-06-04</InjectionDate><InjectionHour>11</InjectionHour><InjectionMinute>29</InjectionMinute><MeasuredValue>3168.4</MeasuredValue><ReferenceValue>3195</ReferenceValue></LinearityInjectionData></LinearitySummaryData></TestSummaryData><QACertificationEventData><UnitID>1</UnitID><MonitoringSystemID></MonitoringSystemID><ComponentID>106</ComponentID><QACertEventCode>2</QACertEventCode><QACertEventDate>2008-05-07</QACertEventDate><QACertEventHour>15</QACertEventHour><RequiredTestCode>22</RequiredTestCode><ConditionalBeginDate></ConditionalBeginDate><ConditionalBeginHour></ConditionalBeginHour><CompletionTestDate>2008-05-07</CompletionTestDate><CompletionTestHour>15</CompletionTestHour></QACertificationEventData><QACertificationEventData><UnitID>2</UnitID><MonitoringSystemID></MonitoringSystemID><ComponentID>106</ComponentID><QACertEventCode>2</QACertEventCode><QACertEventDate>2008-05-07</QACertEventDate><QACertEventHour>15</QACertEventHour><RequiredTestCode>22</RequiredTestCode><ConditionalBeginDate></ConditionalBeginDate><ConditionalBeginHour></ConditionalBeginHour><CompletionTestDate>2008-05-07</CompletionTestDate><CompletionTestHour>15</CompletionTestHour></QACertificationEventData><QACertificationEventData><StackPipeID>CS0001</StackPipeID><MonitoringSystemID></MonitoringSystemID><ComponentID>106</ComponentID><QACertEventCode>2</QACertEventCode><QACertEventDate>2008-05-07</QACertEventDate><QACertEventHour>15</QACertEventHour><RequiredTestCode>22</RequiredTestCode><ConditionalBeginDate></ConditionalBeginDate><ConditionalBeginHour></ConditionalBeginHour><CompletionTestDate>2008-05-07</CompletionTestDate><CompletionTestHour>15</CompletionTestHour></QACertificationEventData></QualityAssuranceAndCert>