<?xml version="1.0" encoding="utf-8"?><QualityAssuranceAndCert xsi:noNamespaceSchemaLocation="http://ecmps.pqa.com/xsd/QualityAssuranceAndCert_v1_0.xsd" xmlns:xsi="http://www.w3.org/2001/XMLSchema-instance"><ORISCode>2496</ORISCode><Version>1.0</Version><TestSummaryData><UnitID>BLR072</UnitID><TestTypeCode>FFACC</TestTypeCode><MonitoringSystemID></MonitoringSystemID><ComponentID>729</ComponentID><SpanScaleCode></SpanScaleCode><TestNumber>EPA-729-11001</TestNumber><TestReasonCode></TestReasonCode><TestDescription></TestDescription><TestResultCode>PASSED</TestResultCode><BeginDate></BeginDate><BeginHour></BeginHour><BeginMinute></BeginMinute><EndDate>2008-05-27</EndDate><EndHour>15</EndHour><EndMinute></EndMinute><GracePeriodIndicator>0</GracePeriodIndicator><Year/><Quarter/><TestComment></TestComment><FuelFlowmeterAccuracyData><AccuracyTestMethodCode>LCRM</AccuracyTestMethodCode><LowFuelAccuracy>0</LowFuelAccuracy><MidFuelAccuracy>0</MidFuelAccuracy><HighFuelAccuracy>0</HighFuelAccuracy><ReinstallationDate>2008-08-28</ReinstallationDate><ReinstallationHour>15</ReinstallationHour></FuelFlowmeterAccuracyData></TestSummaryData><TestSummaryData><StackPipeID>CS0004</StackPipeID><TestTypeCode>LINE</TestTypeCode><MonitoringSystemID></MonitoringSystemID><ComponentID>413</ComponentID><SpanScaleCode>H</SpanScaleCode><TestNumber>EPA-413-1025</TestNumber><TestReasonCode>QA</TestReasonCode><TestDescription></TestDescription><TestResultCode>PASSED</TestResultCode><BeginDate>2008-05-15</BeginDate><BeginHour>9</BeginHour><BeginMinute>11</BeginMinute><EndDate>2008-05-15</EndDate><EndHour>10</EndHour><EndMinute>46</EndMinute><GracePeriodIndicator>0</GracePeriodIndicator><Year/><Quarter/><TestComment></TestComment><LinearitySummaryData><GasLevelCode>LOW</GasLevelCode><MeanMeasuredValue>50.481</MeanMeasuredValue><MeanReferenceValue>50</MeanReferenceValue><PercentError>1</PercentError><APSIndicator>0</APSIndicator><LinearityInjectionData><InjectionDate>2008-05-15</InjectionDate><InjectionHour>9</InjectionHour><InjectionMinute>11</InjectionMinute><MeasuredValue>50.426</MeasuredValue><ReferenceValue>50</ReferenceValue></LinearityInjectionData><LinearityInjectionData><InjectionDate>2008-05-15</InjectionDate><InjectionHour>9</InjectionHour><InjectionMinute>47</InjectionMinute><MeasuredValue>50.557</MeasuredValue><ReferenceValue>50</ReferenceValue></LinearityInjectionData><LinearityInjectionData><InjectionDate>2008-05-15</InjectionDate><InjectionHour>10</InjectionHour><InjectionMinute>26</InjectionMinute><MeasuredValue>50.46</MeasuredValue><ReferenceValue>50</ReferenceValue></LinearityInjectionData></LinearitySummaryData><LinearitySummaryData><GasLevelCode>MID</GasLevelCode><MeanMeasuredValue>108.21</MeanMeasuredValue><MeanReferenceValue>109</MeanReferenceValue><PercentError>.7</PercentError><APSIndicator>0</APSIndicator><LinearityInjectionData><InjectionDate>2008-05-15</InjectionDate><InjectionHour>9</InjectionHour><InjectionMinute>21</InjectionMinute><MeasuredValue>108.192</MeasuredValue><ReferenceValue>109</ReferenceValue></LinearityInjectionData><LinearityInjectionData><InjectionDate>2008-05-15</InjectionDate><InjectionHour>9</InjectionHour><InjectionMinute>57</InjectionMinute><MeasuredValue>108.24</MeasuredValue><ReferenceValue>109</ReferenceValue></LinearityInjectionData><LinearityInjectionData><InjectionDate>2008-05-15</InjectionDate><InjectionHour>10</InjectionHour><InjectionMinute>36</InjectionMinute><MeasuredValue>108.198</MeasuredValue><ReferenceValue>109</ReferenceValue></LinearityInjectionData></LinearitySummaryData><LinearitySummaryData><GasLevelCode>HIGH</GasLevelCode><MeanMeasuredValue>175.692</MeanMeasuredValue><MeanReferenceValue>178</MeanReferenceValue><PercentError>1.3</PercentError><APSIndicator>0</APSIndicator><LinearityInjectionData><InjectionDate>2008-05-15</InjectionDate><InjectionHour>9</InjectionHour><InjectionMinute>31</InjectionMinute><MeasuredValue>175.811</MeasuredValue><ReferenceValue>178</ReferenceValue></LinearityInjectionData><LinearityInjectionData><InjectionDate>2008-05-15</InjectionDate><InjectionHour>10</InjectionHour><InjectionMinute>7</InjectionMinute><MeasuredValue>175.576</MeasuredValue><ReferenceValue>178</ReferenceValue></LinearityInjectionData><LinearityInjectionData><InjectionDate>2008-05-15</InjectionDate><InjectionHour>10</InjectionHour><InjectionMinute>46</InjectionMinute><MeasuredValue>175.688</MeasuredValue><ReferenceValue>178</ReferenceValue></LinearityInjectionData></LinearitySummaryData></TestSummaryData><TestSummaryData><StackPipeID>CS0004</StackPipeID><TestTypeCode>RATA</TestTypeCode><MonitoringSystemID>410</MonitoringSystemID><ComponentID></ComponentID><SpanScaleCode></SpanScaleCode><TestNumber>EPA-410-2006</TestNumber><TestReasonCode>QA</TestReasonCode><TestDescription></TestDescription><TestResultCode>PASSED</TestResultCode><BeginDate>2008-06-04</BeginDate><BeginHour>8</BeginHour><BeginMinute>0</BeginMinute><EndDate>2008-06-04</EndDate><EndHour>13</EndHour><EndMinute>41</EndMinute><GracePeriodIndicator>0</GracePeriodIndicator><Year/><Quarter/><TestComment></TestComment><RATAData><NumberOfLoadLevels>1</NumberOfLoadLevels><RelativeAccuracy>1.48</RelativeAccuracy><RATAFrequencyCode></RATAFrequencyCode><OverallBiasAdjustmentFactor>1</OverallBiasAdjustmentFactor><RATASummaryData><OperatingLevelCode>L</OperatingLevelCode><AverageGrossUnitLoad>306</AverageGrossUnitLoad><ReferenceMethodCode>7E</ReferenceMethodCode><MeanCEMValue>.314</MeanCEMValue><MeanRATAReferenceValue>.313</MeanRATAReferenceValue><MeanDifference>-.001</MeanDifference><StandardDeviationDifference>.005</StandardDeviationDifference><ConfidenceCoefficient>.004</ConfidenceCoefficient><TValue>2.306</TValue><APSIndicator>0</APSIndicator><RelativeAccuracy>1.48</RelativeAccuracy><BiasAdjustmentFactor>1</BiasAdjustmentFactor><CO2OrO2ReferenceMethodCode></CO2OrO2ReferenceMethodCode><StackDiameter></StackDiameter><StackArea></StackArea><NumberOfTraversePoints></NumberOfTraversePoints><CalculatedWAF></CalculatedWAF><DefaultWAF></DefaultWAF><RATARunData><RunNumber>1</RunNumber><BeginDate>2008-06-04</BeginDate><BeginHour>8</BeginHour><BeginMinute>0</BeginMinute><EndDate>2008-06-04</EndDate><EndHour>8</EndHour><EndMinute>21</EndMinute><CEMValue>.317</CEMValue><RATAReferenceValue>.313</RATAReferenceValue><GrossUnitLoad>307</GrossUnitLoad><RunStatusCode>RUNUSED</RunStatusCode></RATARunData><RATARunData><RunNumber>2</RunNumber><BeginDate>2008-06-04</BeginDate><BeginHour>8</BeginHour><BeginMinute>30</BeginMinute><EndDate>2008-06-04</EndDate><EndHour>8</EndHour><EndMinute>51</EndMinute><CEMValue>.315</CEMValue><RATAReferenceValue>.307</RATAReferenceValue><GrossUnitLoad>308</GrossUnitLoad><RunStatusCode>RUNUSED</RunStatusCode></RATARunData><RATARunData><RunNumber>3</RunNumber><BeginDate>2008-06-04</BeginDate><BeginHour>9</BeginHour><BeginMinute>0</BeginMinute><EndDate>2008-06-04</EndDate><EndHour>9</EndHour><EndMinute>21</EndMinute><CEMValue>.311</CEMValue><RATAReferenceValue>.309</RATAReferenceValue><GrossUnitLoad>308</GrossUnitLoad><RunStatusCode>RUNUSED</RunStatusCode></RATARunData><RATARunData><RunNumber>4</RunNumber><BeginDate>2008-06-04</BeginDate><BeginHour>9</BeginHour><BeginMinute>30</BeginMinute><EndDate>2008-06-04</EndDate><EndHour>9</EndHour><EndMinute>51</EndMinute><CEMValue>.311</CEMValue><RATAReferenceValue>.31</RATAReferenceValue><GrossUnitLoad>307</GrossUnitLoad><RunStatusCode>RUNUSED</RunStatusCode></RATARunData><RATARunData><RunNumber>5</RunNumber><BeginDate>2008-06-04</BeginDate><BeginHour>10</BeginHour><BeginMinute>50</BeginMinute><EndDate>2008-06-04</EndDate><EndHour>11</EndHour><EndMinute>11</EndMinute><CEMValue>.314</CEMValue><RATAReferenceValue>.322</RATAReferenceValue><GrossUnitLoad>306</GrossUnitLoad><RunStatusCode>NOTUSED</RunStatusCode></RATARunData><RATARunData><RunNumber>6</RunNumber><BeginDate>2008-06-04</BeginDate><BeginHour>11</BeginHour><BeginMinute>20</BeginMinute><EndDate>2008-06-04</EndDate><EndHour>11</EndHour><EndMinute>42</EndMinute><CEMValue>.314</CEMValue><RATAReferenceValue>.32</RATAReferenceValue><GrossUnitLoad>306</GrossUnitLoad><RunStatusCode>RUNUSED</RunStatusCode></RATARunData><RATARunData><RunNumber>7</RunNumber><BeginDate>2008-06-04</BeginDate><BeginHour>11</BeginHour><BeginMinute>50</BeginMinute><EndDate>2008-06-04</EndDate><EndHour>12</EndHour><EndMinute>11</EndMinute><CEMValue>.316</CEMValue><RATAReferenceValue>.309</RATAReferenceValue><GrossUnitLoad>306</GrossUnitLoad><RunStatusCode>RUNUSED</RunStatusCode></RATARunData><RATARunData><RunNumber>8</RunNumber><BeginDate>2008-06-04</BeginDate><BeginHour>12</BeginHour><BeginMinute>20</BeginMinute><EndDate>2008-06-04</EndDate><EndHour>12</EndHour><EndMinute>41</EndMinute><CEMValue>.314</CEMValue><RATAReferenceValue>.32</RATAReferenceValue><GrossUnitLoad>306</GrossUnitLoad><RunStatusCode>RUNUSED</RunStatusCode></RATARunData><RATARunData><RunNumber>9</RunNumber><BeginDate>2008-06-04</BeginDate><BeginHour>12</BeginHour><BeginMinute>50</BeginMinute><EndDate>2008-06-04</EndDate><EndHour>13</EndHour><EndMinute>11</EndMinute><CEMValue>.314</CEMValue><RATAReferenceValue>.316</RATAReferenceValue><GrossUnitLoad>305</GrossUnitLoad><RunStatusCode>RUNUSED</RunStatusCode></RATARunData><RATARunData><RunNumber>10</RunNumber><BeginDate>2008-06-04</BeginDate><BeginHour>13</BeginHour><BeginMinute>20</BeginMinute><EndDate>2008-06-04</EndDate><EndHour>13</EndHour><EndMinute>41</EndMinute><CEMValue>.314</CEMValue><RATAReferenceValue>.318</RATAReferenceValue><GrossUnitLoad>304</GrossUnitLoad><RunStatusCode>RUNUSED</RunStatusCode></RATARunData></RATASummaryData></RATAData></TestSummaryData><TestSummaryData><StackPipeID>CS0004</StackPipeID><TestTypeCode>LINE</TestTypeCode><MonitoringSystemID></MonitoringSystemID><ComponentID>403</ComponentID><SpanScaleCode>H</SpanScaleCode><TestNumber>EPA-403-1025</TestNumber><TestReasonCode>QA</TestReasonCode><TestDescription></TestDescription><TestResultCode>PASSED</TestResultCode><BeginDate>2008-05-15</BeginDate><BeginHour>9</BeginHour><BeginMinute>11</BeginMinute><EndDate>2008-05-15</EndDate><EndHour>10</EndHour><EndMinute>46</EndMinute><GracePeriodIndicator>0</GracePeriodIndicator><Year/><Quarter/><TestComment></TestComment><LinearitySummaryData><GasLevelCode>LOW</GasLevelCode><MeanMeasuredValue>5.043</MeanMeasuredValue><MeanReferenceValue>5.043</MeanReferenceValue><PercentError>0</PercentError><APSIndicator>0</APSIndicator><LinearityInjectionData><InjectionDate>2008-05-15</InjectionDate><InjectionHour>9</InjectionHour><InjectionMinute>11</InjectionMinute><MeasuredValue>5.03</MeasuredValue><ReferenceValue>5.043</ReferenceValue></LinearityInjectionData><LinearityInjectionData><InjectionDate>2008-05-15</InjectionDate><InjectionHour>9</InjectionHour><InjectionMinute>47</InjectionMinute><MeasuredValue>5.05</MeasuredValue><ReferenceValue>5.043</ReferenceValue></LinearityInjectionData><LinearityInjectionData><InjectionDate>2008-05-15</InjectionDate><InjectionHour>10</InjectionHour><InjectionMinute>26</InjectionMinute><MeasuredValue>5.05</MeasuredValue><ReferenceValue>5.043</ReferenceValue></LinearityInjectionData></LinearitySummaryData><LinearitySummaryData><GasLevelCode>MID</GasLevelCode><MeanMeasuredValue>11.217</MeanMeasuredValue><MeanReferenceValue>11.17</MeanReferenceValue><PercentError>.4</PercentError><APSIndicator>0</APSIndicator><LinearityInjectionData><InjectionDate>2008-05-15</InjectionDate><InjectionHour>9</InjectionHour><InjectionMinute>21</InjectionMinute><MeasuredValue>11.208</MeasuredValue><ReferenceValue>11.17</ReferenceValue></LinearityInjectionData><LinearityInjectionData><InjectionDate>2008-05-15</InjectionDate><InjectionHour>9</InjectionHour><InjectionMinute>57</InjectionMinute><MeasuredValue>11.214</MeasuredValue><ReferenceValue>11.17</ReferenceValue></LinearityInjectionData><LinearityInjectionData><InjectionDate>2008-05-15</InjectionDate><InjectionHour>10</InjectionHour><InjectionMinute>36</InjectionMinute><MeasuredValue>11.228</MeasuredValue><ReferenceValue>11.17</ReferenceValue></LinearityInjectionData></LinearitySummaryData><LinearitySummaryData><GasLevelCode>HIGH</GasLevelCode><MeanMeasuredValue>18.067</MeanMeasuredValue><MeanReferenceValue>18.03</MeanReferenceValue><PercentError>.2</PercentError><APSIndicator>0</APSIndicator><LinearityInjectionData><InjectionDate>2008-05-15</InjectionDate><InjectionHour>9</InjectionHour><InjectionMinute>31</InjectionMinute><MeasuredValue>18.05</MeasuredValue><ReferenceValue>18.03</ReferenceValue></LinearityInjectionData><LinearityInjectionData><InjectionDate>2008-05-15</InjectionDate><InjectionHour>10</InjectionHour><InjectionMinute>7</InjectionMinute><MeasuredValue>18.086</MeasuredValue><ReferenceValue>18.03</ReferenceValue></LinearityInjectionData><LinearityInjectionData><InjectionDate>2008-05-15</InjectionDate><InjectionHour>10</InjectionHour><InjectionMinute>46</InjectionMinute><MeasuredValue>18.066</MeasuredValue><ReferenceValue>18.03</ReferenceValue></LinearityInjectionData></LinearitySummaryData></TestSummaryData><TestSummaryData><UnitID>BLR082</UnitID><TestTypeCode>FFACC</TestTypeCode><MonitoringSystemID></MonitoringSystemID><ComponentID>824</ComponentID><SpanScaleCode></SpanScaleCode><TestNumber>EPA_824_101308_SU</TestNumber><TestReasonCode>QA</TestReasonCode><TestDescription></TestDescription><TestResultCode>PASSED</TestResultCode><BeginDate></BeginDate><BeginHour></BeginHour><BeginMinute></BeginMinute><EndDate>2008-05-27</EndDate><EndHour>22</EndHour><EndMinute>30</EndMinute><GracePeriodIndicator></GracePeriodIndicator><Year/><Quarter/><TestComment></TestComment><FuelFlowmeterAccuracyData><AccuracyTestMethodCode>LCRM</AccuracyTestMethodCode><LowFuelAccuracy>0</LowFuelAccuracy><MidFuelAccuracy>0</MidFuelAccuracy><HighFuelAccuracy>0</HighFuelAccuracy><ReinstallationDate>2008-10-13</ReinstallationDate><ReinstallationHour>15</ReinstallationHour></FuelFlowmeterAccuracyData></TestSummaryData></QualityAssuranceAndCert>