<?xml version="1.0" encoding="utf-8"?><QualityAssuranceAndCert xsi:noNamespaceSchemaLocation="http://ecmps.pqa.com/xsd/QualityAssuranceAndCert_v1_0.xsd" xmlns:xsi="http://www.w3.org/2001/XMLSchema-instance"><ORISCode>52168</ORISCode><Version>1.0</Version><QACertificationEventData><UnitID>00002</UnitID><MonitoringSystemID>N20</MonitoringSystemID><ComponentID>D01</ComponentID><QACertEventCode>1</QACertEventCode><QACertEventDate>2008-03-08</QACertEventDate><QACertEventHour>0</QACertEventHour><RequiredTestCode>22</RequiredTestCode><ConditionalBeginDate></ConditionalBeginDate><ConditionalBeginHour></ConditionalBeginHour><CompletionTestDate>2008-11-18</CompletionTestDate><CompletionTestHour>12</CompletionTestHour></QACertificationEventData></QualityAssuranceAndCert>