<?xml version="1.0" encoding="utf-8"?><?xml-stylesheet type="text/xsl" href="ECMPS_MonitoringPlan.xslt"?><MonitoringPlan xsi:noNamespaceSchemaLocation="http://ecmps.camdsupport.com/xsd/MonitoringPlan.xsd" xmlns:xsi="http://www.w3.org/2001/XMLSchema-instance"><ORISCode>54</ORISCode><Version>1.2</Version><MonitoringLocationData><UnitID>SCT6</UnitID><UnitData><NonLoadBasedIndicator>0</NonLoadBasedIndicator><MonitoringLocationAttribData><DuctIndicator></DuctIndicator><BypassIndicator></BypassIndicator><GroundElevation>801</GroundElevation><StackHeight>150</StackHeight><MaterialCode></MaterialCode><ShapeCode></ShapeCode><CrossAreaFlow></CrossAreaFlow><CrossAreaStackExit>177</CrossAreaStackExit><BeginDate>2004-12-11</BeginDate><EndDate></EndDate></MonitoringLocationAttribData><UnitCapacityData><MaximumHourlyHeatInputCapacity>1300</MaximumHourlyHeatInputCapacity><BeginDate>2004-12-11</BeginDate><EndDate></EndDate></UnitCapacityData><UnitControlData><ParameterCode>NOX</ParameterCode><ControlCode>H2O</ControlCode><OriginalCode>1</OriginalCode><InstallDate></InstallDate><OptimizationDate></OptimizationDate><SeasonalControlsIndicator></SeasonalControlsIndicator><RetireDate></RetireDate></UnitControlData><UnitControlData><ParameterCode>NOX</ParameterCode><ControlCode>DLNB</ControlCode><OriginalCode>1</OriginalCode><InstallDate></InstallDate><OptimizationDate></OptimizationDate><SeasonalControlsIndicator></SeasonalControlsIndicator><RetireDate></RetireDate></UnitControlData><UnitFuelData><FuelCode>OIL</FuelCode><IndicatorCode>S</IndicatorCode><OzoneSeasonIndicator>0</OzoneSeasonIndicator><DemGCV>GHS</DemGCV><DemSO2>SHS</DemSO2><BeginDate>2004-12-11</BeginDate><EndDate></EndDate></UnitFuelData><UnitFuelData><FuelCode>PNG</FuelCode><IndicatorCode>P</IndicatorCode><OzoneSeasonIndicator>0</OzoneSeasonIndicator><DemGCV>GHS</DemGCV><DemSO2></DemSO2><BeginDate>2004-12-11</BeginDate><EndDate></EndDate></UnitFuelData><MonitoringMethodData><ParameterCode>CO2</ParameterCode><MonitoringMethodCode>AD</MonitoringMethodCode><SubstituteDataCode>SPTS</SubstituteDataCode><BypassApproachCode></BypassApproachCode><BeginDate>2005-02-18</BeginDate><BeginHour>0</BeginHour><EndDate></EndDate><EndHour></EndHour></MonitoringMethodData><MonitoringMethodData><ParameterCode>HI</ParameterCode><MonitoringMethodCode>AD</MonitoringMethodCode><SubstituteDataCode>SPTS</SubstituteDataCode><BypassApproachCode></BypassApproachCode><BeginDate>2004-12-11</BeginDate><BeginHour>0</BeginHour><EndDate></EndDate><EndHour></EndHour></MonitoringMethodData><MonitoringMethodData><ParameterCode>NOX</ParameterCode><MonitoringMethodCode>NOXR</MonitoringMethodCode><SubstituteDataCode></SubstituteDataCode><BypassApproachCode></BypassApproachCode><BeginDate>2004-12-11</BeginDate><BeginHour>11</BeginHour><EndDate></EndDate><EndHour></EndHour></MonitoringMethodData><MonitoringMethodData><ParameterCode>NOXR</ParameterCode><MonitoringMethodCode>CEM</MonitoringMethodCode><SubstituteDataCode>SPTS</SubstituteDataCode><BypassApproachCode></BypassApproachCode><BeginDate>2004-12-11</BeginDate><BeginHour>11</BeginHour><EndDate></EndDate><EndHour></EndHour></MonitoringMethodData><MonitoringMethodData><ParameterCode>OP</ParameterCode><MonitoringMethodCode>EXP</MonitoringMethodCode><SubstituteDataCode></SubstituteDataCode><BypassApproachCode></BypassApproachCode><BeginDate>2005-02-18</BeginDate><BeginHour>0</BeginHour><EndDate></EndDate><EndHour></EndHour></MonitoringMethodData><MonitoringMethodData><ParameterCode>SO2</ParameterCode><MonitoringMethodCode>AD</MonitoringMethodCode><SubstituteDataCode>SPTS</SubstituteDataCode><BypassApproachCode></BypassApproachCode><BeginDate>2005-02-18</BeginDate><BeginHour>0</BeginHour><EndDate></EndDate><EndHour></EndHour></MonitoringMethodData><MonitoringFormulaData><FormulaID>G6B</FormulaID><ParameterCode>HI</ParameterCode><FormulaCode>F-20</FormulaCode><FormulaText>((F#(G6A) * (GCV GAS)) / (10**4))</FormulaText><BeginDate>2004-12-11</BeginDate><BeginHour>0</BeginHour><EndDate></EndDate><EndHour></EndHour></MonitoringFormulaData><MonitoringFormulaData><FormulaID>G6C</FormulaID><ParameterCode>SO2</ParameterCode><FormulaCode>D-5</FormulaCode><FormulaText>(0.0006 * F#(G6B))</FormulaText><BeginDate>2004-12-11</BeginDate><BeginHour>0</BeginHour><EndDate></EndDate><EndHour></EndHour></MonitoringFormulaData><MonitoringFormulaData><FormulaID>G6F</FormulaID><ParameterCode>CO2</ParameterCode><FormulaCode>G-4</FormulaCode><FormulaText>(1420 * (F#(G6B)) * (1/385) * 44.0) / 2000</FormulaText><BeginDate>2005-02-18</BeginDate><BeginHour>0</BeginHour><EndDate></EndDate><EndHour></EndHour></MonitoringFormulaData><MonitoringFormulaData><FormulaID>M6H</FormulaID><ParameterCode>NOXR</ParameterCode><FormulaCode>F-5</FormulaCode><FormulaText>((1.194 * 10 ** (-7)) * (S#(820 - 620)) * F#(N6H) * ((20.9) / (20.9 - S#(830 - 630))))</FormulaText><BeginDate>2004-12-11</BeginDate><BeginHour>11</BeginHour><EndDate>2015-01-16</EndDate><EndHour>15</EndHour></MonitoringFormulaData><MonitoringFormulaData><FormulaID>N6T</FormulaID><ParameterCode>NOX</ParameterCode><FormulaCode>F-24A</FormulaCode><FormulaText>NOX_RATE * F#(T6H) =</FormulaText><BeginDate>2004-12-11</BeginDate><BeginHour>11</BeginHour><EndDate></EndDate><EndHour></EndHour></MonitoringFormulaData><MonitoringFormulaData><FormulaID>O6A</FormulaID><ParameterCode>FOIL</ParameterCode><FormulaCode>N-OIL</FormulaCode><FormulaText>(S#(810 - 610) * 60)</FormulaText><BeginDate>2005-10-01</BeginDate><BeginHour>0</BeginHour><EndDate>2005-12-31</EndDate><EndHour>23</EndHour></MonitoringFormulaData><MonitoringFormulaData><FormulaID>O6B</FormulaID><ParameterCode>OILM</ParameterCode><FormulaCode>D-3</FormulaCode><FormulaText>(F#(O6A) * (DENSITY OF OIL))</FormulaText><BeginDate>2004-12-11</BeginDate><BeginHour>0</BeginHour><EndDate></EndDate><EndHour></EndHour></MonitoringFormulaData><MonitoringFormulaData><FormulaID>O6C</FormulaID><ParameterCode>HI</ParameterCode><FormulaCode>F-19</FormulaCode><FormulaText>((F#(O6B) * (GCV OIL)) / (10 **6))</FormulaText><BeginDate>2004-12-11</BeginDate><BeginHour>0</BeginHour><EndDate></EndDate><EndHour></EndHour></MonitoringFormulaData><MonitoringFormulaData><FormulaID>O6D</FormulaID><ParameterCode>SO2</ParameterCode><FormulaCode>D-2</FormulaCode><FormulaText>(2.0 * F#(O6B) * ((%SULPHUR) / 100))</FormulaText><BeginDate>2004-12-11</BeginDate><BeginHour>0</BeginHour><EndDate></EndDate><EndHour></EndHour></MonitoringFormulaData><MonitoringFormulaData><FormulaID>O6F</FormulaID><ParameterCode>CO2</ParameterCode><FormulaCode>G-4</FormulaCode><FormulaText>(1420 * (F#(O6C)) * (1/385) * 44.0) / 2000</FormulaText><BeginDate>2005-02-18</BeginDate><BeginHour>0</BeginHour><EndDate></EndDate><EndHour></EndHour></MonitoringFormulaData><MonitoringFormulaData><FormulaID>T6F</FormulaID><ParameterCode>CO2</ParameterCode><FormulaCode>G-4A</FormulaCode><FormulaText>F#(O6F) + F#(G6F)</FormulaText><BeginDate>2005-02-18</BeginDate><BeginHour>0</BeginHour><EndDate></EndDate><EndHour></EndHour></MonitoringFormulaData><MonitoringFormulaData><FormulaID>T6H</FormulaID><ParameterCode>HI</ParameterCode><FormulaCode>D-15A</FormulaCode><FormulaText>(F#(G6B) * GUNTOPHR) + (F#(O6C) * OUNTOPHR) =</FormulaText><BeginDate>2004-12-11</BeginDate><BeginHour>0</BeginHour><EndDate></EndDate><EndHour></EndHour></MonitoringFormulaData><MonitoringFormulaData><FormulaID>N6H</FormulaID><ParameterCode>FD</ParameterCode><FormulaCode>F-8</FormulaCode><FormulaText>(OIL TIME ON-LINE * 9190) + (GAS TIME ON-LINE * 8710)</FormulaText><BeginDate>2004-12-11</BeginDate><BeginHour>11</BeginHour><EndDate></EndDate><EndHour></EndHour></MonitoringFormulaData><MonitoringFormulaData><FormulaID>M6K</FormulaID><ParameterCode>NOXR</ParameterCode><FormulaCode>F-5</FormulaCode><FormulaText>((1.194 * 10 ** (-7)) * (S#(823 - 620)) * F#(N6H) * ((20.9) / (20.9 - S#(821 - 620))))</FormulaText><BeginDate>2015-01-16</BeginDate><BeginHour>16</BeginHour><EndDate></EndDate><EndHour></EndHour></MonitoringFormulaData><MonitoringFormulaData><FormulaID>O6E</FormulaID><ParameterCode>SO2</ParameterCode><FormulaCode>D-12</FormulaCode><FormulaText>F#(G6C) + F#(O6D)</FormulaText><BeginDate>2005-02-18</BeginDate><BeginHour>0</BeginHour><EndDate></EndDate><EndHour></EndHour></MonitoringFormulaData><MonitoringDefaultData><ParameterCode>O2X</ParameterCode><DefaultValue>19</DefaultValue><DefaultUnitsOfMeasureCode>PCT</DefaultUnitsOfMeasureCode><DefaultPurposeCode>DC</DefaultPurposeCode><FuelCode>NFS</FuelCode><OperatingConditionCode>A</OperatingConditionCode><DefaultSourceCode>DEF</DefaultSourceCode><GroupID></GroupID><BeginDate>2005-04-01</BeginDate><BeginHour>0</BeginHour><EndDate></EndDate><EndHour></EndHour></MonitoringDefaultData><MonitoringDefaultData><ParameterCode>O2X</ParameterCode><DefaultValue>19</DefaultValue><DefaultUnitsOfMeasureCode>PCT</DefaultUnitsOfMeasureCode><DefaultPurposeCode>DC</DefaultPurposeCode><FuelCode>NFS</FuelCode><OperatingConditionCode>A</OperatingConditionCode><DefaultSourceCode>DEF</DefaultSourceCode><GroupID></GroupID><BeginDate>2004-12-11</BeginDate><BeginHour>11</BeginHour><EndDate>2005-03-31</EndDate><EndHour>23</EndHour></MonitoringDefaultData><MonitoringDefaultData><ParameterCode>O2X</ParameterCode><DefaultValue>19</DefaultValue><DefaultUnitsOfMeasureCode>PCT</DefaultUnitsOfMeasureCode><DefaultPurposeCode>DC</DefaultPurposeCode><FuelCode>NFS</FuelCode><OperatingConditionCode>A</OperatingConditionCode><DefaultSourceCode>DEF</DefaultSourceCode><GroupID></GroupID><BeginDate>2004-12-11</BeginDate><BeginHour>11</BeginHour><EndDate>2005-03-31</EndDate><EndHour>23</EndHour></MonitoringDefaultData><MonitoringDefaultData><ParameterCode>O2X</ParameterCode><DefaultValue>19</DefaultValue><DefaultUnitsOfMeasureCode>PCT</DefaultUnitsOfMeasureCode><DefaultPurposeCode>DC</DefaultPurposeCode><FuelCode>NFS</FuelCode><OperatingConditionCode>A</OperatingConditionCode><DefaultSourceCode>DEF</DefaultSourceCode><GroupID></GroupID><BeginDate>2004-12-11</BeginDate><BeginHour>11</BeginHour><EndDate>2005-03-31</EndDate><EndHour>23</EndHour></MonitoringDefaultData><MonitoringDefaultData><ParameterCode>MNGF</ParameterCode><DefaultValue>1</DefaultValue><DefaultUnitsOfMeasureCode>HSCF</DefaultUnitsOfMeasureCode><DefaultPurposeCode>DM</DefaultPurposeCode><FuelCode>PNG</FuelCode><OperatingConditionCode>A</OperatingConditionCode><DefaultSourceCode>DATA</DefaultSourceCode><GroupID></GroupID><BeginDate>2008-10-01</BeginDate><BeginHour>0</BeginHour><EndDate></EndDate><EndHour></EndHour></MonitoringDefaultData><MonitoringDefaultData><ParameterCode>MNOF</ParameterCode><DefaultValue>.7</DefaultValue><DefaultUnitsOfMeasureCode>GALHR</DefaultUnitsOfMeasureCode><DefaultPurposeCode>DM</DefaultPurposeCode><FuelCode>OIL</FuelCode><OperatingConditionCode>A</OperatingConditionCode><DefaultSourceCode>DATA</DefaultSourceCode><GroupID></GroupID><BeginDate>2008-10-01</BeginDate><BeginHour>0</BeginHour><EndDate></EndDate><EndHour></EndHour></MonitoringDefaultData><MonitoringDefaultData><ParameterCode>SO2R</ParameterCode><DefaultValue>.0006</DefaultValue><DefaultUnitsOfMeasureCode>LBMMBTU</DefaultUnitsOfMeasureCode><DefaultPurposeCode>F23</DefaultPurposeCode><FuelCode>PNG</FuelCode><OperatingConditionCode>A</OperatingConditionCode><DefaultSourceCode>DEF</DefaultSourceCode><GroupID></GroupID><BeginDate>2004-12-11</BeginDate><BeginHour>11</BeginHour><EndDate></EndDate><EndHour></EndHour></MonitoringDefaultData><MonitoringDefaultData><ParameterCode>NORX</ParameterCode><DefaultValue>2.414</DefaultValue><DefaultUnitsOfMeasureCode>LBMMBTU</DefaultUnitsOfMeasureCode><DefaultPurposeCode>MD</DefaultPurposeCode><FuelCode>NFS</FuelCode><OperatingConditionCode>A</OperatingConditionCode><DefaultSourceCode>DATA</DefaultSourceCode><GroupID></GroupID><BeginDate>2004-12-11</BeginDate><BeginHour>11</BeginHour><EndDate></EndDate><EndHour></EndHour></MonitoringDefaultData><MonitoringSpanData><ComponentTypeCode>NOX</ComponentTypeCode><SpanScaleCode>H</SpanScaleCode><SpanMethodCode>HD</SpanMethodCode><MECValue>16</MECValue><MPCValue>80</MPCValue><MPFValue></MPFValue><SpanValue>100</SpanValue><FullScaleRange>100</FullScaleRange><SpanUnitsOfMeasureCode>PPM</SpanUnitsOfMeasureCode><ScaleTransitionPoint>19</ScaleTransitionPoint><DefaultHighRange></DefaultHighRange><FlowSpanValue></FlowSpanValue><FlowFullScaleRange></FlowFullScaleRange><BeginDate>2004-12-11</BeginDate><BeginHour>11</BeginHour><EndDate></EndDate><EndHour></EndHour></MonitoringSpanData><MonitoringSpanData><ComponentTypeCode>NOX</ComponentTypeCode><SpanScaleCode>L</SpanScaleCode><SpanMethodCode>HD</SpanMethodCode><MECValue>16</MECValue><MPCValue></MPCValue><MPFValue></MPFValue><SpanValue>20</SpanValue><FullScaleRange>20</FullScaleRange><SpanUnitsOfMeasureCode>PPM</SpanUnitsOfMeasureCode><ScaleTransitionPoint>19</ScaleTransitionPoint><DefaultHighRange></DefaultHighRange><FlowSpanValue></FlowSpanValue><FlowFullScaleRange></FlowFullScaleRange><BeginDate>2004-12-11</BeginDate><BeginHour>11</BeginHour><EndDate></EndDate><EndHour></EndHour></MonitoringSpanData><MonitoringSpanData><ComponentTypeCode>O2</ComponentTypeCode><SpanScaleCode>H</SpanScaleCode><SpanMethodCode></SpanMethodCode><MECValue></MECValue><MPCValue></MPCValue><MPFValue></MPFValue><SpanValue>25</SpanValue><FullScaleRange>25</FullScaleRange><SpanUnitsOfMeasureCode>PCT</SpanUnitsOfMeasureCode><ScaleTransitionPoint></ScaleTransitionPoint><DefaultHighRange></DefaultHighRange><FlowSpanValue></FlowSpanValue><FlowFullScaleRange></FlowFullScaleRange><BeginDate>2004-12-11</BeginDate><BeginHour>11</BeginHour><EndDate></EndDate><EndHour></EndHour></MonitoringSpanData><MonitoringLoadData><MaximumLoadValue>98</MaximumLoadValue><MaximumLoadUnitsOfMeasureCode>MW</MaximumLoadUnitsOfMeasureCode><LowerOperationBoundary>20</LowerOperationBoundary><UpperOperationBoundary>105</UpperOperationBoundary><NormalLevelCode></NormalLevelCode><SecondLevelCode></SecondLevelCode><SecondNormalIndicator></SecondNormalIndicator><LoadAnalysisDate></LoadAnalysisDate><BeginDate>2004-12-11</BeginDate><BeginHour>0</BeginHour><EndDate>2006-03-31</EndDate><EndHour>23</EndHour></MonitoringLoadData><MonitoringLoadData><MaximumLoadValue>98</MaximumLoadValue><MaximumLoadUnitsOfMeasureCode>MW</MaximumLoadUnitsOfMeasureCode><LowerOperationBoundary>20</LowerOperationBoundary><UpperOperationBoundary>105</UpperOperationBoundary><NormalLevelCode></NormalLevelCode><SecondLevelCode></SecondLevelCode><SecondNormalIndicator></SecondNormalIndicator><LoadAnalysisDate></LoadAnalysisDate><BeginDate>2006-04-01</BeginDate><BeginHour>0</BeginHour><EndDate>2006-09-30</EndDate><EndHour>23</EndHour></MonitoringLoadData><MonitoringLoadData><MaximumLoadValue>98</MaximumLoadValue><MaximumLoadUnitsOfMeasureCode>MW</MaximumLoadUnitsOfMeasureCode><LowerOperationBoundary>10</LowerOperationBoundary><UpperOperationBoundary>98</UpperOperationBoundary><NormalLevelCode></NormalLevelCode><SecondLevelCode></SecondLevelCode><SecondNormalIndicator></SecondNormalIndicator><LoadAnalysisDate></LoadAnalysisDate><BeginDate>2006-10-01</BeginDate><BeginHour>0</BeginHour><EndDate>2012-12-31</EndDate><EndHour>23</EndHour></MonitoringLoadData><MonitoringLoadData><MaximumLoadValue>98</MaximumLoadValue><MaximumLoadUnitsOfMeasureCode>MW</MaximumLoadUnitsOfMeasureCode><LowerOperationBoundary>10</LowerOperationBoundary><UpperOperationBoundary>98</UpperOperationBoundary><NormalLevelCode>M</NormalLevelCode><SecondLevelCode>H</SecondLevelCode><SecondNormalIndicator>1</SecondNormalIndicator><LoadAnalysisDate>2018-01-01</LoadAnalysisDate><BeginDate>2018-01-01</BeginDate><BeginHour>0</BeginHour><EndDate></EndDate><EndHour></EndHour></MonitoringLoadData><MonitoringLoadData><MaximumLoadValue>98</MaximumLoadValue><MaximumLoadUnitsOfMeasureCode>MW</MaximumLoadUnitsOfMeasureCode><LowerOperationBoundary>10</LowerOperationBoundary><UpperOperationBoundary>98</UpperOperationBoundary><NormalLevelCode>H</NormalLevelCode><SecondLevelCode>M</SecondLevelCode><SecondNormalIndicator>1</SecondNormalIndicator><LoadAnalysisDate>2012-12-31</LoadAnalysisDate><BeginDate>2013-01-01</BeginDate><BeginHour>0</BeginHour><EndDate>2017-12-31</EndDate><EndHour>23</EndHour></MonitoringLoadData><ComponentData><ComponentID>822</ComponentID><ComponentTypeCode>PRB</ComponentTypeCode><SampleAcquisitionMethodCode></SampleAcquisitionMethodCode><BasisCode></BasisCode><Manufacturer>UNIVERAL ANALYZER</Manufacturer><ModelVersion>270</ModelVersion><SerialNumber>SCT6-1</SerialNumber><HgConverterIndicator></HgConverterIndicator></ComponentData><ComponentData><ComponentID>800</ComponentID><ComponentTypeCode>GFFM</ComponentTypeCode><SampleAcquisitionMethodCode>ORF</SampleAcquisitionMethodCode><BasisCode></BasisCode><Manufacturer>ROSEMOUNT</Manufacturer><ModelVersion>3095MA</ModelVersion><SerialNumber>0099436</SerialNumber><HgConverterIndicator></HgConverterIndicator></ComponentData><ComponentData><ComponentID>801</ComponentID><ComponentTypeCode>GFFM</ComponentTypeCode><SampleAcquisitionMethodCode>ORF</SampleAcquisitionMethodCode><BasisCode></BasisCode><Manufacturer>ROSEMOUNT</Manufacturer><ModelVersion>3095</ModelVersion><SerialNumber>0091039</SerialNumber><HgConverterIndicator></HgConverterIndicator></ComponentData><ComponentData><ComponentID>805</ComponentID><ComponentTypeCode>GFFM</ComponentTypeCode><SampleAcquisitionMethodCode>ORF</SampleAcquisitionMethodCode><BasisCode></BasisCode><Manufacturer>ROSEMOUNT</Manufacturer><ModelVersion>3095MA</ModelVersion><SerialNumber>0193707</SerialNumber><HgConverterIndicator></HgConverterIndicator></ComponentData><ComponentData><ComponentID>810</ComponentID><ComponentTypeCode>OFFM</ComponentTypeCode><SampleAcquisitionMethodCode>ORF</SampleAcquisitionMethodCode><BasisCode></BasisCode><Manufacturer>ROSEMOUNT</Manufacturer><ModelVersion>3095MA</ModelVersion><SerialNumber>0121966</SerialNumber><HgConverterIndicator></HgConverterIndicator></ComponentData><ComponentData><ComponentID>811</ComponentID><ComponentTypeCode>OFFM</ComponentTypeCode><SampleAcquisitionMethodCode>ORF</SampleAcquisitionMethodCode><BasisCode></BasisCode><Manufacturer>ROSEMOUNT</Manufacturer><ModelVersion>3095</ModelVersion><SerialNumber>0091039</SerialNumber><HgConverterIndicator></HgConverterIndicator></ComponentData><ComponentData><ComponentID>820</ComponentID><ComponentTypeCode>NOX</ComponentTypeCode><SampleAcquisitionMethodCode>EXT</SampleAcquisitionMethodCode><BasisCode>D</BasisCode><Manufacturer>TECO</Manufacturer><ModelVersion>42C</ModelVersion><SerialNumber>0417006734</SerialNumber><HgConverterIndicator></HgConverterIndicator><AnalyzerRangeData><AnalyzerRangeCode>A</AnalyzerRangeCode><DualRangeIndicator>1</DualRangeIndicator><BeginDate>2004-12-11</BeginDate><BeginHour>11</BeginHour><EndDate>2015-01-16</EndDate><EndHour>15</EndHour></AnalyzerRangeData></ComponentData><ComponentData><ComponentID>821</ComponentID><ComponentTypeCode>O2</ComponentTypeCode><SampleAcquisitionMethodCode>EXT</SampleAcquisitionMethodCode><BasisCode>D</BasisCode><Manufacturer>SERVOMEX</Manufacturer><ModelVersion>1440D</ModelVersion><SerialNumber>01440DIVO2/3631</SerialNumber><HgConverterIndicator></HgConverterIndicator><AnalyzerRangeData><AnalyzerRangeCode>H</AnalyzerRangeCode><DualRangeIndicator>0</DualRangeIndicator><BeginDate>2004-12-11</BeginDate><BeginHour>11</BeginHour><EndDate></EndDate><EndHour></EndHour></AnalyzerRangeData></ComponentData><ComponentData><ComponentID>999</ComponentID><ComponentTypeCode>DAHS</ComponentTypeCode><SampleAcquisitionMethodCode></SampleAcquisitionMethodCode><BasisCode></BasisCode><Manufacturer>ESC</Manufacturer><ModelVersion>STACKVISION</ModelVersion><SerialNumber></SerialNumber><HgConverterIndicator></HgConverterIndicator></ComponentData><ComponentData><ComponentID>823</ComponentID><ComponentTypeCode>NOX</ComponentTypeCode><SampleAcquisitionMethodCode>EXT</SampleAcquisitionMethodCode><BasisCode>D</BasisCode><Manufacturer>TEI</Manufacturer><ModelVersion>42ILS-ANSSPCB</ModelVersion><SerialNumber>1405560962</SerialNumber><HgConverterIndicator></HgConverterIndicator><AnalyzerRangeData><AnalyzerRangeCode>A</AnalyzerRangeCode><DualRangeIndicator>1</DualRangeIndicator><BeginDate>2015-01-16</BeginDate><BeginHour>16</BeginHour><EndDate></EndDate><EndHour></EndHour></AnalyzerRangeData></ComponentData><MonitoringSystemData><MonitoringSystemID>600</MonitoringSystemID><SystemTypeCode>GAS</SystemTypeCode><SystemDesignationCode>P</SystemDesignationCode><FuelCode>PNG</FuelCode><BeginDate>2004-12-11</BeginDate><BeginHour>0</BeginHour><EndDate></EndDate><EndHour></EndHour><MonitoringSystemComponentData><ComponentID>800</ComponentID><BeginDate>2004-12-11</BeginDate><BeginHour>0</BeginHour><EndDate>2007-12-31</EndDate><EndHour>23</EndHour></MonitoringSystemComponentData><MonitoringSystemComponentData><ComponentID>801</ComponentID><BeginDate>2005-10-01</BeginDate><BeginHour>0</BeginHour><EndDate>2005-12-31</EndDate><EndHour>23</EndHour></MonitoringSystemComponentData><MonitoringSystemComponentData><ComponentID>805</ComponentID><BeginDate>2006-07-01</BeginDate><BeginHour>0</BeginHour><EndDate></EndDate><EndHour></EndHour></MonitoringSystemComponentData><MonitoringSystemComponentData><ComponentID>999</ComponentID><BeginDate>2004-12-11</BeginDate><BeginHour>0</BeginHour><EndDate></EndDate><EndHour></EndHour></MonitoringSystemComponentData><MonitoringSystemFuelFlowData><MaximumFuelFlowRate>27000</MaximumFuelFlowRate><SystemFuelFlowUOMCode>HSCF</SystemFuelFlowUOMCode><MaximumFuelFlowRateSourceCode>URV</MaximumFuelFlowRateSourceCode><BeginDate>2004-12-11</BeginDate><BeginHour>0</BeginHour><EndDate></EndDate><EndHour></EndHour></MonitoringSystemFuelFlowData></MonitoringSystemData><MonitoringSystemData><MonitoringSystemID>610</MonitoringSystemID><SystemTypeCode>OILV</SystemTypeCode><SystemDesignationCode>P</SystemDesignationCode><FuelCode>OIL</FuelCode><BeginDate>2004-12-11</BeginDate><BeginHour>0</BeginHour><EndDate></EndDate><EndHour></EndHour><MonitoringSystemComponentData><ComponentID>810</ComponentID><BeginDate>2004-12-11</BeginDate><BeginHour>0</BeginHour><EndDate></EndDate><EndHour></EndHour></MonitoringSystemComponentData><MonitoringSystemComponentData><ComponentID>811</ComponentID><BeginDate>2005-10-01</BeginDate><BeginHour>0</BeginHour><EndDate>2005-12-31</EndDate><EndHour>23</EndHour></MonitoringSystemComponentData><MonitoringSystemComponentData><ComponentID>999</ComponentID><BeginDate>2004-12-11</BeginDate><BeginHour>0</BeginHour><EndDate></EndDate><EndHour></EndHour></MonitoringSystemComponentData><MonitoringSystemFuelFlowData><MaximumFuelFlowRate>15000</MaximumFuelFlowRate><SystemFuelFlowUOMCode>GALHR</SystemFuelFlowUOMCode><MaximumFuelFlowRateSourceCode>URV</MaximumFuelFlowRateSourceCode><BeginDate>2004-12-11</BeginDate><BeginHour>0</BeginHour><EndDate></EndDate><EndHour></EndHour></MonitoringSystemFuelFlowData></MonitoringSystemData><MonitoringSystemData><MonitoringSystemID>620</MonitoringSystemID><SystemTypeCode>NOX</SystemTypeCode><SystemDesignationCode>P</SystemDesignationCode><FuelCode>NFS</FuelCode><BeginDate>2004-12-11</BeginDate><BeginHour>11</BeginHour><EndDate></EndDate><EndHour></EndHour><MonitoringSystemComponentData><ComponentID>820</ComponentID><BeginDate>2004-12-11</BeginDate><BeginHour>11</BeginHour><EndDate>2015-01-16</EndDate><EndHour>15</EndHour></MonitoringSystemComponentData><MonitoringSystemComponentData><ComponentID>821</ComponentID><BeginDate>2004-12-11</BeginDate><BeginHour>11</BeginHour><EndDate></EndDate><EndHour></EndHour></MonitoringSystemComponentData><MonitoringSystemComponentData><ComponentID>999</ComponentID><BeginDate>2004-12-11</BeginDate><BeginHour>11</BeginHour><EndDate></EndDate><EndHour></EndHour></MonitoringSystemComponentData><MonitoringSystemComponentData><ComponentID>823</ComponentID><BeginDate>2015-01-16</BeginDate><BeginHour>16</BeginHour><EndDate></EndDate><EndHour></EndHour></MonitoringSystemComponentData><MonitoringSystemComponentData><ComponentID>822</ComponentID><BeginDate>2004-12-11</BeginDate><BeginHour>11</BeginHour><EndDate></EndDate><EndHour></EndHour></MonitoringSystemComponentData></MonitoringSystemData><MonitoringQualificationData><QualificationTypeCode>PK</QualificationTypeCode><BeginDate>2005-01-01</BeginDate><EndDate>2012-12-31</EndDate><MonitoringQualPercentData><QualificationYear>2010</QualificationYear><AveragePercentValue>4.6</AveragePercentValue><Yr1QualificationDataYear>2007</Yr1QualificationDataYear><Yr1QualificationDataTypeCode>A</Yr1QualificationDataTypeCode><Yr1PercentageValue>8</Yr1PercentageValue><Yr2QualificationDataYear>2008</Yr2QualificationDataYear><Yr2QualificationDataTypeCode>A</Yr2QualificationDataTypeCode><Yr2PercentageValue>2.6</Yr2PercentageValue><Yr3QualificationDataYear>2009</Yr3QualificationDataYear><Yr3QualificationDataTypeCode>A</Yr3QualificationDataTypeCode><Yr3PercentageValue>3.1</Yr3PercentageValue></MonitoringQualPercentData><MonitoringQualPercentData><QualificationYear>2011</QualificationYear><AveragePercentValue>5.3</AveragePercentValue><Yr1QualificationDataYear>2008</Yr1QualificationDataYear><Yr1QualificationDataTypeCode>A</Yr1QualificationDataTypeCode><Yr1PercentageValue>2.6</Yr1PercentageValue><Yr2QualificationDataYear>2009</Yr2QualificationDataYear><Yr2QualificationDataTypeCode>A</Yr2QualificationDataTypeCode><Yr2PercentageValue>3.1</Yr2PercentageValue><Yr3QualificationDataYear>2010</Yr3QualificationDataYear><Yr3QualificationDataTypeCode>A</Yr3QualificationDataTypeCode><Yr3PercentageValue>10.3</Yr3PercentageValue></MonitoringQualPercentData><MonitoringQualPercentData><QualificationYear>2013</QualificationYear><AveragePercentValue>10.9</AveragePercentValue><Yr1QualificationDataYear>2010</Yr1QualificationDataYear><Yr1QualificationDataTypeCode>A</Yr1QualificationDataTypeCode><Yr1PercentageValue>10.3</Yr1PercentageValue><Yr2QualificationDataYear>2011</Yr2QualificationDataYear><Yr2QualificationDataTypeCode>A</Yr2QualificationDataTypeCode><Yr2PercentageValue>9.1</Yr2PercentageValue><Yr3QualificationDataYear>2012</Yr3QualificationDataYear><Yr3QualificationDataTypeCode>A</Yr3QualificationDataTypeCode><Yr3PercentageValue>13.3</Yr3PercentageValue></MonitoringQualPercentData><MonitoringQualPercentData><QualificationYear>2008</QualificationYear><AveragePercentValue>9.8</AveragePercentValue><Yr1QualificationDataYear>2005</Yr1QualificationDataYear><Yr1QualificationDataTypeCode>A</Yr1QualificationDataTypeCode><Yr1PercentageValue>14.2</Yr1PercentageValue><Yr2QualificationDataYear>2006</Yr2QualificationDataYear><Yr2QualificationDataTypeCode>A</Yr2QualificationDataTypeCode><Yr2PercentageValue>7.3</Yr2PercentageValue><Yr3QualificationDataYear>2007</Yr3QualificationDataYear><Yr3QualificationDataTypeCode>A</Yr3QualificationDataTypeCode><Yr3PercentageValue>8</Yr3PercentageValue></MonitoringQualPercentData><MonitoringQualPercentData><QualificationYear>2007</QualificationYear><AveragePercentValue>9.8</AveragePercentValue><Yr1QualificationDataYear>2005</Yr1QualificationDataYear><Yr1QualificationDataTypeCode>A</Yr1QualificationDataTypeCode><Yr1PercentageValue>14.2</Yr1PercentageValue><Yr2QualificationDataYear>2006</Yr2QualificationDataYear><Yr2QualificationDataTypeCode>A</Yr2QualificationDataTypeCode><Yr2PercentageValue>7.3</Yr2PercentageValue><Yr3QualificationDataYear>2007</Yr3QualificationDataYear><Yr3QualificationDataTypeCode>P</Yr3QualificationDataTypeCode><Yr3PercentageValue>8</Yr3PercentageValue></MonitoringQualPercentData><MonitoringQualPercentData><QualificationYear>2006</QualificationYear><AveragePercentValue>9.7</AveragePercentValue><Yr1QualificationDataYear>2005</Yr1QualificationDataYear><Yr1QualificationDataTypeCode>A</Yr1QualificationDataTypeCode><Yr1PercentageValue>14.2</Yr1PercentageValue><Yr2QualificationDataYear>2006</Yr2QualificationDataYear><Yr2QualificationDataTypeCode>P</Yr2QualificationDataTypeCode><Yr2PercentageValue>10</Yr2PercentageValue><Yr3QualificationDataYear>2007</Yr3QualificationDataYear><Yr3QualificationDataTypeCode>P</Yr3QualificationDataTypeCode><Yr3PercentageValue>5</Yr3PercentageValue></MonitoringQualPercentData><MonitoringQualPercentData><QualificationYear>2005</QualificationYear><AveragePercentValue>10</AveragePercentValue><Yr1QualificationDataYear>2005</Yr1QualificationDataYear><Yr1QualificationDataTypeCode>P</Yr1QualificationDataTypeCode><Yr1PercentageValue>10</Yr1PercentageValue><Yr2QualificationDataYear>2006</Yr2QualificationDataYear><Yr2QualificationDataTypeCode>P</Yr2QualificationDataTypeCode><Yr2PercentageValue>10</Yr2PercentageValue><Yr3QualificationDataYear>2007</Yr3QualificationDataYear><Yr3QualificationDataTypeCode>P</Yr3QualificationDataTypeCode><Yr3PercentageValue>10</Yr3PercentageValue></MonitoringQualPercentData><MonitoringQualPercentData><QualificationYear>2009</QualificationYear><AveragePercentValue>6</AveragePercentValue><Yr1QualificationDataYear>2006</Yr1QualificationDataYear><Yr1QualificationDataTypeCode>A</Yr1QualificationDataTypeCode><Yr1PercentageValue>7.3</Yr1PercentageValue><Yr2QualificationDataYear>2007</Yr2QualificationDataYear><Yr2QualificationDataTypeCode>A</Yr2QualificationDataTypeCode><Yr2PercentageValue>8</Yr2PercentageValue><Yr3QualificationDataYear>2008</Yr3QualificationDataYear><Yr3QualificationDataTypeCode>A</Yr3QualificationDataTypeCode><Yr3PercentageValue>2.6</Yr3PercentageValue></MonitoringQualPercentData><MonitoringQualPercentData><QualificationYear>2012</QualificationYear><AveragePercentValue>7.5</AveragePercentValue><Yr1QualificationDataYear>2009</Yr1QualificationDataYear><Yr1QualificationDataTypeCode>A</Yr1QualificationDataTypeCode><Yr1PercentageValue>3.1</Yr1PercentageValue><Yr2QualificationDataYear>2010</Yr2QualificationDataYear><Yr2QualificationDataTypeCode>A</Yr2QualificationDataTypeCode><Yr2PercentageValue>10.3</Yr2PercentageValue><Yr3QualificationDataYear>2011</Yr3QualificationDataYear><Yr3QualificationDataTypeCode>A</Yr3QualificationDataTypeCode><Yr3PercentageValue>9.1</Yr3PercentageValue></MonitoringQualPercentData></MonitoringQualificationData><MonitoringQualificationData><QualificationTypeCode>GF</QualificationTypeCode><BeginDate>2005-01-01</BeginDate><EndDate></EndDate><MonitoringQualPercentData><QualificationYear>2022</QualificationYear><AveragePercentValue>99.9</AveragePercentValue><Yr1QualificationDataYear>2019</Yr1QualificationDataYear><Yr1QualificationDataTypeCode>A</Yr1QualificationDataTypeCode><Yr1PercentageValue>99.9</Yr1PercentageValue><Yr2QualificationDataYear>2020</Yr2QualificationDataYear><Yr2QualificationDataTypeCode>A</Yr2QualificationDataTypeCode><Yr2PercentageValue>99.9</Yr2PercentageValue><Yr3QualificationDataYear>2021</Yr3QualificationDataYear><Yr3QualificationDataTypeCode>A</Yr3QualificationDataTypeCode><Yr3PercentageValue>99.9</Yr3PercentageValue></MonitoringQualPercentData><MonitoringQualPercentData><QualificationYear>2020</QualificationYear><AveragePercentValue>99.7</AveragePercentValue><Yr1QualificationDataYear>2017</Yr1QualificationDataYear><Yr1QualificationDataTypeCode>A</Yr1QualificationDataTypeCode><Yr1PercentageValue>99.6</Yr1PercentageValue><Yr2QualificationDataYear>2018</Yr2QualificationDataYear><Yr2QualificationDataTypeCode>A</Yr2QualificationDataTypeCode><Yr2PercentageValue>99.7</Yr2PercentageValue><Yr3QualificationDataYear>2019</Yr3QualificationDataYear><Yr3QualificationDataTypeCode>A</Yr3QualificationDataTypeCode><Yr3PercentageValue>99.9</Yr3PercentageValue></MonitoringQualPercentData><MonitoringQualPercentData><QualificationYear>2008</QualificationYear><AveragePercentValue>98.7</AveragePercentValue><Yr1QualificationDataYear>2005</Yr1QualificationDataYear><Yr1QualificationDataTypeCode>A</Yr1QualificationDataTypeCode><Yr1PercentageValue>96.1</Yr1PercentageValue><Yr2QualificationDataYear>2006</Yr2QualificationDataYear><Yr2QualificationDataTypeCode>A</Yr2QualificationDataTypeCode><Yr2PercentageValue>100</Yr2PercentageValue><Yr3QualificationDataYear>2007</Yr3QualificationDataYear><Yr3QualificationDataTypeCode>A</Yr3QualificationDataTypeCode><Yr3PercentageValue>99.9</Yr3PercentageValue></MonitoringQualPercentData><MonitoringQualPercentData><QualificationYear>2007</QualificationYear><AveragePercentValue>95.4</AveragePercentValue><Yr1QualificationDataYear>2005</Yr1QualificationDataYear><Yr1QualificationDataTypeCode>A</Yr1QualificationDataTypeCode><Yr1PercentageValue>96.1</Yr1PercentageValue><Yr2QualificationDataYear>2006</Yr2QualificationDataYear><Yr2QualificationDataTypeCode>A</Yr2QualificationDataTypeCode><Yr2PercentageValue>100</Yr2PercentageValue><Yr3QualificationDataYear>2007</Yr3QualificationDataYear><Yr3QualificationDataTypeCode>P</Yr3QualificationDataTypeCode><Yr3PercentageValue>90</Yr3PercentageValue></MonitoringQualPercentData><MonitoringQualPercentData><QualificationYear>2006</QualificationYear><AveragePercentValue>92</AveragePercentValue><Yr1QualificationDataYear>2005</Yr1QualificationDataYear><Yr1QualificationDataTypeCode>A</Yr1QualificationDataTypeCode><Yr1PercentageValue>96.1</Yr1PercentageValue><Yr2QualificationDataYear>2006</Yr2QualificationDataYear><Yr2QualificationDataTypeCode>P</Yr2QualificationDataTypeCode><Yr2PercentageValue>90</Yr2PercentageValue><Yr3QualificationDataYear>2007</Yr3QualificationDataYear><Yr3QualificationDataTypeCode>P</Yr3QualificationDataTypeCode><Yr3PercentageValue>90</Yr3PercentageValue></MonitoringQualPercentData><MonitoringQualPercentData><QualificationYear>2005</QualificationYear><AveragePercentValue>90</AveragePercentValue><Yr1QualificationDataYear>2005</Yr1QualificationDataYear><Yr1QualificationDataTypeCode>P</Yr1QualificationDataTypeCode><Yr1PercentageValue>90</Yr1PercentageValue><Yr2QualificationDataYear>2006</Yr2QualificationDataYear><Yr2QualificationDataTypeCode>P</Yr2QualificationDataTypeCode><Yr2PercentageValue>90</Yr2PercentageValue><Yr3QualificationDataYear>2007</Yr3QualificationDataYear><Yr3QualificationDataTypeCode>P</Yr3QualificationDataTypeCode><Yr3PercentageValue>90</Yr3PercentageValue></MonitoringQualPercentData><MonitoringQualPercentData><QualificationYear>2016</QualificationYear><AveragePercentValue>99.5</AveragePercentValue><Yr1QualificationDataYear>2013</Yr1QualificationDataYear><Yr1QualificationDataTypeCode>A</Yr1QualificationDataTypeCode><Yr1PercentageValue>99.5</Yr1PercentageValue><Yr2QualificationDataYear>2014</Yr2QualificationDataYear><Yr2QualificationDataTypeCode>A</Yr2QualificationDataTypeCode><Yr2PercentageValue>99.6</Yr2PercentageValue><Yr3QualificationDataYear>2015</Yr3QualificationDataYear><Yr3QualificationDataTypeCode>A</Yr3QualificationDataTypeCode><Yr3PercentageValue>99.3</Yr3PercentageValue></MonitoringQualPercentData><MonitoringQualPercentData><QualificationYear>2010</QualificationYear><AveragePercentValue>97.1</AveragePercentValue><Yr1QualificationDataYear>2007</Yr1QualificationDataYear><Yr1QualificationDataTypeCode>A</Yr1QualificationDataTypeCode><Yr1PercentageValue>99.9</Yr1PercentageValue><Yr2QualificationDataYear>2008</Yr2QualificationDataYear><Yr2QualificationDataTypeCode>A</Yr2QualificationDataTypeCode><Yr2PercentageValue>97.8</Yr2PercentageValue><Yr3QualificationDataYear>2009</Yr3QualificationDataYear><Yr3QualificationDataTypeCode>A</Yr3QualificationDataTypeCode><Yr3PercentageValue>93.6</Yr3PercentageValue></MonitoringQualPercentData><MonitoringQualPercentData><QualificationYear>2014</QualificationYear><AveragePercentValue>98.8</AveragePercentValue><Yr1QualificationDataYear>2011</Yr1QualificationDataYear><Yr1QualificationDataTypeCode>A</Yr1QualificationDataTypeCode><Yr1PercentageValue>96.8</Yr1PercentageValue><Yr2QualificationDataYear>2012</Yr2QualificationDataYear><Yr2QualificationDataTypeCode>A</Yr2QualificationDataTypeCode><Yr2PercentageValue>100</Yr2PercentageValue><Yr3QualificationDataYear>2013</Yr3QualificationDataYear><Yr3QualificationDataTypeCode>A</Yr3QualificationDataTypeCode><Yr3PercentageValue>99.5</Yr3PercentageValue></MonitoringQualPercentData><MonitoringQualPercentData><QualificationYear>2011</QualificationYear><AveragePercentValue>96.5</AveragePercentValue><Yr1QualificationDataYear>2008</Yr1QualificationDataYear><Yr1QualificationDataTypeCode>A</Yr1QualificationDataTypeCode><Yr1PercentageValue>97.8</Yr1PercentageValue><Yr2QualificationDataYear>2009</Yr2QualificationDataYear><Yr2QualificationDataTypeCode>A</Yr2QualificationDataTypeCode><Yr2PercentageValue>93.6</Yr2PercentageValue><Yr3QualificationDataYear>2010</Yr3QualificationDataYear><Yr3QualificationDataTypeCode>A</Yr3QualificationDataTypeCode><Yr3PercentageValue>98</Yr3PercentageValue></MonitoringQualPercentData><MonitoringQualPercentData><QualificationYear>2019</QualificationYear><AveragePercentValue>99.8</AveragePercentValue><Yr1QualificationDataYear>2016</Yr1QualificationDataYear><Yr1QualificationDataTypeCode>A</Yr1QualificationDataTypeCode><Yr1PercentageValue>99.9</Yr1PercentageValue><Yr2QualificationDataYear>2017</Yr2QualificationDataYear><Yr2QualificationDataTypeCode>A</Yr2QualificationDataTypeCode><Yr2PercentageValue>100</Yr2PercentageValue><Yr3QualificationDataYear>2018</Yr3QualificationDataYear><Yr3QualificationDataTypeCode>A</Yr3QualificationDataTypeCode><Yr3PercentageValue>99.4</Yr3PercentageValue></MonitoringQualPercentData><MonitoringQualPercentData><QualificationYear>2015</QualificationYear><AveragePercentValue>99.7</AveragePercentValue><Yr1QualificationDataYear>2012</Yr1QualificationDataYear><Yr1QualificationDataTypeCode>A</Yr1QualificationDataTypeCode><Yr1PercentageValue>100</Yr1PercentageValue><Yr2QualificationDataYear>2013</Yr2QualificationDataYear><Yr2QualificationDataTypeCode>A</Yr2QualificationDataTypeCode><Yr2PercentageValue>99.5</Yr2PercentageValue><Yr3QualificationDataYear>2014</Yr3QualificationDataYear><Yr3QualificationDataTypeCode>A</Yr3QualificationDataTypeCode><Yr3PercentageValue>99.6</Yr3PercentageValue></MonitoringQualPercentData><MonitoringQualPercentData><QualificationYear>2013</QualificationYear><AveragePercentValue>98.3</AveragePercentValue><Yr1QualificationDataYear>2010</Yr1QualificationDataYear><Yr1QualificationDataTypeCode>A</Yr1QualificationDataTypeCode><Yr1PercentageValue>98</Yr1PercentageValue><Yr2QualificationDataYear>2011</Yr2QualificationDataYear><Yr2QualificationDataTypeCode>A</Yr2QualificationDataTypeCode><Yr2PercentageValue>96.8</Yr2PercentageValue><Yr3QualificationDataYear>2012</Yr3QualificationDataYear><Yr3QualificationDataTypeCode>A</Yr3QualificationDataTypeCode><Yr3PercentageValue>100</Yr3PercentageValue></MonitoringQualPercentData><MonitoringQualPercentData><QualificationYear>2017</QualificationYear><AveragePercentValue>99.6</AveragePercentValue><Yr1QualificationDataYear>2014</Yr1QualificationDataYear><Yr1QualificationDataTypeCode>A</Yr1QualificationDataTypeCode><Yr1PercentageValue>99.6</Yr1PercentageValue><Yr2QualificationDataYear>2015</Yr2QualificationDataYear><Yr2QualificationDataTypeCode>A</Yr2QualificationDataTypeCode><Yr2PercentageValue>99.3</Yr2PercentageValue><Yr3QualificationDataYear>2016</Yr3QualificationDataYear><Yr3QualificationDataTypeCode>A</Yr3QualificationDataTypeCode><Yr3PercentageValue>99.9</Yr3PercentageValue></MonitoringQualPercentData><MonitoringQualPercentData><QualificationYear>2021</QualificationYear><AveragePercentValue>99.8</AveragePercentValue><Yr1QualificationDataYear>2018</Yr1QualificationDataYear><Yr1QualificationDataTypeCode>A</Yr1QualificationDataTypeCode><Yr1PercentageValue>99.7</Yr1PercentageValue><Yr2QualificationDataYear>2019</Yr2QualificationDataYear><Yr2QualificationDataTypeCode>A</Yr2QualificationDataTypeCode><Yr2PercentageValue>99.9</Yr2PercentageValue><Yr3QualificationDataYear>2020</Yr3QualificationDataYear><Yr3QualificationDataTypeCode>A</Yr3QualificationDataTypeCode><Yr3PercentageValue>99.9</Yr3PercentageValue></MonitoringQualPercentData><MonitoringQualPercentData><QualificationYear>2009</QualificationYear><AveragePercentValue>99.2</AveragePercentValue><Yr1QualificationDataYear>2006</Yr1QualificationDataYear><Yr1QualificationDataTypeCode>A</Yr1QualificationDataTypeCode><Yr1PercentageValue>100</Yr1PercentageValue><Yr2QualificationDataYear>2007</Yr2QualificationDataYear><Yr2QualificationDataTypeCode>A</Yr2QualificationDataTypeCode><Yr2PercentageValue>99.9</Yr2PercentageValue><Yr3QualificationDataYear>2008</Yr3QualificationDataYear><Yr3QualificationDataTypeCode>A</Yr3QualificationDataTypeCode><Yr3PercentageValue>97.8</Yr3PercentageValue></MonitoringQualPercentData><MonitoringQualPercentData><QualificationYear>2018</QualificationYear><AveragePercentValue>99.7</AveragePercentValue><Yr1QualificationDataYear>2015</Yr1QualificationDataYear><Yr1QualificationDataTypeCode>A</Yr1QualificationDataTypeCode><Yr1PercentageValue>99.3</Yr1PercentageValue><Yr2QualificationDataYear>2016</Yr2QualificationDataYear><Yr2QualificationDataTypeCode>A</Yr2QualificationDataTypeCode><Yr2PercentageValue>99.9</Yr2PercentageValue><Yr3QualificationDataYear>2017</Yr3QualificationDataYear><Yr3QualificationDataTypeCode>A</Yr3QualificationDataTypeCode><Yr3PercentageValue>100</Yr3PercentageValue></MonitoringQualPercentData><MonitoringQualPercentData><QualificationYear>2012</QualificationYear><AveragePercentValue>96.1</AveragePercentValue><Yr1QualificationDataYear>2009</Yr1QualificationDataYear><Yr1QualificationDataTypeCode>A</Yr1QualificationDataTypeCode><Yr1PercentageValue>93.6</Yr1PercentageValue><Yr2QualificationDataYear>2010</Yr2QualificationDataYear><Yr2QualificationDataTypeCode>A</Yr2QualificationDataTypeCode><Yr2PercentageValue>98</Yr2PercentageValue><Yr3QualificationDataYear>2011</Yr3QualificationDataYear><Yr3QualificationDataTypeCode>A</Yr3QualificationDataTypeCode><Yr3PercentageValue>96.8</Yr3PercentageValue></MonitoringQualPercentData></MonitoringQualificationData></UnitData></MonitoringLocationData></MonitoringPlan>