<?xml version="1.0" encoding="utf-8"?><?xml-stylesheet type="text/xsl" href="ECMPS_MonitoringPlan.xslt"?><MonitoringPlan xsi:noNamespaceSchemaLocation="http://ecmps.camdsupport.com/xsd/MonitoringPlan.xsd" xmlns:xsi="http://www.w3.org/2001/XMLSchema-instance"><ORISCode>54</ORISCode><Version>1.2</Version><MonitoringLocationData><UnitID>SCT7</UnitID><UnitData><NonLoadBasedIndicator>0</NonLoadBasedIndicator><MonitoringLocationAttribData><DuctIndicator></DuctIndicator><BypassIndicator></BypassIndicator><GroundElevation>801</GroundElevation><StackHeight>150</StackHeight><MaterialCode></MaterialCode><ShapeCode></ShapeCode><CrossAreaFlow></CrossAreaFlow><CrossAreaStackExit>177</CrossAreaStackExit><BeginDate>2004-12-22</BeginDate><EndDate></EndDate></MonitoringLocationAttribData><UnitCapacityData><MaximumHourlyHeatInputCapacity>1300</MaximumHourlyHeatInputCapacity><BeginDate>2004-12-22</BeginDate><EndDate></EndDate></UnitCapacityData><UnitControlData><ParameterCode>NOX</ParameterCode><ControlCode>DLNB</ControlCode><OriginalCode>1</OriginalCode><InstallDate></InstallDate><OptimizationDate></OptimizationDate><SeasonalControlsIndicator></SeasonalControlsIndicator><RetireDate></RetireDate></UnitControlData><UnitControlData><ParameterCode>NOX</ParameterCode><ControlCode>H2O</ControlCode><OriginalCode>1</OriginalCode><InstallDate></InstallDate><OptimizationDate></OptimizationDate><SeasonalControlsIndicator></SeasonalControlsIndicator><RetireDate></RetireDate></UnitControlData><UnitFuelData><FuelCode>OIL</FuelCode><IndicatorCode>S</IndicatorCode><OzoneSeasonIndicator>0</OzoneSeasonIndicator><DemGCV>GHS</DemGCV><DemSO2>SHS</DemSO2><BeginDate>2004-12-22</BeginDate><EndDate></EndDate></UnitFuelData><UnitFuelData><FuelCode>PNG</FuelCode><IndicatorCode>P</IndicatorCode><OzoneSeasonIndicator>0</OzoneSeasonIndicator><DemGCV>GHS</DemGCV><DemSO2></DemSO2><BeginDate>2004-12-22</BeginDate><EndDate></EndDate></UnitFuelData><MonitoringMethodData><ParameterCode>CO2</ParameterCode><MonitoringMethodCode>AD</MonitoringMethodCode><SubstituteDataCode>SPTS</SubstituteDataCode><BypassApproachCode></BypassApproachCode><BeginDate>2005-02-18</BeginDate><BeginHour>0</BeginHour><EndDate></EndDate><EndHour></EndHour></MonitoringMethodData><MonitoringMethodData><ParameterCode>HI</ParameterCode><MonitoringMethodCode>AD</MonitoringMethodCode><SubstituteDataCode>SPTS</SubstituteDataCode><BypassApproachCode></BypassApproachCode><BeginDate>2004-12-22</BeginDate><BeginHour>0</BeginHour><EndDate></EndDate><EndHour></EndHour></MonitoringMethodData><MonitoringMethodData><ParameterCode>NOX</ParameterCode><MonitoringMethodCode>NOXR</MonitoringMethodCode><SubstituteDataCode></SubstituteDataCode><BypassApproachCode></BypassApproachCode><BeginDate>2004-12-22</BeginDate><BeginHour>11</BeginHour><EndDate></EndDate><EndHour></EndHour></MonitoringMethodData><MonitoringMethodData><ParameterCode>NOXR</ParameterCode><MonitoringMethodCode>CEM</MonitoringMethodCode><SubstituteDataCode>SPTS</SubstituteDataCode><BypassApproachCode></BypassApproachCode><BeginDate>2004-12-22</BeginDate><BeginHour>11</BeginHour><EndDate></EndDate><EndHour></EndHour></MonitoringMethodData><MonitoringMethodData><ParameterCode>OP</ParameterCode><MonitoringMethodCode>EXP</MonitoringMethodCode><SubstituteDataCode></SubstituteDataCode><BypassApproachCode></BypassApproachCode><BeginDate>2005-02-18</BeginDate><BeginHour>0</BeginHour><EndDate></EndDate><EndHour></EndHour></MonitoringMethodData><MonitoringMethodData><ParameterCode>SO2</ParameterCode><MonitoringMethodCode>AD</MonitoringMethodCode><SubstituteDataCode>SPTS</SubstituteDataCode><BypassApproachCode></BypassApproachCode><BeginDate>2005-02-18</BeginDate><BeginHour>0</BeginHour><EndDate></EndDate><EndHour></EndHour></MonitoringMethodData><MonitoringFormulaData><FormulaID>G7B</FormulaID><ParameterCode>HI</ParameterCode><FormulaCode>F-20</FormulaCode><FormulaText>((F#(G7A) * (GCV GAS)) / (10 **4))</FormulaText><BeginDate>2004-12-22</BeginDate><BeginHour>0</BeginHour><EndDate></EndDate><EndHour></EndHour></MonitoringFormulaData><MonitoringFormulaData><FormulaID>G7C</FormulaID><ParameterCode>SO2</ParameterCode><FormulaCode>D-5</FormulaCode><FormulaText>(0.0006 * F#(G7B)</FormulaText><BeginDate>2004-12-22</BeginDate><BeginHour>0</BeginHour><EndDate></EndDate><EndHour></EndHour></MonitoringFormulaData><MonitoringFormulaData><FormulaID>G7F</FormulaID><ParameterCode>CO2</ParameterCode><FormulaCode>G-4</FormulaCode><FormulaText>(1420 * (F#(G7B)) * (1/385) * 44.0) / 2000</FormulaText><BeginDate>2005-02-18</BeginDate><BeginHour>0</BeginHour><EndDate></EndDate><EndHour></EndHour></MonitoringFormulaData><MonitoringFormulaData><FormulaID>M7H</FormulaID><ParameterCode>NOXR</ParameterCode><FormulaCode>F-5</FormulaCode><FormulaText>((1.194 * 10 ** (-7)) * (S#(920-720)) * F#(N7H) * ((20.9) / (20.9 - S#(930-730))))</FormulaText><BeginDate>2004-12-22</BeginDate><BeginHour>11</BeginHour><EndDate>2015-01-16</EndDate><EndHour>15</EndHour></MonitoringFormulaData><MonitoringFormulaData><FormulaID>N7T</FormulaID><ParameterCode>NOX</ParameterCode><FormulaCode>F-24A</FormulaCode><FormulaText>NOX_RATE * F#(T7H) =</FormulaText><BeginDate>2004-12-22</BeginDate><BeginHour>11</BeginHour><EndDate></EndDate><EndHour></EndHour></MonitoringFormulaData><MonitoringFormulaData><FormulaID>O7A</FormulaID><ParameterCode>FOIL</ParameterCode><FormulaCode>N-OIL</FormulaCode><FormulaText>(S#(910-710) * 60)</FormulaText><BeginDate>2005-10-01</BeginDate><BeginHour>0</BeginHour><EndDate>2005-12-31</EndDate><EndHour>23</EndHour></MonitoringFormulaData><MonitoringFormulaData><FormulaID>O7B</FormulaID><ParameterCode>OILM</ParameterCode><FormulaCode>D-3</FormulaCode><FormulaText>(F#(O7A) * (DENSITY OF OIL))</FormulaText><BeginDate>2004-12-22</BeginDate><BeginHour>0</BeginHour><EndDate></EndDate><EndHour></EndHour></MonitoringFormulaData><MonitoringFormulaData><FormulaID>O7C</FormulaID><ParameterCode>HI</ParameterCode><FormulaCode>F-19</FormulaCode><FormulaText>((F#(O7B) * (GCV OIL) / (10 **6))</FormulaText><BeginDate>2004-12-22</BeginDate><BeginHour>0</BeginHour><EndDate></EndDate><EndHour></EndHour></MonitoringFormulaData><MonitoringFormulaData><FormulaID>O7D</FormulaID><ParameterCode>SO2</ParameterCode><FormulaCode>D-2</FormulaCode><FormulaText>(2.0 * F#(O7B) * (%SULPHUR) / 100))</FormulaText><BeginDate>2004-12-22</BeginDate><BeginHour>0</BeginHour><EndDate></EndDate><EndHour></EndHour></MonitoringFormulaData><MonitoringFormulaData><FormulaID>O7F</FormulaID><ParameterCode>CO2</ParameterCode><FormulaCode>G-4</FormulaCode><FormulaText>(1420 * (F#(O7C)) * (1/385) * 44.0) / 2000</FormulaText><BeginDate>2005-02-18</BeginDate><BeginHour>0</BeginHour><EndDate></EndDate><EndHour></EndHour></MonitoringFormulaData><MonitoringFormulaData><FormulaID>T7F</FormulaID><ParameterCode>CO2</ParameterCode><FormulaCode>G-4A</FormulaCode><FormulaText>F#(O7F) + F# (G7F)</FormulaText><BeginDate>2005-02-18</BeginDate><BeginHour>0</BeginHour><EndDate></EndDate><EndHour></EndHour></MonitoringFormulaData><MonitoringFormulaData><FormulaID>T7H</FormulaID><ParameterCode>HI</ParameterCode><FormulaCode>D-15A</FormulaCode><FormulaText>(F#(G7B) * GUNTOPHR) + (F#(O7C) * OUNTOPHR)</FormulaText><BeginDate>2004-12-22</BeginDate><BeginHour>0</BeginHour><EndDate></EndDate><EndHour></EndHour></MonitoringFormulaData><MonitoringFormulaData><FormulaID>N7H</FormulaID><ParameterCode>FD</ParameterCode><FormulaCode>F-8</FormulaCode><FormulaText>(OIL TIME ON-LINE * 9190) + (GAS TIME ON-LINE * 8710)</FormulaText><BeginDate>2004-12-22</BeginDate><BeginHour>11</BeginHour><EndDate></EndDate><EndHour></EndHour></MonitoringFormulaData><MonitoringFormulaData><FormulaID>O7E</FormulaID><ParameterCode>SO2</ParameterCode><FormulaCode>D-12</FormulaCode><FormulaText>F#(G7C) + F#(O7D)</FormulaText><BeginDate>2005-02-18</BeginDate><BeginHour>0</BeginHour><EndDate></EndDate><EndHour></EndHour></MonitoringFormulaData><MonitoringFormulaData><FormulaID>M7K</FormulaID><ParameterCode>NOXR</ParameterCode><FormulaCode>F-5</FormulaCode><FormulaText>((1.194 * 10 ** (-7)) * (S#(923-720)) * F#(N7H) * ((20.9) / (20.9 - S#(921-720))))</FormulaText><BeginDate>2015-01-16</BeginDate><BeginHour>16</BeginHour><EndDate></EndDate><EndHour></EndHour></MonitoringFormulaData><MonitoringDefaultData><ParameterCode>O2X</ParameterCode><DefaultValue>19</DefaultValue><DefaultUnitsOfMeasureCode>PCT</DefaultUnitsOfMeasureCode><DefaultPurposeCode>DC</DefaultPurposeCode><FuelCode>NFS</FuelCode><OperatingConditionCode>A</OperatingConditionCode><DefaultSourceCode>DEF</DefaultSourceCode><GroupID></GroupID><BeginDate>2004-12-22</BeginDate><BeginHour>11</BeginHour><EndDate>2005-03-31</EndDate><EndHour>23</EndHour></MonitoringDefaultData><MonitoringDefaultData><ParameterCode>O2X</ParameterCode><DefaultValue>19</DefaultValue><DefaultUnitsOfMeasureCode>PCT</DefaultUnitsOfMeasureCode><DefaultPurposeCode>DC</DefaultPurposeCode><FuelCode>NFS</FuelCode><OperatingConditionCode>A</OperatingConditionCode><DefaultSourceCode>DEF</DefaultSourceCode><GroupID></GroupID><BeginDate>2004-12-22</BeginDate><BeginHour>11</BeginHour><EndDate></EndDate><EndHour></EndHour></MonitoringDefaultData><MonitoringDefaultData><ParameterCode>MNGF</ParameterCode><DefaultValue>1</DefaultValue><DefaultUnitsOfMeasureCode>HSCF</DefaultUnitsOfMeasureCode><DefaultPurposeCode>DM</DefaultPurposeCode><FuelCode>PNG</FuelCode><OperatingConditionCode>A</OperatingConditionCode><DefaultSourceCode>DATA</DefaultSourceCode><GroupID></GroupID><BeginDate>2008-10-01</BeginDate><BeginHour>0</BeginHour><EndDate></EndDate><EndHour></EndHour></MonitoringDefaultData><MonitoringDefaultData><ParameterCode>MNOF</ParameterCode><DefaultValue>.7</DefaultValue><DefaultUnitsOfMeasureCode>GALHR</DefaultUnitsOfMeasureCode><DefaultPurposeCode>DM</DefaultPurposeCode><FuelCode>OIL</FuelCode><OperatingConditionCode>A</OperatingConditionCode><DefaultSourceCode>DATA</DefaultSourceCode><GroupID></GroupID><BeginDate>2008-10-01</BeginDate><BeginHour>0</BeginHour><EndDate></EndDate><EndHour></EndHour></MonitoringDefaultData><MonitoringDefaultData><ParameterCode>SO2R</ParameterCode><DefaultValue>.0006</DefaultValue><DefaultUnitsOfMeasureCode>LBMMBTU</DefaultUnitsOfMeasureCode><DefaultPurposeCode>F23</DefaultPurposeCode><FuelCode>PNG</FuelCode><OperatingConditionCode>A</OperatingConditionCode><DefaultSourceCode>DEF</DefaultSourceCode><GroupID></GroupID><BeginDate>2004-12-22</BeginDate><BeginHour>11</BeginHour><EndDate></EndDate><EndHour></EndHour></MonitoringDefaultData><MonitoringDefaultData><ParameterCode>NORX</ParameterCode><DefaultValue>2.414</DefaultValue><DefaultUnitsOfMeasureCode>LBMMBTU</DefaultUnitsOfMeasureCode><DefaultPurposeCode>MD</DefaultPurposeCode><FuelCode>NFS</FuelCode><OperatingConditionCode>A</OperatingConditionCode><DefaultSourceCode>DATA</DefaultSourceCode><GroupID></GroupID><BeginDate>2004-12-22</BeginDate><BeginHour>11</BeginHour><EndDate></EndDate><EndHour></EndHour></MonitoringDefaultData><MonitoringSpanData><ComponentTypeCode>NOX</ComponentTypeCode><SpanScaleCode>H</SpanScaleCode><SpanMethodCode>HD</SpanMethodCode><MECValue>16</MECValue><MPCValue>80</MPCValue><MPFValue></MPFValue><SpanValue>100</SpanValue><FullScaleRange>100</FullScaleRange><SpanUnitsOfMeasureCode>PPM</SpanUnitsOfMeasureCode><ScaleTransitionPoint>19</ScaleTransitionPoint><DefaultHighRange></DefaultHighRange><FlowSpanValue></FlowSpanValue><FlowFullScaleRange></FlowFullScaleRange><BeginDate>2004-12-22</BeginDate><BeginHour>11</BeginHour><EndDate></EndDate><EndHour></EndHour></MonitoringSpanData><MonitoringSpanData><ComponentTypeCode>NOX</ComponentTypeCode><SpanScaleCode>L</SpanScaleCode><SpanMethodCode>HD</SpanMethodCode><MECValue>16</MECValue><MPCValue></MPCValue><MPFValue></MPFValue><SpanValue>20</SpanValue><FullScaleRange>20</FullScaleRange><SpanUnitsOfMeasureCode>PPM</SpanUnitsOfMeasureCode><ScaleTransitionPoint>19</ScaleTransitionPoint><DefaultHighRange></DefaultHighRange><FlowSpanValue></FlowSpanValue><FlowFullScaleRange></FlowFullScaleRange><BeginDate>2004-12-22</BeginDate><BeginHour>11</BeginHour><EndDate></EndDate><EndHour></EndHour></MonitoringSpanData><MonitoringSpanData><ComponentTypeCode>O2</ComponentTypeCode><SpanScaleCode>H</SpanScaleCode><SpanMethodCode></SpanMethodCode><MECValue></MECValue><MPCValue></MPCValue><MPFValue></MPFValue><SpanValue>25</SpanValue><FullScaleRange>25</FullScaleRange><SpanUnitsOfMeasureCode>PCT</SpanUnitsOfMeasureCode><ScaleTransitionPoint></ScaleTransitionPoint><DefaultHighRange></DefaultHighRange><FlowSpanValue></FlowSpanValue><FlowFullScaleRange></FlowFullScaleRange><BeginDate>2004-12-22</BeginDate><BeginHour>11</BeginHour><EndDate></EndDate><EndHour></EndHour></MonitoringSpanData><MonitoringLoadData><MaximumLoadValue>98</MaximumLoadValue><MaximumLoadUnitsOfMeasureCode>MW</MaximumLoadUnitsOfMeasureCode><LowerOperationBoundary>20</LowerOperationBoundary><UpperOperationBoundary>105</UpperOperationBoundary><NormalLevelCode></NormalLevelCode><SecondLevelCode></SecondLevelCode><SecondNormalIndicator></SecondNormalIndicator><LoadAnalysisDate></LoadAnalysisDate><BeginDate>2004-12-22</BeginDate><BeginHour>0</BeginHour><EndDate>2006-03-31</EndDate><EndHour>23</EndHour></MonitoringLoadData><MonitoringLoadData><MaximumLoadValue>98</MaximumLoadValue><MaximumLoadUnitsOfMeasureCode>MW</MaximumLoadUnitsOfMeasureCode><LowerOperationBoundary>20</LowerOperationBoundary><UpperOperationBoundary>105</UpperOperationBoundary><NormalLevelCode></NormalLevelCode><SecondLevelCode></SecondLevelCode><SecondNormalIndicator></SecondNormalIndicator><LoadAnalysisDate></LoadAnalysisDate><BeginDate>2006-04-01</BeginDate><BeginHour>0</BeginHour><EndDate>2006-09-30</EndDate><EndHour>23</EndHour></MonitoringLoadData><MonitoringLoadData><MaximumLoadValue>98</MaximumLoadValue><MaximumLoadUnitsOfMeasureCode>MW</MaximumLoadUnitsOfMeasureCode><LowerOperationBoundary>10</LowerOperationBoundary><UpperOperationBoundary>98</UpperOperationBoundary><NormalLevelCode></NormalLevelCode><SecondLevelCode></SecondLevelCode><SecondNormalIndicator></SecondNormalIndicator><LoadAnalysisDate></LoadAnalysisDate><BeginDate>2006-10-01</BeginDate><BeginHour>0</BeginHour><EndDate>2012-12-31</EndDate><EndHour>23</EndHour></MonitoringLoadData><MonitoringLoadData><MaximumLoadValue>98</MaximumLoadValue><MaximumLoadUnitsOfMeasureCode>MW</MaximumLoadUnitsOfMeasureCode><LowerOperationBoundary>10</LowerOperationBoundary><UpperOperationBoundary>98</UpperOperationBoundary><NormalLevelCode>M</NormalLevelCode><SecondLevelCode>H</SecondLevelCode><SecondNormalIndicator>1</SecondNormalIndicator><LoadAnalysisDate>2018-01-01</LoadAnalysisDate><BeginDate>2018-01-01</BeginDate><BeginHour>0</BeginHour><EndDate></EndDate><EndHour></EndHour></MonitoringLoadData><MonitoringLoadData><MaximumLoadValue>98</MaximumLoadValue><MaximumLoadUnitsOfMeasureCode>MW</MaximumLoadUnitsOfMeasureCode><LowerOperationBoundary>10</LowerOperationBoundary><UpperOperationBoundary>98</UpperOperationBoundary><NormalLevelCode>H</NormalLevelCode><SecondLevelCode>M</SecondLevelCode><SecondNormalIndicator>1</SecondNormalIndicator><LoadAnalysisDate>2012-12-31</LoadAnalysisDate><BeginDate>2013-01-01</BeginDate><BeginHour>0</BeginHour><EndDate>2017-12-31</EndDate><EndHour>23</EndHour></MonitoringLoadData><ComponentData><ComponentID>900</ComponentID><ComponentTypeCode>GFFM</ComponentTypeCode><SampleAcquisitionMethodCode>ORF</SampleAcquisitionMethodCode><BasisCode></BasisCode><Manufacturer>ROSEMOUNT</Manufacturer><ModelVersion>3095MA</ModelVersion><SerialNumber>0099435</SerialNumber><HgConverterIndicator></HgConverterIndicator></ComponentData><ComponentData><ComponentID>922</ComponentID><ComponentTypeCode>PRB</ComponentTypeCode><SampleAcquisitionMethodCode></SampleAcquisitionMethodCode><BasisCode></BasisCode><Manufacturer>UNIVERSAL ANALYZER</Manufacturer><ModelVersion>270</ModelVersion><SerialNumber>SCT7-1</SerialNumber><HgConverterIndicator></HgConverterIndicator></ComponentData><ComponentData><ComponentID>923</ComponentID><ComponentTypeCode>NOX</ComponentTypeCode><SampleAcquisitionMethodCode>EXT</SampleAcquisitionMethodCode><BasisCode>D</BasisCode><Manufacturer>TEI</Manufacturer><ModelVersion>42ILS-ANSSPCB</ModelVersion><SerialNumber>1405560969</SerialNumber><HgConverterIndicator></HgConverterIndicator><AnalyzerRangeData><AnalyzerRangeCode>A</AnalyzerRangeCode><DualRangeIndicator>1</DualRangeIndicator><BeginDate>2015-01-16</BeginDate><BeginHour>16</BeginHour><EndDate></EndDate><EndHour></EndHour></AnalyzerRangeData></ComponentData><ComponentData><ComponentID>901</ComponentID><ComponentTypeCode>GFFM</ComponentTypeCode><SampleAcquisitionMethodCode>ORF</SampleAcquisitionMethodCode><BasisCode></BasisCode><Manufacturer>ROSEMOUNT</Manufacturer><ModelVersion>3095</ModelVersion><SerialNumber>0091039</SerialNumber><HgConverterIndicator></HgConverterIndicator></ComponentData><ComponentData><ComponentID>905</ComponentID><ComponentTypeCode>GFFM</ComponentTypeCode><SampleAcquisitionMethodCode>ORF</SampleAcquisitionMethodCode><BasisCode></BasisCode><Manufacturer>ROSEMOUNT</Manufacturer><ModelVersion>3095MA</ModelVersion><SerialNumber>0103085</SerialNumber><HgConverterIndicator></HgConverterIndicator></ComponentData><ComponentData><ComponentID>910</ComponentID><ComponentTypeCode>OFFM</ComponentTypeCode><SampleAcquisitionMethodCode>ORF</SampleAcquisitionMethodCode><BasisCode></BasisCode><Manufacturer>ROSEMOUNT</Manufacturer><ModelVersion>3095MA</ModelVersion><SerialNumber>0121967</SerialNumber><HgConverterIndicator></HgConverterIndicator></ComponentData><ComponentData><ComponentID>911</ComponentID><ComponentTypeCode>OFFM</ComponentTypeCode><SampleAcquisitionMethodCode>ORF</SampleAcquisitionMethodCode><BasisCode></BasisCode><Manufacturer>ROSEMOUNT</Manufacturer><ModelVersion>3095</ModelVersion><SerialNumber>0091039</SerialNumber><HgConverterIndicator></HgConverterIndicator></ComponentData><ComponentData><ComponentID>920</ComponentID><ComponentTypeCode>NOX</ComponentTypeCode><SampleAcquisitionMethodCode>EXT</SampleAcquisitionMethodCode><BasisCode>D</BasisCode><Manufacturer>TECO</Manufacturer><ModelVersion>42C</ModelVersion><SerialNumber>0417006735</SerialNumber><HgConverterIndicator></HgConverterIndicator><AnalyzerRangeData><AnalyzerRangeCode>A</AnalyzerRangeCode><DualRangeIndicator>1</DualRangeIndicator><BeginDate>2004-12-22</BeginDate><BeginHour>11</BeginHour><EndDate>2015-01-16</EndDate><EndHour>15</EndHour></AnalyzerRangeData></ComponentData><ComponentData><ComponentID>921</ComponentID><ComponentTypeCode>O2</ComponentTypeCode><SampleAcquisitionMethodCode>EXT</SampleAcquisitionMethodCode><BasisCode>D</BasisCode><Manufacturer>SERVOMEX</Manufacturer><ModelVersion>1440D</ModelVersion><SerialNumber>01440DIVO2/3633</SerialNumber><HgConverterIndicator></HgConverterIndicator><AnalyzerRangeData><AnalyzerRangeCode>H</AnalyzerRangeCode><DualRangeIndicator>0</DualRangeIndicator><BeginDate>2004-12-22</BeginDate><BeginHour>11</BeginHour><EndDate></EndDate><EndHour></EndHour></AnalyzerRangeData></ComponentData><ComponentData><ComponentID>999</ComponentID><ComponentTypeCode>DAHS</ComponentTypeCode><SampleAcquisitionMethodCode></SampleAcquisitionMethodCode><BasisCode></BasisCode><Manufacturer>ESC</Manufacturer><ModelVersion>STACKVISION</ModelVersion><SerialNumber></SerialNumber><HgConverterIndicator></HgConverterIndicator></ComponentData><MonitoringSystemData><MonitoringSystemID>700</MonitoringSystemID><SystemTypeCode>GAS</SystemTypeCode><SystemDesignationCode>P</SystemDesignationCode><FuelCode>PNG</FuelCode><BeginDate>2004-12-22</BeginDate><BeginHour>0</BeginHour><EndDate></EndDate><EndHour></EndHour><MonitoringSystemComponentData><ComponentID>900</ComponentID><BeginDate>2004-12-22</BeginDate><BeginHour>0</BeginHour><EndDate>2006-06-30</EndDate><EndHour>23</EndHour></MonitoringSystemComponentData><MonitoringSystemComponentData><ComponentID>901</ComponentID><BeginDate>2005-10-01</BeginDate><BeginHour>0</BeginHour><EndDate>2006-06-30</EndDate><EndHour>23</EndHour></MonitoringSystemComponentData><MonitoringSystemComponentData><ComponentID>905</ComponentID><BeginDate>2005-07-01</BeginDate><BeginHour>0</BeginHour><EndDate></EndDate><EndHour></EndHour></MonitoringSystemComponentData><MonitoringSystemComponentData><ComponentID>999</ComponentID><BeginDate>2004-12-22</BeginDate><BeginHour>0</BeginHour><EndDate></EndDate><EndHour></EndHour></MonitoringSystemComponentData><MonitoringSystemFuelFlowData><MaximumFuelFlowRate>27000</MaximumFuelFlowRate><SystemFuelFlowUOMCode>HSCF</SystemFuelFlowUOMCode><MaximumFuelFlowRateSourceCode>URV</MaximumFuelFlowRateSourceCode><BeginDate>2004-12-22</BeginDate><BeginHour>0</BeginHour><EndDate></EndDate><EndHour></EndHour></MonitoringSystemFuelFlowData></MonitoringSystemData><MonitoringSystemData><MonitoringSystemID>710</MonitoringSystemID><SystemTypeCode>OILV</SystemTypeCode><SystemDesignationCode>P</SystemDesignationCode><FuelCode>OIL</FuelCode><BeginDate>2004-12-22</BeginDate><BeginHour>0</BeginHour><EndDate></EndDate><EndHour></EndHour><MonitoringSystemComponentData><ComponentID>910</ComponentID><BeginDate>2004-12-22</BeginDate><BeginHour>0</BeginHour><EndDate></EndDate><EndHour></EndHour></MonitoringSystemComponentData><MonitoringSystemComponentData><ComponentID>911</ComponentID><BeginDate>2005-10-01</BeginDate><BeginHour>0</BeginHour><EndDate>2005-12-31</EndDate><EndHour>23</EndHour></MonitoringSystemComponentData><MonitoringSystemComponentData><ComponentID>999</ComponentID><BeginDate>2004-12-22</BeginDate><BeginHour>0</BeginHour><EndDate></EndDate><EndHour></EndHour></MonitoringSystemComponentData><MonitoringSystemFuelFlowData><MaximumFuelFlowRate>15000</MaximumFuelFlowRate><SystemFuelFlowUOMCode>GALHR</SystemFuelFlowUOMCode><MaximumFuelFlowRateSourceCode>URV</MaximumFuelFlowRateSourceCode><BeginDate>2004-12-22</BeginDate><BeginHour>0</BeginHour><EndDate></EndDate><EndHour></EndHour></MonitoringSystemFuelFlowData></MonitoringSystemData><MonitoringSystemData><MonitoringSystemID>720</MonitoringSystemID><SystemTypeCode>NOX</SystemTypeCode><SystemDesignationCode>P</SystemDesignationCode><FuelCode>NFS</FuelCode><BeginDate>2004-12-22</BeginDate><BeginHour>11</BeginHour><EndDate></EndDate><EndHour></EndHour><MonitoringSystemComponentData><ComponentID>920</ComponentID><BeginDate>2004-12-22</BeginDate><BeginHour>11</BeginHour><EndDate>2015-01-16</EndDate><EndHour>15</EndHour></MonitoringSystemComponentData><MonitoringSystemComponentData><ComponentID>921</ComponentID><BeginDate>2004-12-22</BeginDate><BeginHour>11</BeginHour><EndDate></EndDate><EndHour></EndHour></MonitoringSystemComponentData><MonitoringSystemComponentData><ComponentID>999</ComponentID><BeginDate>2004-12-22</BeginDate><BeginHour>11</BeginHour><EndDate></EndDate><EndHour></EndHour></MonitoringSystemComponentData><MonitoringSystemComponentData><ComponentID>922</ComponentID><BeginDate>2004-12-22</BeginDate><BeginHour>11</BeginHour><EndDate></EndDate><EndHour></EndHour></MonitoringSystemComponentData><MonitoringSystemComponentData><ComponentID>923</ComponentID><BeginDate>2015-01-16</BeginDate><BeginHour>16</BeginHour><EndDate></EndDate><EndHour></EndHour></MonitoringSystemComponentData></MonitoringSystemData><MonitoringQualificationData><QualificationTypeCode>PK</QualificationTypeCode><BeginDate>2005-01-01</BeginDate><EndDate>2012-12-31</EndDate><MonitoringQualPercentData><QualificationYear>2008</QualificationYear><AveragePercentValue>8.9</AveragePercentValue><Yr1QualificationDataYear>2005</Yr1QualificationDataYear><Yr1QualificationDataTypeCode>A</Yr1QualificationDataTypeCode><Yr1PercentageValue>10.8</Yr1PercentageValue><Yr2QualificationDataYear>2006</Yr2QualificationDataYear><Yr2QualificationDataTypeCode>A</Yr2QualificationDataTypeCode><Yr2PercentageValue>5.8</Yr2PercentageValue><Yr3QualificationDataYear>2007</Yr3QualificationDataYear><Yr3QualificationDataTypeCode>A</Yr3QualificationDataTypeCode><Yr3PercentageValue>10</Yr3PercentageValue></MonitoringQualPercentData><MonitoringQualPercentData><QualificationYear>2007</QualificationYear><AveragePercentValue>8.2</AveragePercentValue><Yr1QualificationDataYear>2005</Yr1QualificationDataYear><Yr1QualificationDataTypeCode>A</Yr1QualificationDataTypeCode><Yr1PercentageValue>10.8</Yr1PercentageValue><Yr2QualificationDataYear>2006</Yr2QualificationDataYear><Yr2QualificationDataTypeCode>A</Yr2QualificationDataTypeCode><Yr2PercentageValue>5.8</Yr2PercentageValue><Yr3QualificationDataYear>2007</Yr3QualificationDataYear><Yr3QualificationDataTypeCode>P</Yr3QualificationDataTypeCode><Yr3PercentageValue>8</Yr3PercentageValue></MonitoringQualPercentData><MonitoringQualPercentData><QualificationYear>2006</QualificationYear><AveragePercentValue>9.6</AveragePercentValue><Yr1QualificationDataYear>2005</Yr1QualificationDataYear><Yr1QualificationDataTypeCode>A</Yr1QualificationDataTypeCode><Yr1PercentageValue>10.8</Yr1PercentageValue><Yr2QualificationDataYear>2006</Yr2QualificationDataYear><Yr2QualificationDataTypeCode>P</Yr2QualificationDataTypeCode><Yr2PercentageValue>10</Yr2PercentageValue><Yr3QualificationDataYear>2007</Yr3QualificationDataYear><Yr3QualificationDataTypeCode>P</Yr3QualificationDataTypeCode><Yr3PercentageValue>8</Yr3PercentageValue></MonitoringQualPercentData><MonitoringQualPercentData><QualificationYear>2005</QualificationYear><AveragePercentValue>10</AveragePercentValue><Yr1QualificationDataYear>2005</Yr1QualificationDataYear><Yr1QualificationDataTypeCode>P</Yr1QualificationDataTypeCode><Yr1PercentageValue>10</Yr1PercentageValue><Yr2QualificationDataYear>2006</Yr2QualificationDataYear><Yr2QualificationDataTypeCode>P</Yr2QualificationDataTypeCode><Yr2PercentageValue>10</Yr2PercentageValue><Yr3QualificationDataYear>2007</Yr3QualificationDataYear><Yr3QualificationDataTypeCode>P</Yr3QualificationDataTypeCode><Yr3PercentageValue>10</Yr3PercentageValue></MonitoringQualPercentData><MonitoringQualPercentData><QualificationYear>2011</QualificationYear><AveragePercentValue>4.7</AveragePercentValue><Yr1QualificationDataYear>2008</Yr1QualificationDataYear><Yr1QualificationDataTypeCode>A</Yr1QualificationDataTypeCode><Yr1PercentageValue>3.5</Yr1PercentageValue><Yr2QualificationDataYear>2009</Yr2QualificationDataYear><Yr2QualificationDataTypeCode>A</Yr2QualificationDataTypeCode><Yr2PercentageValue>4.4</Yr2PercentageValue><Yr3QualificationDataYear>2010</Yr3QualificationDataYear><Yr3QualificationDataTypeCode>A</Yr3QualificationDataTypeCode><Yr3PercentageValue>6.2</Yr3PercentageValue></MonitoringQualPercentData><MonitoringQualPercentData><QualificationYear>2013</QualificationYear><AveragePercentValue>12.5</AveragePercentValue><Yr1QualificationDataYear>2010</Yr1QualificationDataYear><Yr1QualificationDataTypeCode>A</Yr1QualificationDataTypeCode><Yr1PercentageValue>6.2</Yr1PercentageValue><Yr2QualificationDataYear>2011</Yr2QualificationDataYear><Yr2QualificationDataTypeCode>A</Yr2QualificationDataTypeCode><Yr2PercentageValue>14.6</Yr2PercentageValue><Yr3QualificationDataYear>2012</Yr3QualificationDataYear><Yr3QualificationDataTypeCode>A</Yr3QualificationDataTypeCode><Yr3PercentageValue>16.7</Yr3PercentageValue></MonitoringQualPercentData><MonitoringQualPercentData><QualificationYear>2012</QualificationYear><AveragePercentValue>8.4</AveragePercentValue><Yr1QualificationDataYear>2009</Yr1QualificationDataYear><Yr1QualificationDataTypeCode>A</Yr1QualificationDataTypeCode><Yr1PercentageValue>4.4</Yr1PercentageValue><Yr2QualificationDataYear>2010</Yr2QualificationDataYear><Yr2QualificationDataTypeCode>A</Yr2QualificationDataTypeCode><Yr2PercentageValue>6.2</Yr2PercentageValue><Yr3QualificationDataYear>2011</Yr3QualificationDataYear><Yr3QualificationDataTypeCode>A</Yr3QualificationDataTypeCode><Yr3PercentageValue>14.6</Yr3PercentageValue></MonitoringQualPercentData><MonitoringQualPercentData><QualificationYear>2010</QualificationYear><AveragePercentValue>6</AveragePercentValue><Yr1QualificationDataYear>2007</Yr1QualificationDataYear><Yr1QualificationDataTypeCode>A</Yr1QualificationDataTypeCode><Yr1PercentageValue>10</Yr1PercentageValue><Yr2QualificationDataYear>2008</Yr2QualificationDataYear><Yr2QualificationDataTypeCode>A</Yr2QualificationDataTypeCode><Yr2PercentageValue>3.5</Yr2PercentageValue><Yr3QualificationDataYear>2009</Yr3QualificationDataYear><Yr3QualificationDataTypeCode>A</Yr3QualificationDataTypeCode><Yr3PercentageValue>4.4</Yr3PercentageValue></MonitoringQualPercentData><MonitoringQualPercentData><QualificationYear>2009</QualificationYear><AveragePercentValue>6.4</AveragePercentValue><Yr1QualificationDataYear>2006</Yr1QualificationDataYear><Yr1QualificationDataTypeCode>A</Yr1QualificationDataTypeCode><Yr1PercentageValue>5.8</Yr1PercentageValue><Yr2QualificationDataYear>2007</Yr2QualificationDataYear><Yr2QualificationDataTypeCode>A</Yr2QualificationDataTypeCode><Yr2PercentageValue>10</Yr2PercentageValue><Yr3QualificationDataYear>2008</Yr3QualificationDataYear><Yr3QualificationDataTypeCode>A</Yr3QualificationDataTypeCode><Yr3PercentageValue>3.5</Yr3PercentageValue></MonitoringQualPercentData></MonitoringQualificationData><MonitoringQualificationData><QualificationTypeCode>GF</QualificationTypeCode><BeginDate>2005-01-01</BeginDate><EndDate></EndDate><MonitoringQualPercentData><QualificationYear>2016</QualificationYear><AveragePercentValue>99.7</AveragePercentValue><Yr1QualificationDataYear>2013</Yr1QualificationDataYear><Yr1QualificationDataTypeCode>A</Yr1QualificationDataTypeCode><Yr1PercentageValue>99.6</Yr1PercentageValue><Yr2QualificationDataYear>2014</Yr2QualificationDataYear><Yr2QualificationDataTypeCode>A</Yr2QualificationDataTypeCode><Yr2PercentageValue>99.8</Yr2PercentageValue><Yr3QualificationDataYear>2015</Yr3QualificationDataYear><Yr3QualificationDataTypeCode>A</Yr3QualificationDataTypeCode><Yr3PercentageValue>99.7</Yr3PercentageValue></MonitoringQualPercentData><MonitoringQualPercentData><QualificationYear>2022</QualificationYear><AveragePercentValue>99.9</AveragePercentValue><Yr1QualificationDataYear>2019</Yr1QualificationDataYear><Yr1QualificationDataTypeCode>A</Yr1QualificationDataTypeCode><Yr1PercentageValue>100</Yr1PercentageValue><Yr2QualificationDataYear>2020</Yr2QualificationDataYear><Yr2QualificationDataTypeCode>A</Yr2QualificationDataTypeCode><Yr2PercentageValue>99.9</Yr2PercentageValue><Yr3QualificationDataYear>2021</Yr3QualificationDataYear><Yr3QualificationDataTypeCode>A</Yr3QualificationDataTypeCode><Yr3PercentageValue>99.9</Yr3PercentageValue></MonitoringQualPercentData><MonitoringQualPercentData><QualificationYear>2008</QualificationYear><AveragePercentValue>98.8</AveragePercentValue><Yr1QualificationDataYear>2005</Yr1QualificationDataYear><Yr1QualificationDataTypeCode>A</Yr1QualificationDataTypeCode><Yr1PercentageValue>96.9</Yr1PercentageValue><Yr2QualificationDataYear>2006</Yr2QualificationDataYear><Yr2QualificationDataTypeCode>A</Yr2QualificationDataTypeCode><Yr2PercentageValue>99.9</Yr2PercentageValue><Yr3QualificationDataYear>2007</Yr3QualificationDataYear><Yr3QualificationDataTypeCode>A</Yr3QualificationDataTypeCode><Yr3PercentageValue>99.7</Yr3PercentageValue></MonitoringQualPercentData><MonitoringQualPercentData><QualificationYear>2007</QualificationYear><AveragePercentValue>95.6</AveragePercentValue><Yr1QualificationDataYear>2005</Yr1QualificationDataYear><Yr1QualificationDataTypeCode>A</Yr1QualificationDataTypeCode><Yr1PercentageValue>96.9</Yr1PercentageValue><Yr2QualificationDataYear>2006</Yr2QualificationDataYear><Yr2QualificationDataTypeCode>A</Yr2QualificationDataTypeCode><Yr2PercentageValue>99.9</Yr2PercentageValue><Yr3QualificationDataYear>2007</Yr3QualificationDataYear><Yr3QualificationDataTypeCode>P</Yr3QualificationDataTypeCode><Yr3PercentageValue>90</Yr3PercentageValue></MonitoringQualPercentData><MonitoringQualPercentData><QualificationYear>2006</QualificationYear><AveragePercentValue>92.3</AveragePercentValue><Yr1QualificationDataYear>2005</Yr1QualificationDataYear><Yr1QualificationDataTypeCode>A</Yr1QualificationDataTypeCode><Yr1PercentageValue>96.9</Yr1PercentageValue><Yr2QualificationDataYear>2006</Yr2QualificationDataYear><Yr2QualificationDataTypeCode>P</Yr2QualificationDataTypeCode><Yr2PercentageValue>90</Yr2PercentageValue><Yr3QualificationDataYear>2007</Yr3QualificationDataYear><Yr3QualificationDataTypeCode>P</Yr3QualificationDataTypeCode><Yr3PercentageValue>90</Yr3PercentageValue></MonitoringQualPercentData><MonitoringQualPercentData><QualificationYear>2005</QualificationYear><AveragePercentValue>90</AveragePercentValue><Yr1QualificationDataYear>2005</Yr1QualificationDataYear><Yr1QualificationDataTypeCode>P</Yr1QualificationDataTypeCode><Yr1PercentageValue>90</Yr1PercentageValue><Yr2QualificationDataYear>2006</Yr2QualificationDataYear><Yr2QualificationDataTypeCode>P</Yr2QualificationDataTypeCode><Yr2PercentageValue>90</Yr2PercentageValue><Yr3QualificationDataYear>2007</Yr3QualificationDataYear><Yr3QualificationDataTypeCode>P</Yr3QualificationDataTypeCode><Yr3PercentageValue>90</Yr3PercentageValue></MonitoringQualPercentData><MonitoringQualPercentData><QualificationYear>2015</QualificationYear><AveragePercentValue>99.8</AveragePercentValue><Yr1QualificationDataYear>2012</Yr1QualificationDataYear><Yr1QualificationDataTypeCode>A</Yr1QualificationDataTypeCode><Yr1PercentageValue>100</Yr1PercentageValue><Yr2QualificationDataYear>2013</Yr2QualificationDataYear><Yr2QualificationDataTypeCode>A</Yr2QualificationDataTypeCode><Yr2PercentageValue>99.6</Yr2PercentageValue><Yr3QualificationDataYear>2014</Yr3QualificationDataYear><Yr3QualificationDataTypeCode>A</Yr3QualificationDataTypeCode><Yr3PercentageValue>99.8</Yr3PercentageValue></MonitoringQualPercentData><MonitoringQualPercentData><QualificationYear>2017</QualificationYear><AveragePercentValue>99.8</AveragePercentValue><Yr1QualificationDataYear>2014</Yr1QualificationDataYear><Yr1QualificationDataTypeCode>A</Yr1QualificationDataTypeCode><Yr1PercentageValue>99.8</Yr1PercentageValue><Yr2QualificationDataYear>2015</Yr2QualificationDataYear><Yr2QualificationDataTypeCode>A</Yr2QualificationDataTypeCode><Yr2PercentageValue>99.7</Yr2PercentageValue><Yr3QualificationDataYear>2016</Yr3QualificationDataYear><Yr3QualificationDataTypeCode>A</Yr3QualificationDataTypeCode><Yr3PercentageValue>100</Yr3PercentageValue></MonitoringQualPercentData><MonitoringQualPercentData><QualificationYear>2019</QualificationYear><AveragePercentValue>99.8</AveragePercentValue><Yr1QualificationDataYear>2016</Yr1QualificationDataYear><Yr1QualificationDataTypeCode>A</Yr1QualificationDataTypeCode><Yr1PercentageValue>100</Yr1PercentageValue><Yr2QualificationDataYear>2017</Yr2QualificationDataYear><Yr2QualificationDataTypeCode>A</Yr2QualificationDataTypeCode><Yr2PercentageValue>100</Yr2PercentageValue><Yr3QualificationDataYear>2018</Yr3QualificationDataYear><Yr3QualificationDataTypeCode>A</Yr3QualificationDataTypeCode><Yr3PercentageValue>99.4</Yr3PercentageValue></MonitoringQualPercentData><MonitoringQualPercentData><QualificationYear>2011</QualificationYear><AveragePercentValue>97.2</AveragePercentValue><Yr1QualificationDataYear>2008</Yr1QualificationDataYear><Yr1QualificationDataTypeCode>A</Yr1QualificationDataTypeCode><Yr1PercentageValue>99.7</Yr1PercentageValue><Yr2QualificationDataYear>2009</Yr2QualificationDataYear><Yr2QualificationDataTypeCode>A</Yr2QualificationDataTypeCode><Yr2PercentageValue>94.9</Yr2PercentageValue><Yr3QualificationDataYear>2010</Yr3QualificationDataYear><Yr3QualificationDataTypeCode>A</Yr3QualificationDataTypeCode><Yr3PercentageValue>97.1</Yr3PercentageValue></MonitoringQualPercentData><MonitoringQualPercentData><QualificationYear>2013</QualificationYear><AveragePercentValue>98.4</AveragePercentValue><Yr1QualificationDataYear>2010</Yr1QualificationDataYear><Yr1QualificationDataTypeCode>A</Yr1QualificationDataTypeCode><Yr1PercentageValue>97.1</Yr1PercentageValue><Yr2QualificationDataYear>2011</Yr2QualificationDataYear><Yr2QualificationDataTypeCode>A</Yr2QualificationDataTypeCode><Yr2PercentageValue>98.1</Yr2PercentageValue><Yr3QualificationDataYear>2012</Yr3QualificationDataYear><Yr3QualificationDataTypeCode>A</Yr3QualificationDataTypeCode><Yr3PercentageValue>100</Yr3PercentageValue></MonitoringQualPercentData><MonitoringQualPercentData><QualificationYear>2012</QualificationYear><AveragePercentValue>96.7</AveragePercentValue><Yr1QualificationDataYear>2009</Yr1QualificationDataYear><Yr1QualificationDataTypeCode>A</Yr1QualificationDataTypeCode><Yr1PercentageValue>94.9</Yr1PercentageValue><Yr2QualificationDataYear>2010</Yr2QualificationDataYear><Yr2QualificationDataTypeCode>A</Yr2QualificationDataTypeCode><Yr2PercentageValue>97.1</Yr2PercentageValue><Yr3QualificationDataYear>2011</Yr3QualificationDataYear><Yr3QualificationDataTypeCode>A</Yr3QualificationDataTypeCode><Yr3PercentageValue>98.1</Yr3PercentageValue></MonitoringQualPercentData><MonitoringQualPercentData><QualificationYear>2020</QualificationYear><AveragePercentValue>99.9</AveragePercentValue><Yr1QualificationDataYear>2017</Yr1QualificationDataYear><Yr1QualificationDataTypeCode>A</Yr1QualificationDataTypeCode><Yr1PercentageValue>100</Yr1PercentageValue><Yr2QualificationDataYear>2018</Yr2QualificationDataYear><Yr2QualificationDataTypeCode>A</Yr2QualificationDataTypeCode><Yr2PercentageValue>99.7</Yr2PercentageValue><Yr3QualificationDataYear>2019</Yr3QualificationDataYear><Yr3QualificationDataTypeCode>A</Yr3QualificationDataTypeCode><Yr3PercentageValue>100</Yr3PercentageValue></MonitoringQualPercentData><MonitoringQualPercentData><QualificationYear>2010</QualificationYear><AveragePercentValue>98.1</AveragePercentValue><Yr1QualificationDataYear>2007</Yr1QualificationDataYear><Yr1QualificationDataTypeCode>A</Yr1QualificationDataTypeCode><Yr1PercentageValue>99.7</Yr1PercentageValue><Yr2QualificationDataYear>2008</Yr2QualificationDataYear><Yr2QualificationDataTypeCode>A</Yr2QualificationDataTypeCode><Yr2PercentageValue>99.7</Yr2PercentageValue><Yr3QualificationDataYear>2009</Yr3QualificationDataYear><Yr3QualificationDataTypeCode>A</Yr3QualificationDataTypeCode><Yr3PercentageValue>94.9</Yr3PercentageValue></MonitoringQualPercentData><MonitoringQualPercentData><QualificationYear>2018</QualificationYear><AveragePercentValue>99.9</AveragePercentValue><Yr1QualificationDataYear>2015</Yr1QualificationDataYear><Yr1QualificationDataTypeCode>A</Yr1QualificationDataTypeCode><Yr1PercentageValue>99.7</Yr1PercentageValue><Yr2QualificationDataYear>2016</Yr2QualificationDataYear><Yr2QualificationDataTypeCode>A</Yr2QualificationDataTypeCode><Yr2PercentageValue>100</Yr2PercentageValue><Yr3QualificationDataYear>2017</Yr3QualificationDataYear><Yr3QualificationDataTypeCode>A</Yr3QualificationDataTypeCode><Yr3PercentageValue>100</Yr3PercentageValue></MonitoringQualPercentData><MonitoringQualPercentData><QualificationYear>2021</QualificationYear><AveragePercentValue>99.9</AveragePercentValue><Yr1QualificationDataYear>2018</Yr1QualificationDataYear><Yr1QualificationDataTypeCode>A</Yr1QualificationDataTypeCode><Yr1PercentageValue>99.7</Yr1PercentageValue><Yr2QualificationDataYear>2019</Yr2QualificationDataYear><Yr2QualificationDataTypeCode>A</Yr2QualificationDataTypeCode><Yr2PercentageValue>100</Yr2PercentageValue><Yr3QualificationDataYear>2020</Yr3QualificationDataYear><Yr3QualificationDataTypeCode>A</Yr3QualificationDataTypeCode><Yr3PercentageValue>99.9</Yr3PercentageValue></MonitoringQualPercentData><MonitoringQualPercentData><QualificationYear>2014</QualificationYear><AveragePercentValue>99.2</AveragePercentValue><Yr1QualificationDataYear>2011</Yr1QualificationDataYear><Yr1QualificationDataTypeCode>A</Yr1QualificationDataTypeCode><Yr1PercentageValue>98.1</Yr1PercentageValue><Yr2QualificationDataYear>2012</Yr2QualificationDataYear><Yr2QualificationDataTypeCode>A</Yr2QualificationDataTypeCode><Yr2PercentageValue>100</Yr2PercentageValue><Yr3QualificationDataYear>2013</Yr3QualificationDataYear><Yr3QualificationDataTypeCode>A</Yr3QualificationDataTypeCode><Yr3PercentageValue>99.6</Yr3PercentageValue></MonitoringQualPercentData><MonitoringQualPercentData><QualificationYear>2009</QualificationYear><AveragePercentValue>99.8</AveragePercentValue><Yr1QualificationDataYear>2006</Yr1QualificationDataYear><Yr1QualificationDataTypeCode>A</Yr1QualificationDataTypeCode><Yr1PercentageValue>99.9</Yr1PercentageValue><Yr2QualificationDataYear>2007</Yr2QualificationDataYear><Yr2QualificationDataTypeCode>A</Yr2QualificationDataTypeCode><Yr2PercentageValue>99.7</Yr2PercentageValue><Yr3QualificationDataYear>2008</Yr3QualificationDataYear><Yr3QualificationDataTypeCode>A</Yr3QualificationDataTypeCode><Yr3PercentageValue>99.7</Yr3PercentageValue></MonitoringQualPercentData></MonitoringQualificationData></UnitData></MonitoringLocationData></MonitoringPlan>