<?xml version="1.0" encoding="utf-8"?><?xml-stylesheet type="text/xsl" href="ECMPS_MonitoringPlan.xslt"?><MonitoringPlan xsi:noNamespaceSchemaLocation="http://ecmps.camdsupport.com/xsd/MonitoringPlan.xsd" xmlns:xsi="http://www.w3.org/2001/XMLSchema-instance"><ORISCode>54</ORISCode><Version>1.2</Version><MonitoringLocationData><UnitID>SCT3</UnitID><UnitData><NonLoadBasedIndicator>0</NonLoadBasedIndicator><MonitoringLocationAttribData><DuctIndicator></DuctIndicator><BypassIndicator></BypassIndicator><GroundElevation>801</GroundElevation><StackHeight>99</StackHeight><MaterialCode></MaterialCode><ShapeCode></ShapeCode><CrossAreaFlow></CrossAreaFlow><CrossAreaStackExit>255</CrossAreaStackExit><BeginDate>2000-01-01</BeginDate><EndDate></EndDate></MonitoringLocationAttribData><UnitCapacityData><MaximumHourlyHeatInputCapacity>1800</MaximumHourlyHeatInputCapacity><BeginDate>2002-10-31</BeginDate><EndDate></EndDate></UnitCapacityData><UnitControlData><ParameterCode>NOX</ParameterCode><ControlCode>H2O</ControlCode><OriginalCode>1</OriginalCode><InstallDate></InstallDate><OptimizationDate></OptimizationDate><SeasonalControlsIndicator></SeasonalControlsIndicator><RetireDate></RetireDate></UnitControlData><UnitFuelData><FuelCode>OIL</FuelCode><IndicatorCode>S</IndicatorCode><OzoneSeasonIndicator>0</OzoneSeasonIndicator><DemGCV>GHS</DemGCV><DemSO2>SHS</DemSO2><BeginDate>2000-01-01</BeginDate><EndDate></EndDate></UnitFuelData><UnitFuelData><FuelCode>PNG</FuelCode><IndicatorCode>P</IndicatorCode><OzoneSeasonIndicator>0</OzoneSeasonIndicator><DemGCV></DemGCV><DemSO2></DemSO2><BeginDate>2000-01-01</BeginDate><EndDate></EndDate></UnitFuelData><MonitoringMethodData><ParameterCode>SO2</ParameterCode><MonitoringMethodCode>AD</MonitoringMethodCode><SubstituteDataCode>SPTS</SubstituteDataCode><BypassApproachCode></BypassApproachCode><BeginDate>2000-01-01</BeginDate><BeginHour>0</BeginHour><EndDate></EndDate><EndHour></EndHour></MonitoringMethodData><MonitoringMethodData><ParameterCode>NOXR</ParameterCode><MonitoringMethodCode>AE</MonitoringMethodCode><SubstituteDataCode>SPTS</SubstituteDataCode><BypassApproachCode></BypassApproachCode><BeginDate>2000-01-01</BeginDate><BeginHour>0</BeginHour><EndDate>2011-12-31</EndDate><EndHour>23</EndHour></MonitoringMethodData><MonitoringMethodData><ParameterCode>CO2</ParameterCode><MonitoringMethodCode>AD</MonitoringMethodCode><SubstituteDataCode>SPTS</SubstituteDataCode><BypassApproachCode></BypassApproachCode><BeginDate>2000-01-01</BeginDate><BeginHour>0</BeginHour><EndDate></EndDate><EndHour></EndHour></MonitoringMethodData><MonitoringMethodData><ParameterCode>HI</ParameterCode><MonitoringMethodCode>AD</MonitoringMethodCode><SubstituteDataCode>SPTS</SubstituteDataCode><BypassApproachCode></BypassApproachCode><BeginDate>2000-01-01</BeginDate><BeginHour>0</BeginHour><EndDate></EndDate><EndHour></EndHour></MonitoringMethodData><MonitoringMethodData><ParameterCode>NOX</ParameterCode><MonitoringMethodCode>NOXR</MonitoringMethodCode><SubstituteDataCode></SubstituteDataCode><BypassApproachCode></BypassApproachCode><BeginDate>2003-04-01</BeginDate><BeginHour>0</BeginHour><EndDate></EndDate><EndHour></EndHour></MonitoringMethodData><MonitoringMethodData><ParameterCode>OP</ParameterCode><MonitoringMethodCode>EXP</MonitoringMethodCode><SubstituteDataCode></SubstituteDataCode><BypassApproachCode></BypassApproachCode><BeginDate>2000-01-01</BeginDate><BeginHour>0</BeginHour><EndDate></EndDate><EndHour></EndHour></MonitoringMethodData><MonitoringMethodData><ParameterCode>NOXR</ParameterCode><MonitoringMethodCode>CEM</MonitoringMethodCode><SubstituteDataCode>SPTS</SubstituteDataCode><BypassApproachCode></BypassApproachCode><BeginDate>2012-01-01</BeginDate><BeginHour>0</BeginHour><EndDate></EndDate><EndHour></EndHour></MonitoringMethodData><MonitoringFormulaData><FormulaID>G3A</FormulaID><ParameterCode>FGAS</ParameterCode><FormulaCode>N-GAS</FormulaCode><FormulaText>(S#{500-300})</FormulaText><BeginDate>2000-01-01</BeginDate><BeginHour>0</BeginHour><EndDate>2006-09-30</EndDate><EndHour>23</EndHour></MonitoringFormulaData><MonitoringFormulaData><FormulaID>G3B</FormulaID><ParameterCode>HI</ParameterCode><FormulaCode>F-20</FormulaCode><FormulaText>((F#{G3A}*{GCV GAS})/(10e4))</FormulaText><BeginDate>2000-01-01</BeginDate><BeginHour>0</BeginHour><EndDate></EndDate><EndHour></EndHour></MonitoringFormulaData><MonitoringFormulaData><FormulaID>G3C</FormulaID><ParameterCode>SO2</ParameterCode><FormulaCode>D-5</FormulaCode><FormulaText>(0.0006*F#{G3B})</FormulaText><BeginDate>2000-01-01</BeginDate><BeginHour>0</BeginHour><EndDate></EndDate><EndHour></EndHour></MonitoringFormulaData><MonitoringFormulaData><FormulaID>O3E</FormulaID><ParameterCode>SO2</ParameterCode><FormulaCode>D-12</FormulaCode><FormulaText>F#(G3C) + F#(O3D)</FormulaText><BeginDate>2000-01-01</BeginDate><BeginHour>0</BeginHour><EndDate></EndDate><EndHour></EndHour></MonitoringFormulaData><MonitoringFormulaData><FormulaID>O3G</FormulaID><ParameterCode>NOXR</ParameterCode><FormulaCode>E-2</FormulaCode><FormulaText></FormulaText><BeginDate>2000-01-01</BeginDate><BeginHour>0</BeginHour><EndDate>2011-12-31</EndDate><EndHour>23</EndHour></MonitoringFormulaData><MonitoringFormulaData><FormulaID>M3H</FormulaID><ParameterCode>NOXR</ParameterCode><FormulaCode>F-5</FormulaCode><FormulaText>((1.194 * 10 ** (-77)) * (S#(570 - 340)) * F#(N3H) *  ((20.9) / (20.9 - S#(571 - 340))))</FormulaText><BeginDate>2012-01-01</BeginDate><BeginHour>0</BeginHour><EndDate></EndDate><EndHour></EndHour></MonitoringFormulaData><MonitoringFormulaData><FormulaID>N3H</FormulaID><ParameterCode>FD</ParameterCode><FormulaCode>F-8</FormulaCode><FormulaText>(OIL TIME ON-LINE * 9190) + (GAS TIME ON-LINE * 8710)</FormulaText><BeginDate>2012-01-01</BeginDate><BeginHour>0</BeginHour><EndDate></EndDate><EndHour></EndHour></MonitoringFormulaData><MonitoringFormulaData><FormulaID>G3F</FormulaID><ParameterCode>CO2</ParameterCode><FormulaCode>G-4</FormulaCode><FormulaText>((1040*F(G3B}*(1/385)*44.0)/2000)</FormulaText><BeginDate>2000-01-01</BeginDate><BeginHour>0</BeginHour><EndDate></EndDate><EndHour></EndHour></MonitoringFormulaData><MonitoringFormulaData><FormulaID>N3T</FormulaID><ParameterCode>NOX</ParameterCode><FormulaCode>F-24A</FormulaCode><FormulaText>NOX_RATE * F#(T3H) =</FormulaText><BeginDate>2003-04-01</BeginDate><BeginHour>0</BeginHour><EndDate></EndDate><EndHour></EndHour></MonitoringFormulaData><MonitoringFormulaData><FormulaID>O3A</FormulaID><ParameterCode>FOIL</ParameterCode><FormulaCode>N-OIL</FormulaCode><FormulaText>(S#{510-310}*60)</FormulaText><BeginDate>2000-01-01</BeginDate><BeginHour>0</BeginHour><EndDate>2006-09-30</EndDate><EndHour>23</EndHour></MonitoringFormulaData><MonitoringFormulaData><FormulaID>O3B</FormulaID><ParameterCode>OILM</ParameterCode><FormulaCode>D-3</FormulaCode><FormulaText>(F#{O3A}*{DENSITY OF OIL})</FormulaText><BeginDate>2000-01-01</BeginDate><BeginHour>0</BeginHour><EndDate></EndDate><EndHour></EndHour></MonitoringFormulaData><MonitoringFormulaData><FormulaID>O3C</FormulaID><ParameterCode>HI</ParameterCode><FormulaCode>F-19</FormulaCode><FormulaText>((F#{O3B}*{GCV_OIL})/10e6))</FormulaText><BeginDate>2000-01-01</BeginDate><BeginHour>0</BeginHour><EndDate></EndDate><EndHour></EndHour></MonitoringFormulaData><MonitoringFormulaData><FormulaID>O3D</FormulaID><ParameterCode>SO2</ParameterCode><FormulaCode>D-2</FormulaCode><FormulaText>(2.0*F#{O3B}*({%SULPHUR}/100))</FormulaText><BeginDate>2000-01-01</BeginDate><BeginHour>0</BeginHour><EndDate></EndDate><EndHour></EndHour></MonitoringFormulaData><MonitoringFormulaData><FormulaID>O3F</FormulaID><ParameterCode>CO2</ParameterCode><FormulaCode>G-4</FormulaCode><FormulaText>((1420*F#{O3C})*(1/385)*44.0)/2000)</FormulaText><BeginDate>2000-01-01</BeginDate><BeginHour>0</BeginHour><EndDate></EndDate><EndHour></EndHour></MonitoringFormulaData><MonitoringFormulaData><FormulaID>T3F</FormulaID><ParameterCode>CO2</ParameterCode><FormulaCode>G-4A</FormulaCode><FormulaText>O3F + G3F</FormulaText><BeginDate>2000-01-01</BeginDate><BeginHour>0</BeginHour><EndDate></EndDate><EndHour></EndHour></MonitoringFormulaData><MonitoringFormulaData><FormulaID>T3H</FormulaID><ParameterCode>HI</ParameterCode><FormulaCode>D-15A</FormulaCode><FormulaText>(F#(G3B)*GUNTOPHR) + (F#(O3C)*OUNTOPHR) =</FormulaText><BeginDate>2000-01-01</BeginDate><BeginHour>0</BeginHour><EndDate></EndDate><EndHour></EndHour></MonitoringFormulaData><MonitoringDefaultData><ParameterCode>O2X</ParameterCode><DefaultValue>19</DefaultValue><DefaultUnitsOfMeasureCode>PCT</DefaultUnitsOfMeasureCode><DefaultPurposeCode>DC</DefaultPurposeCode><FuelCode>NFS</FuelCode><OperatingConditionCode>A</OperatingConditionCode><DefaultSourceCode>DEF</DefaultSourceCode><GroupID></GroupID><BeginDate>2012-01-01</BeginDate><BeginHour>0</BeginHour><EndDate></EndDate><EndHour></EndHour></MonitoringDefaultData><MonitoringDefaultData><ParameterCode>MNOF</ParameterCode><DefaultValue>.7</DefaultValue><DefaultUnitsOfMeasureCode>GALHR</DefaultUnitsOfMeasureCode><DefaultPurposeCode>DM</DefaultPurposeCode><FuelCode>OIL</FuelCode><OperatingConditionCode>A</OperatingConditionCode><DefaultSourceCode>DATA</DefaultSourceCode><GroupID></GroupID><BeginDate>2008-10-01</BeginDate><BeginHour>0</BeginHour><EndDate></EndDate><EndHour></EndHour></MonitoringDefaultData><MonitoringDefaultData><ParameterCode>MNGF</ParameterCode><DefaultValue>1</DefaultValue><DefaultUnitsOfMeasureCode>HSCF</DefaultUnitsOfMeasureCode><DefaultPurposeCode>DM</DefaultPurposeCode><FuelCode>PNG</FuelCode><OperatingConditionCode>A</OperatingConditionCode><DefaultSourceCode>DATA</DefaultSourceCode><GroupID></GroupID><BeginDate>2008-10-01</BeginDate><BeginHour>0</BeginHour><EndDate></EndDate><EndHour></EndHour></MonitoringDefaultData><MonitoringDefaultData><ParameterCode>SO2R</ParameterCode><DefaultValue>.0006</DefaultValue><DefaultUnitsOfMeasureCode>LBMMBTU</DefaultUnitsOfMeasureCode><DefaultPurposeCode>F23</DefaultPurposeCode><FuelCode>PNG</FuelCode><OperatingConditionCode>A</OperatingConditionCode><DefaultSourceCode>DEF</DefaultSourceCode><GroupID></GroupID><BeginDate>2000-01-01</BeginDate><BeginHour>0</BeginHour><EndDate></EndDate><EndHour></EndHour></MonitoringDefaultData><MonitoringDefaultData><ParameterCode>NORX</ParameterCode><DefaultValue>2.414</DefaultValue><DefaultUnitsOfMeasureCode>LBMMBTU</DefaultUnitsOfMeasureCode><DefaultPurposeCode>MD</DefaultPurposeCode><FuelCode>NFS</FuelCode><OperatingConditionCode>A</OperatingConditionCode><DefaultSourceCode>DEF</DefaultSourceCode><GroupID></GroupID><BeginDate>2012-01-01</BeginDate><BeginHour>0</BeginHour><EndDate></EndDate><EndHour></EndHour></MonitoringDefaultData><MonitoringDefaultData><ParameterCode>NORX</ParameterCode><DefaultValue>2.414</DefaultValue><DefaultUnitsOfMeasureCode>LBMMBTU</DefaultUnitsOfMeasureCode><DefaultPurposeCode>MD</DefaultPurposeCode><FuelCode>PNG</FuelCode><OperatingConditionCode>A</OperatingConditionCode><DefaultSourceCode>DATA</DefaultSourceCode><GroupID></GroupID><BeginDate>2000-01-01</BeginDate><BeginHour>0</BeginHour><EndDate>2008-09-30</EndDate><EndHour>23</EndHour></MonitoringDefaultData><MonitoringDefaultData><ParameterCode>NOCX</ParameterCode><DefaultValue>200</DefaultValue><DefaultUnitsOfMeasureCode>PPM</DefaultUnitsOfMeasureCode><DefaultPurposeCode>MD</DefaultPurposeCode><FuelCode>PNG</FuelCode><OperatingConditionCode>A</OperatingConditionCode><DefaultSourceCode>DEF</DefaultSourceCode><GroupID></GroupID><BeginDate>2000-01-01</BeginDate><BeginHour>0</BeginHour><EndDate>2008-09-30</EndDate><EndHour>23</EndHour></MonitoringDefaultData><MonitoringDefaultData><ParameterCode>NORX</ParameterCode><DefaultValue>2.414</DefaultValue><DefaultUnitsOfMeasureCode>LBMMBTU</DefaultUnitsOfMeasureCode><DefaultPurposeCode>MD</DefaultPurposeCode><FuelCode>OIL</FuelCode><OperatingConditionCode>A</OperatingConditionCode><DefaultSourceCode>DATA</DefaultSourceCode><GroupID></GroupID><BeginDate>2000-01-01</BeginDate><BeginHour>0</BeginHour><EndDate>2008-09-30</EndDate><EndHour>23</EndHour></MonitoringDefaultData><MonitoringDefaultData><ParameterCode>NOCX</ParameterCode><DefaultValue>200</DefaultValue><DefaultUnitsOfMeasureCode>PPM</DefaultUnitsOfMeasureCode><DefaultPurposeCode>MD</DefaultPurposeCode><FuelCode>OIL</FuelCode><OperatingConditionCode>A</OperatingConditionCode><DefaultSourceCode>DEF</DefaultSourceCode><GroupID></GroupID><BeginDate>2000-01-01</BeginDate><BeginHour>0</BeginHour><EndDate>2008-09-30</EndDate><EndHour>23</EndHour></MonitoringDefaultData><MonitoringDefaultData><ParameterCode>NOCX</ParameterCode><DefaultValue>48.6</DefaultValue><DefaultUnitsOfMeasureCode>PPM</DefaultUnitsOfMeasureCode><DefaultPurposeCode>MD</DefaultPurposeCode><FuelCode>OIL</FuelCode><OperatingConditionCode>A</OperatingConditionCode><DefaultSourceCode>TEST</DefaultSourceCode><GroupID></GroupID><BeginDate>2008-10-01</BeginDate><BeginHour>0</BeginHour><EndDate>2011-12-31</EndDate><EndHour>23</EndHour></MonitoringDefaultData><MonitoringDefaultData><ParameterCode>NORX</ParameterCode><DefaultValue>.587</DefaultValue><DefaultUnitsOfMeasureCode>LBMMBTU</DefaultUnitsOfMeasureCode><DefaultPurposeCode>MD</DefaultPurposeCode><FuelCode>OIL</FuelCode><OperatingConditionCode>A</OperatingConditionCode><DefaultSourceCode>TEST</DefaultSourceCode><GroupID></GroupID><BeginDate>2008-10-01</BeginDate><BeginHour>0</BeginHour><EndDate>2011-12-31</EndDate><EndHour>23</EndHour></MonitoringDefaultData><MonitoringDefaultData><ParameterCode>NOCX</ParameterCode><DefaultValue>27.6</DefaultValue><DefaultUnitsOfMeasureCode>PPM</DefaultUnitsOfMeasureCode><DefaultPurposeCode>MD</DefaultPurposeCode><FuelCode>PNG</FuelCode><OperatingConditionCode>A</OperatingConditionCode><DefaultSourceCode>TEST</DefaultSourceCode><GroupID></GroupID><BeginDate>2008-10-01</BeginDate><BeginHour>0</BeginHour><EndDate>2011-12-31</EndDate><EndHour>23</EndHour></MonitoringDefaultData><MonitoringDefaultData><ParameterCode>NORX</ParameterCode><DefaultValue>.316</DefaultValue><DefaultUnitsOfMeasureCode>LBMMBTU</DefaultUnitsOfMeasureCode><DefaultPurposeCode>MD</DefaultPurposeCode><FuelCode>PNG</FuelCode><OperatingConditionCode>A</OperatingConditionCode><DefaultSourceCode>TEST</DefaultSourceCode><GroupID></GroupID><BeginDate>2008-10-01</BeginDate><BeginHour>0</BeginHour><EndDate>2011-12-31</EndDate><EndHour>23</EndHour></MonitoringDefaultData><MonitoringSpanData><ComponentTypeCode>NOX</ComponentTypeCode><SpanScaleCode>H</SpanScaleCode><SpanMethodCode>TB</SpanMethodCode><MECValue>47</MECValue><MPCValue>200</MPCValue><MPFValue></MPFValue><SpanValue>250</SpanValue><FullScaleRange>250</FullScaleRange><SpanUnitsOfMeasureCode>PPM</SpanUnitsOfMeasureCode><ScaleTransitionPoint>59</ScaleTransitionPoint><DefaultHighRange></DefaultHighRange><FlowSpanValue></FlowSpanValue><FlowFullScaleRange></FlowFullScaleRange><BeginDate>2012-01-01</BeginDate><BeginHour>0</BeginHour><EndDate></EndDate><EndHour></EndHour></MonitoringSpanData><MonitoringSpanData><ComponentTypeCode>O2</ComponentTypeCode><SpanScaleCode>H</SpanScaleCode><SpanMethodCode></SpanMethodCode><MECValue></MECValue><MPCValue></MPCValue><MPFValue></MPFValue><SpanValue>25</SpanValue><FullScaleRange>25</FullScaleRange><SpanUnitsOfMeasureCode>PCT</SpanUnitsOfMeasureCode><ScaleTransitionPoint></ScaleTransitionPoint><DefaultHighRange></DefaultHighRange><FlowSpanValue></FlowSpanValue><FlowFullScaleRange></FlowFullScaleRange><BeginDate>2012-01-01</BeginDate><BeginHour>0</BeginHour><EndDate></EndDate><EndHour></EndHour></MonitoringSpanData><MonitoringSpanData><ComponentTypeCode>NOX</ComponentTypeCode><SpanScaleCode>L</SpanScaleCode><SpanMethodCode>HD</SpanMethodCode><MECValue>47</MECValue><MPCValue></MPCValue><MPFValue></MPFValue><SpanValue>60</SpanValue><FullScaleRange>60</FullScaleRange><SpanUnitsOfMeasureCode>PPM</SpanUnitsOfMeasureCode><ScaleTransitionPoint>59</ScaleTransitionPoint><DefaultHighRange></DefaultHighRange><FlowSpanValue></FlowSpanValue><FlowFullScaleRange></FlowFullScaleRange><BeginDate>2012-01-01</BeginDate><BeginHour>0</BeginHour><EndDate></EndDate><EndHour></EndHour></MonitoringSpanData><MonitoringLoadData><MaximumLoadValue>150</MaximumLoadValue><MaximumLoadUnitsOfMeasureCode>MW</MaximumLoadUnitsOfMeasureCode><LowerOperationBoundary>10</LowerOperationBoundary><UpperOperationBoundary>150</UpperOperationBoundary><NormalLevelCode>L</NormalLevelCode><SecondLevelCode>M</SecondLevelCode><SecondNormalIndicator>0</SecondNormalIndicator><LoadAnalysisDate>2011-12-01</LoadAnalysisDate><BeginDate>2011-12-01</BeginDate><BeginHour>0</BeginHour><EndDate>2012-12-31</EndDate><EndHour>23</EndHour></MonitoringLoadData><MonitoringLoadData><MaximumLoadValue>150</MaximumLoadValue><MaximumLoadUnitsOfMeasureCode>MW</MaximumLoadUnitsOfMeasureCode><LowerOperationBoundary>40</LowerOperationBoundary><UpperOperationBoundary>160</UpperOperationBoundary><NormalLevelCode></NormalLevelCode><SecondLevelCode></SecondLevelCode><SecondNormalIndicator></SecondNormalIndicator><LoadAnalysisDate></LoadAnalysisDate><BeginDate>2000-01-01</BeginDate><BeginHour>0</BeginHour><EndDate>2006-03-31</EndDate><EndHour>23</EndHour></MonitoringLoadData><MonitoringLoadData><MaximumLoadValue>150</MaximumLoadValue><MaximumLoadUnitsOfMeasureCode>MW</MaximumLoadUnitsOfMeasureCode><LowerOperationBoundary>40</LowerOperationBoundary><UpperOperationBoundary>160</UpperOperationBoundary><NormalLevelCode></NormalLevelCode><SecondLevelCode></SecondLevelCode><SecondNormalIndicator></SecondNormalIndicator><LoadAnalysisDate></LoadAnalysisDate><BeginDate>2006-04-01</BeginDate><BeginHour>0</BeginHour><EndDate>2006-12-31</EndDate><EndHour>23</EndHour></MonitoringLoadData><MonitoringLoadData><MaximumLoadValue>150</MaximumLoadValue><MaximumLoadUnitsOfMeasureCode>MW</MaximumLoadUnitsOfMeasureCode><LowerOperationBoundary>10</LowerOperationBoundary><UpperOperationBoundary>150</UpperOperationBoundary><NormalLevelCode>H</NormalLevelCode><SecondLevelCode>M</SecondLevelCode><SecondNormalIndicator>0</SecondNormalIndicator><LoadAnalysisDate>2017-07-01</LoadAnalysisDate><BeginDate>2017-07-01</BeginDate><BeginHour>0</BeginHour><EndDate></EndDate><EndHour></EndHour></MonitoringLoadData><MonitoringLoadData><MaximumLoadValue>150</MaximumLoadValue><MaximumLoadUnitsOfMeasureCode>MW</MaximumLoadUnitsOfMeasureCode><LowerOperationBoundary>10</LowerOperationBoundary><UpperOperationBoundary>150</UpperOperationBoundary><NormalLevelCode>M</NormalLevelCode><SecondLevelCode>L</SecondLevelCode><SecondNormalIndicator>1</SecondNormalIndicator><LoadAnalysisDate>2013-01-01</LoadAnalysisDate><BeginDate>2013-01-01</BeginDate><BeginHour>0</BeginHour><EndDate>2014-12-31</EndDate><EndHour>23</EndHour></MonitoringLoadData><MonitoringLoadData><MaximumLoadValue>150</MaximumLoadValue><MaximumLoadUnitsOfMeasureCode>MW</MaximumLoadUnitsOfMeasureCode><LowerOperationBoundary>10</LowerOperationBoundary><UpperOperationBoundary>150</UpperOperationBoundary><NormalLevelCode></NormalLevelCode><SecondLevelCode></SecondLevelCode><SecondNormalIndicator></SecondNormalIndicator><LoadAnalysisDate></LoadAnalysisDate><BeginDate>2007-01-01</BeginDate><BeginHour>0</BeginHour><EndDate>2011-11-30</EndDate><EndHour>23</EndHour></MonitoringLoadData><MonitoringLoadData><MaximumLoadValue>150</MaximumLoadValue><MaximumLoadUnitsOfMeasureCode>MW</MaximumLoadUnitsOfMeasureCode><LowerOperationBoundary>10</LowerOperationBoundary><UpperOperationBoundary>150</UpperOperationBoundary><NormalLevelCode>M</NormalLevelCode><SecondLevelCode>H</SecondLevelCode><SecondNormalIndicator>0</SecondNormalIndicator><LoadAnalysisDate>2017-01-01</LoadAnalysisDate><BeginDate>2017-01-01</BeginDate><BeginHour>0</BeginHour><EndDate>2017-06-30</EndDate><EndHour>23</EndHour></MonitoringLoadData><MonitoringLoadData><MaximumLoadValue>150</MaximumLoadValue><MaximumLoadUnitsOfMeasureCode>MW</MaximumLoadUnitsOfMeasureCode><LowerOperationBoundary>10</LowerOperationBoundary><UpperOperationBoundary>150</UpperOperationBoundary><NormalLevelCode>H</NormalLevelCode><SecondLevelCode>M</SecondLevelCode><SecondNormalIndicator>0</SecondNormalIndicator><LoadAnalysisDate>2015-01-01</LoadAnalysisDate><BeginDate>2015-01-01</BeginDate><BeginHour>0</BeginHour><EndDate>2016-12-31</EndDate><EndHour>23</EndHour></MonitoringLoadData><ComponentData><ComponentID>570</ComponentID><ComponentTypeCode>NOX</ComponentTypeCode><SampleAcquisitionMethodCode>EXT</SampleAcquisitionMethodCode><BasisCode>D</BasisCode><Manufacturer>TECO</Manufacturer><ModelVersion>42ILS</ModelVersion><SerialNumber>1127049771</SerialNumber><HgConverterIndicator></HgConverterIndicator><AnalyzerRangeData><AnalyzerRangeCode>A</AnalyzerRangeCode><DualRangeIndicator>1</DualRangeIndicator><BeginDate>2012-01-01</BeginDate><BeginHour>0</BeginHour><EndDate></EndDate><EndHour></EndHour></AnalyzerRangeData></ComponentData><ComponentData><ComponentID>571</ComponentID><ComponentTypeCode>O2</ComponentTypeCode><SampleAcquisitionMethodCode>EXT</SampleAcquisitionMethodCode><BasisCode>D</BasisCode><Manufacturer>SERVOMEX</Manufacturer><ModelVersion>1440</ModelVersion><SerialNumber>4586-01440DUI02</SerialNumber><HgConverterIndicator></HgConverterIndicator><AnalyzerRangeData><AnalyzerRangeCode>H</AnalyzerRangeCode><DualRangeIndicator>0</DualRangeIndicator><BeginDate>2012-01-01</BeginDate><BeginHour>0</BeginHour><EndDate></EndDate><EndHour></EndHour></AnalyzerRangeData></ComponentData><ComponentData><ComponentID>572</ComponentID><ComponentTypeCode>PRB</ComponentTypeCode><SampleAcquisitionMethodCode></SampleAcquisitionMethodCode><BasisCode></BasisCode><Manufacturer>UNIVERSAL ANALYZER</Manufacturer><ModelVersion>270</ModelVersion><SerialNumber>SCT3-1</SerialNumber><HgConverterIndicator></HgConverterIndicator></ComponentData><ComponentData><ComponentID>500</ComponentID><ComponentTypeCode>GFFM</ComponentTypeCode><SampleAcquisitionMethodCode>ORF</SampleAcquisitionMethodCode><BasisCode></BasisCode><Manufacturer>DIETERICH STANDARD</Manufacturer><ModelVersion>DFC11</ModelVersion><SerialNumber>267233B.1.4</SerialNumber><HgConverterIndicator></HgConverterIndicator></ComponentData><ComponentData><ComponentID>501</ComponentID><ComponentTypeCode>GFFM</ComponentTypeCode><SampleAcquisitionMethodCode>ORF</SampleAcquisitionMethodCode><BasisCode></BasisCode><Manufacturer>DIETERICH STANDARD</Manufacturer><ModelVersion>DFC11</ModelVersion><SerialNumber>288843.1.1</SerialNumber><HgConverterIndicator></HgConverterIndicator></ComponentData><ComponentData><ComponentID>510</ComponentID><ComponentTypeCode>OFFM</ComponentTypeCode><SampleAcquisitionMethodCode>TUR</SampleAcquisitionMethodCode><BasisCode></BasisCode><Manufacturer>HOFFER</Manufacturer><ModelVersion>HO2X2</ModelVersion><SerialNumber>80281</SerialNumber><HgConverterIndicator></HgConverterIndicator></ComponentData><ComponentData><ComponentID>511</ComponentID><ComponentTypeCode>OFFM</ComponentTypeCode><SampleAcquisitionMethodCode>TUR</SampleAcquisitionMethodCode><BasisCode></BasisCode><Manufacturer>HOFFER</Manufacturer><ModelVersion>HO2X2</ModelVersion><SerialNumber>89768</SerialNumber><HgConverterIndicator></HgConverterIndicator></ComponentData><ComponentData><ComponentID>512</ComponentID><ComponentTypeCode>OFFM</ComponentTypeCode><SampleAcquisitionMethodCode>TUR</SampleAcquisitionMethodCode><BasisCode></BasisCode><Manufacturer>HOFFER</Manufacturer><ModelVersion>HO2X2</ModelVersion><SerialNumber>56397</SerialNumber><HgConverterIndicator></HgConverterIndicator></ComponentData><ComponentData><ComponentID>513</ComponentID><ComponentTypeCode>OFFM</ComponentTypeCode><SampleAcquisitionMethodCode>TUR</SampleAcquisitionMethodCode><BasisCode></BasisCode><Manufacturer>HOFFER</Manufacturer><ModelVersion>HO2X2</ModelVersion><SerialNumber>89767</SerialNumber><HgConverterIndicator></HgConverterIndicator></ComponentData><ComponentData><ComponentID>999</ComponentID><ComponentTypeCode>DAHS</ComponentTypeCode><SampleAcquisitionMethodCode></SampleAcquisitionMethodCode><BasisCode></BasisCode><Manufacturer>ESC</Manufacturer><ModelVersion>STACKVISION</ModelVersion><SerialNumber></SerialNumber><HgConverterIndicator></HgConverterIndicator></ComponentData><MonitoringSystemData><MonitoringSystemID>340</MonitoringSystemID><SystemTypeCode>NOX</SystemTypeCode><SystemDesignationCode>P</SystemDesignationCode><FuelCode>NFS</FuelCode><BeginDate>2012-01-01</BeginDate><BeginHour>0</BeginHour><EndDate></EndDate><EndHour></EndHour><MonitoringSystemComponentData><ComponentID>999</ComponentID><BeginDate>2012-01-01</BeginDate><BeginHour>0</BeginHour><EndDate></EndDate><EndHour></EndHour></MonitoringSystemComponentData><MonitoringSystemComponentData><ComponentID>570</ComponentID><BeginDate>2012-01-01</BeginDate><BeginHour>0</BeginHour><EndDate></EndDate><EndHour></EndHour></MonitoringSystemComponentData><MonitoringSystemComponentData><ComponentID>571</ComponentID><BeginDate>2012-01-01</BeginDate><BeginHour>0</BeginHour><EndDate></EndDate><EndHour></EndHour></MonitoringSystemComponentData><MonitoringSystemComponentData><ComponentID>572</ComponentID><BeginDate>2012-01-01</BeginDate><BeginHour>0</BeginHour><EndDate></EndDate><EndHour></EndHour></MonitoringSystemComponentData></MonitoringSystemData><MonitoringSystemData><MonitoringSystemID>300</MonitoringSystemID><SystemTypeCode>GAS</SystemTypeCode><SystemDesignationCode>P</SystemDesignationCode><FuelCode>PNG</FuelCode><BeginDate>2000-01-01</BeginDate><BeginHour>0</BeginHour><EndDate></EndDate><EndHour></EndHour><MonitoringSystemComponentData><ComponentID>500</ComponentID><BeginDate>2000-01-01</BeginDate><BeginHour>0</BeginHour><EndDate></EndDate><EndHour></EndHour></MonitoringSystemComponentData><MonitoringSystemComponentData><ComponentID>501</ComponentID><BeginDate>2005-10-01</BeginDate><BeginHour>0</BeginHour><EndDate>2006-03-31</EndDate><EndHour>23</EndHour></MonitoringSystemComponentData><MonitoringSystemComponentData><ComponentID>999</ComponentID><BeginDate>2000-01-01</BeginDate><BeginHour>0</BeginHour><EndDate></EndDate><EndHour></EndHour></MonitoringSystemComponentData><MonitoringSystemFuelFlowData><MaximumFuelFlowRate>16800</MaximumFuelFlowRate><SystemFuelFlowUOMCode>HSCF</SystemFuelFlowUOMCode><MaximumFuelFlowRateSourceCode>UMX</MaximumFuelFlowRateSourceCode><BeginDate>2000-01-01</BeginDate><BeginHour>0</BeginHour><EndDate></EndDate><EndHour></EndHour></MonitoringSystemFuelFlowData></MonitoringSystemData><MonitoringSystemData><MonitoringSystemID>310</MonitoringSystemID><SystemTypeCode>OILV</SystemTypeCode><SystemDesignationCode>P</SystemDesignationCode><FuelCode>OIL</FuelCode><BeginDate>2000-01-01</BeginDate><BeginHour>0</BeginHour><EndDate></EndDate><EndHour></EndHour><MonitoringSystemComponentData><ComponentID>511</ComponentID><BeginDate>2017-01-20</BeginDate><BeginHour>10</BeginHour><EndDate>2018-01-10</EndDate><EndHour>10</EndHour></MonitoringSystemComponentData><MonitoringSystemComponentData><ComponentID>513</ComponentID><BeginDate>2018-01-10</BeginDate><BeginHour>11</BeginHour><EndDate>2021-11-18</EndDate><EndHour>8</EndHour></MonitoringSystemComponentData><MonitoringSystemComponentData><ComponentID>510</ComponentID><BeginDate>2000-11-16</BeginDate><BeginHour>9</BeginHour><EndDate>2004-06-30</EndDate><EndHour>23</EndHour></MonitoringSystemComponentData><MonitoringSystemComponentData><ComponentID>512</ComponentID><BeginDate>2021-11-18</BeginDate><BeginHour>9</BeginHour><EndDate></EndDate><EndHour></EndHour></MonitoringSystemComponentData><MonitoringSystemComponentData><ComponentID>510</ComponentID><BeginDate>2012-06-12</BeginDate><BeginHour>10</BeginHour><EndDate>2017-01-20</EndDate><EndHour>9</EndHour></MonitoringSystemComponentData><MonitoringSystemComponentData><ComponentID>511</ComponentID><BeginDate>2004-07-02</BeginDate><BeginHour>12</BeginHour><EndDate>2007-04-16</EndDate><EndHour>11</EndHour></MonitoringSystemComponentData><MonitoringSystemComponentData><ComponentID>512</ComponentID><BeginDate>2004-07-01</BeginDate><BeginHour>0</BeginHour><EndDate>2004-07-02</EndDate><EndHour>11</EndHour></MonitoringSystemComponentData><MonitoringSystemComponentData><ComponentID>513</ComponentID><BeginDate>2007-04-16</BeginDate><BeginHour>12</BeginHour><EndDate>2012-06-12</EndDate><EndHour>9</EndHour></MonitoringSystemComponentData><MonitoringSystemComponentData><ComponentID>999</ComponentID><BeginDate>2000-01-01</BeginDate><BeginHour>0</BeginHour><EndDate></EndDate><EndHour></EndHour></MonitoringSystemComponentData><MonitoringSystemFuelFlowData><MaximumFuelFlowRate>13800</MaximumFuelFlowRate><SystemFuelFlowUOMCode>GALHR</SystemFuelFlowUOMCode><MaximumFuelFlowRateSourceCode>UMX</MaximumFuelFlowRateSourceCode><BeginDate>2000-01-01</BeginDate><BeginHour>0</BeginHour><EndDate></EndDate><EndHour></EndHour></MonitoringSystemFuelFlowData></MonitoringSystemData><MonitoringSystemData><MonitoringSystemID>320</MonitoringSystemID><SystemTypeCode>NOXE</SystemTypeCode><SystemDesignationCode>P</SystemDesignationCode><FuelCode>PNG</FuelCode><BeginDate>2000-01-01</BeginDate><BeginHour>0</BeginHour><EndDate>2011-12-31</EndDate><EndHour>23</EndHour><MonitoringSystemComponentData><ComponentID>999</ComponentID><BeginDate>2000-01-01</BeginDate><BeginHour>0</BeginHour><EndDate>2011-12-31</EndDate><EndHour>23</EndHour></MonitoringSystemComponentData></MonitoringSystemData><MonitoringSystemData><MonitoringSystemID>330</MonitoringSystemID><SystemTypeCode>NOXE</SystemTypeCode><SystemDesignationCode>P</SystemDesignationCode><FuelCode>OIL</FuelCode><BeginDate>2000-01-01</BeginDate><BeginHour>0</BeginHour><EndDate>2011-12-31</EndDate><EndHour>23</EndHour><MonitoringSystemComponentData><ComponentID>999</ComponentID><BeginDate>2000-01-01</BeginDate><BeginHour>0</BeginHour><EndDate>2011-12-31</EndDate><EndHour>23</EndHour></MonitoringSystemComponentData></MonitoringSystemData><MonitoringQualificationData><QualificationTypeCode>PK</QualificationTypeCode><BeginDate>2000-01-01</BeginDate><EndDate>2011-12-31</EndDate><MonitoringQualPercentData><QualificationYear>2011</QualificationYear><AveragePercentValue>10.2</AveragePercentValue><Yr1QualificationDataYear>2008</Yr1QualificationDataYear><Yr1QualificationDataTypeCode>A</Yr1QualificationDataTypeCode><Yr1PercentageValue>7.2</Yr1PercentageValue><Yr2QualificationDataYear>2009</Yr2QualificationDataYear><Yr2QualificationDataTypeCode>A</Yr2QualificationDataTypeCode><Yr2PercentageValue>13.1</Yr2PercentageValue><Yr3QualificationDataYear>2010</Yr3QualificationDataYear><Yr3QualificationDataTypeCode>A</Yr3QualificationDataTypeCode><Yr3PercentageValue>10.4</Yr3PercentageValue></MonitoringQualPercentData><MonitoringQualPercentData><QualificationYear>2010</QualificationYear><AveragePercentValue>7.7</AveragePercentValue><Yr1QualificationDataYear>2007</Yr1QualificationDataYear><Yr1QualificationDataTypeCode>A</Yr1QualificationDataTypeCode><Yr1PercentageValue>2.8</Yr1PercentageValue><Yr2QualificationDataYear>2008</Yr2QualificationDataYear><Yr2QualificationDataTypeCode>A</Yr2QualificationDataTypeCode><Yr2PercentageValue>7.2</Yr2PercentageValue><Yr3QualificationDataYear>2009</Yr3QualificationDataYear><Yr3QualificationDataTypeCode>A</Yr3QualificationDataTypeCode><Yr3PercentageValue>13.1</Yr3PercentageValue></MonitoringQualPercentData><MonitoringQualPercentData><QualificationYear>2009</QualificationYear><AveragePercentValue>4.2</AveragePercentValue><Yr1QualificationDataYear>2006</Yr1QualificationDataYear><Yr1QualificationDataTypeCode>A</Yr1QualificationDataTypeCode><Yr1PercentageValue>2.6</Yr1PercentageValue><Yr2QualificationDataYear>2007</Yr2QualificationDataYear><Yr2QualificationDataTypeCode>A</Yr2QualificationDataTypeCode><Yr2PercentageValue>2.8</Yr2PercentageValue><Yr3QualificationDataYear>2008</Yr3QualificationDataYear><Yr3QualificationDataTypeCode>A</Yr3QualificationDataTypeCode><Yr3PercentageValue>7.2</Yr3PercentageValue></MonitoringQualPercentData><MonitoringQualPercentData><QualificationYear>2008</QualificationYear><AveragePercentValue>3.6</AveragePercentValue><Yr1QualificationDataYear>2005</Yr1QualificationDataYear><Yr1QualificationDataTypeCode>A</Yr1QualificationDataTypeCode><Yr1PercentageValue>5.5</Yr1PercentageValue><Yr2QualificationDataYear>2006</Yr2QualificationDataYear><Yr2QualificationDataTypeCode>A</Yr2QualificationDataTypeCode><Yr2PercentageValue>2.6</Yr2PercentageValue><Yr3QualificationDataYear>2007</Yr3QualificationDataYear><Yr3QualificationDataTypeCode>A</Yr3QualificationDataTypeCode><Yr3PercentageValue>2.8</Yr3PercentageValue></MonitoringQualPercentData><MonitoringQualPercentData><QualificationYear>2007</QualificationYear><AveragePercentValue>5.1</AveragePercentValue><Yr1QualificationDataYear>2004</Yr1QualificationDataYear><Yr1QualificationDataTypeCode>A</Yr1QualificationDataTypeCode><Yr1PercentageValue>7.2</Yr1PercentageValue><Yr2QualificationDataYear>2005</Yr2QualificationDataYear><Yr2QualificationDataTypeCode>A</Yr2QualificationDataTypeCode><Yr2PercentageValue>5.5</Yr2PercentageValue><Yr3QualificationDataYear>2006</Yr3QualificationDataYear><Yr3QualificationDataTypeCode>A</Yr3QualificationDataTypeCode><Yr3PercentageValue>2.6</Yr3PercentageValue></MonitoringQualPercentData><MonitoringQualPercentData><QualificationYear>2006</QualificationYear><AveragePercentValue>6.6</AveragePercentValue><Yr1QualificationDataYear>2003</Yr1QualificationDataYear><Yr1QualificationDataTypeCode>A</Yr1QualificationDataTypeCode><Yr1PercentageValue>7.2</Yr1PercentageValue><Yr2QualificationDataYear>2004</Yr2QualificationDataYear><Yr2QualificationDataTypeCode>A</Yr2QualificationDataTypeCode><Yr2PercentageValue>7.2</Yr2PercentageValue><Yr3QualificationDataYear>2005</Yr3QualificationDataYear><Yr3QualificationDataTypeCode>A</Yr3QualificationDataTypeCode><Yr3PercentageValue>5.5</Yr3PercentageValue></MonitoringQualPercentData><MonitoringQualPercentData><QualificationYear>2005</QualificationYear><AveragePercentValue>9.6</AveragePercentValue><Yr1QualificationDataYear>2002</Yr1QualificationDataYear><Yr1QualificationDataTypeCode>A</Yr1QualificationDataTypeCode><Yr1PercentageValue>14.4</Yr1PercentageValue><Yr2QualificationDataYear>2003</Yr2QualificationDataYear><Yr2QualificationDataTypeCode>A</Yr2QualificationDataTypeCode><Yr2PercentageValue>7.2</Yr2PercentageValue><Yr3QualificationDataYear>2004</Yr3QualificationDataYear><Yr3QualificationDataTypeCode>A</Yr3QualificationDataTypeCode><Yr3PercentageValue>7.2</Yr3PercentageValue></MonitoringQualPercentData><MonitoringQualPercentData><QualificationYear>2004</QualificationYear><AveragePercentValue>9.3</AveragePercentValue><Yr1QualificationDataYear>2001</Yr1QualificationDataYear><Yr1QualificationDataTypeCode>A</Yr1QualificationDataTypeCode><Yr1PercentageValue>6.2</Yr1PercentageValue><Yr2QualificationDataYear>2002</Yr2QualificationDataYear><Yr2QualificationDataTypeCode>A</Yr2QualificationDataTypeCode><Yr2PercentageValue>14.4</Yr2PercentageValue><Yr3QualificationDataYear>2003</Yr3QualificationDataYear><Yr3QualificationDataTypeCode>A</Yr3QualificationDataTypeCode><Yr3PercentageValue>7.2</Yr3PercentageValue></MonitoringQualPercentData><MonitoringQualPercentData><QualificationYear>2003</QualificationYear><AveragePercentValue>8.1</AveragePercentValue><Yr1QualificationDataYear>2000</Yr1QualificationDataYear><Yr1QualificationDataTypeCode>A</Yr1QualificationDataTypeCode><Yr1PercentageValue>3.6</Yr1PercentageValue><Yr2QualificationDataYear>2001</Yr2QualificationDataYear><Yr2QualificationDataTypeCode>A</Yr2QualificationDataTypeCode><Yr2PercentageValue>6.2</Yr2PercentageValue><Yr3QualificationDataYear>2002</Yr3QualificationDataYear><Yr3QualificationDataTypeCode>A</Yr3QualificationDataTypeCode><Yr3PercentageValue>14.4</Yr3PercentageValue></MonitoringQualPercentData><MonitoringQualPercentData><QualificationYear>2002</QualificationYear><AveragePercentValue>6.6</AveragePercentValue><Yr1QualificationDataYear>2000</Yr1QualificationDataYear><Yr1QualificationDataTypeCode>A</Yr1QualificationDataTypeCode><Yr1PercentageValue>3.6</Yr1PercentageValue><Yr2QualificationDataYear>2001</Yr2QualificationDataYear><Yr2QualificationDataTypeCode>A</Yr2QualificationDataTypeCode><Yr2PercentageValue>6.2</Yr2PercentageValue><Yr3QualificationDataYear>2002</Yr3QualificationDataYear><Yr3QualificationDataTypeCode>P</Yr3QualificationDataTypeCode><Yr3PercentageValue>10</Yr3PercentageValue></MonitoringQualPercentData><MonitoringQualPercentData><QualificationYear>2001</QualificationYear><AveragePercentValue>7.9</AveragePercentValue><Yr1QualificationDataYear>2000</Yr1QualificationDataYear><Yr1QualificationDataTypeCode>A</Yr1QualificationDataTypeCode><Yr1PercentageValue>3.6</Yr1PercentageValue><Yr2QualificationDataYear>2001</Yr2QualificationDataYear><Yr2QualificationDataTypeCode>P</Yr2QualificationDataTypeCode><Yr2PercentageValue>10</Yr2PercentageValue><Yr3QualificationDataYear>2002</Yr3QualificationDataYear><Yr3QualificationDataTypeCode>P</Yr3QualificationDataTypeCode><Yr3PercentageValue>10</Yr3PercentageValue></MonitoringQualPercentData><MonitoringQualPercentData><QualificationYear>2000</QualificationYear><AveragePercentValue>10</AveragePercentValue><Yr1QualificationDataYear>2000</Yr1QualificationDataYear><Yr1QualificationDataTypeCode>P</Yr1QualificationDataTypeCode><Yr1PercentageValue>10</Yr1PercentageValue><Yr2QualificationDataYear>2001</Yr2QualificationDataYear><Yr2QualificationDataTypeCode>P</Yr2QualificationDataTypeCode><Yr2PercentageValue>10</Yr2PercentageValue><Yr3QualificationDataYear>2002</Yr3QualificationDataYear><Yr3QualificationDataTypeCode>P</Yr3QualificationDataTypeCode><Yr3PercentageValue>10</Yr3PercentageValue></MonitoringQualPercentData></MonitoringQualificationData><MonitoringQualificationData><QualificationTypeCode>GF</QualificationTypeCode><BeginDate>2000-01-01</BeginDate><EndDate></EndDate><MonitoringQualPercentData><QualificationYear>2016</QualificationYear><AveragePercentValue>99.2</AveragePercentValue><Yr1QualificationDataYear>2013</Yr1QualificationDataYear><Yr1QualificationDataTypeCode>A</Yr1QualificationDataTypeCode><Yr1PercentageValue>98</Yr1PercentageValue><Yr2QualificationDataYear>2014</Yr2QualificationDataYear><Yr2QualificationDataTypeCode>A</Yr2QualificationDataTypeCode><Yr2PercentageValue>99.9</Yr2PercentageValue><Yr3QualificationDataYear>2015</Yr3QualificationDataYear><Yr3QualificationDataTypeCode>A</Yr3QualificationDataTypeCode><Yr3PercentageValue>99.7</Yr3PercentageValue></MonitoringQualPercentData><MonitoringQualPercentData><QualificationYear>2022</QualificationYear><AveragePercentValue>99.6</AveragePercentValue><Yr1QualificationDataYear>2019</Yr1QualificationDataYear><Yr1QualificationDataTypeCode>A</Yr1QualificationDataTypeCode><Yr1PercentageValue>100</Yr1PercentageValue><Yr2QualificationDataYear>2020</Yr2QualificationDataYear><Yr2QualificationDataTypeCode>A</Yr2QualificationDataTypeCode><Yr2PercentageValue>99.3</Yr2PercentageValue><Yr3QualificationDataYear>2021</Yr3QualificationDataYear><Yr3QualificationDataTypeCode>A</Yr3QualificationDataTypeCode><Yr3PercentageValue>99.4</Yr3PercentageValue></MonitoringQualPercentData><MonitoringQualPercentData><QualificationYear>2011</QualificationYear><AveragePercentValue>99.8</AveragePercentValue><Yr1QualificationDataYear>2008</Yr1QualificationDataYear><Yr1QualificationDataTypeCode>A</Yr1QualificationDataTypeCode><Yr1PercentageValue>99.6</Yr1PercentageValue><Yr2QualificationDataYear>2009</Yr2QualificationDataYear><Yr2QualificationDataTypeCode>A</Yr2QualificationDataTypeCode><Yr2PercentageValue>99.8</Yr2PercentageValue><Yr3QualificationDataYear>2010</Yr3QualificationDataYear><Yr3QualificationDataTypeCode>A</Yr3QualificationDataTypeCode><Yr3PercentageValue>100</Yr3PercentageValue></MonitoringQualPercentData><MonitoringQualPercentData><QualificationYear>2014</QualificationYear><AveragePercentValue>99.1</AveragePercentValue><Yr1QualificationDataYear>2011</Yr1QualificationDataYear><Yr1QualificationDataTypeCode>A</Yr1QualificationDataTypeCode><Yr1PercentageValue>100</Yr1PercentageValue><Yr2QualificationDataYear>2012</Yr2QualificationDataYear><Yr2QualificationDataTypeCode>A</Yr2QualificationDataTypeCode><Yr2PercentageValue>99.3</Yr2PercentageValue><Yr3QualificationDataYear>2013</Yr3QualificationDataYear><Yr3QualificationDataTypeCode>A</Yr3QualificationDataTypeCode><Yr3PercentageValue>98</Yr3PercentageValue></MonitoringQualPercentData><MonitoringQualPercentData><QualificationYear>2013</QualificationYear><AveragePercentValue>99.8</AveragePercentValue><Yr1QualificationDataYear>2010</Yr1QualificationDataYear><Yr1QualificationDataTypeCode>A</Yr1QualificationDataTypeCode><Yr1PercentageValue>100</Yr1PercentageValue><Yr2QualificationDataYear>2011</Yr2QualificationDataYear><Yr2QualificationDataTypeCode>A</Yr2QualificationDataTypeCode><Yr2PercentageValue>100</Yr2PercentageValue><Yr3QualificationDataYear>2012</Yr3QualificationDataYear><Yr3QualificationDataTypeCode>A</Yr3QualificationDataTypeCode><Yr3PercentageValue>99.3</Yr3PercentageValue></MonitoringQualPercentData><MonitoringQualPercentData><QualificationYear>2010</QualificationYear><AveragePercentValue>97.6</AveragePercentValue><Yr1QualificationDataYear>2007</Yr1QualificationDataYear><Yr1QualificationDataTypeCode>A</Yr1QualificationDataTypeCode><Yr1PercentageValue>93.4</Yr1PercentageValue><Yr2QualificationDataYear>2008</Yr2QualificationDataYear><Yr2QualificationDataTypeCode>A</Yr2QualificationDataTypeCode><Yr2PercentageValue>99.6</Yr2PercentageValue><Yr3QualificationDataYear>2009</Yr3QualificationDataYear><Yr3QualificationDataTypeCode>A</Yr3QualificationDataTypeCode><Yr3PercentageValue>99.8</Yr3PercentageValue></MonitoringQualPercentData><MonitoringQualPercentData><QualificationYear>2009</QualificationYear><AveragePercentValue>97.6</AveragePercentValue><Yr1QualificationDataYear>2006</Yr1QualificationDataYear><Yr1QualificationDataTypeCode>A</Yr1QualificationDataTypeCode><Yr1PercentageValue>99.8</Yr1PercentageValue><Yr2QualificationDataYear>2007</Yr2QualificationDataYear><Yr2QualificationDataTypeCode>A</Yr2QualificationDataTypeCode><Yr2PercentageValue>93.4</Yr2PercentageValue><Yr3QualificationDataYear>2008</Yr3QualificationDataYear><Yr3QualificationDataTypeCode>A</Yr3QualificationDataTypeCode><Yr3PercentageValue>99.6</Yr3PercentageValue></MonitoringQualPercentData><MonitoringQualPercentData><QualificationYear>2012</QualificationYear><AveragePercentValue>99.9</AveragePercentValue><Yr1QualificationDataYear>2009</Yr1QualificationDataYear><Yr1QualificationDataTypeCode>A</Yr1QualificationDataTypeCode><Yr1PercentageValue>99.8</Yr1PercentageValue><Yr2QualificationDataYear>2010</Yr2QualificationDataYear><Yr2QualificationDataTypeCode>A</Yr2QualificationDataTypeCode><Yr2PercentageValue>100</Yr2PercentageValue><Yr3QualificationDataYear>2011</Yr3QualificationDataYear><Yr3QualificationDataTypeCode>A</Yr3QualificationDataTypeCode><Yr3PercentageValue>100</Yr3PercentageValue></MonitoringQualPercentData><MonitoringQualPercentData><QualificationYear>2015</QualificationYear><AveragePercentValue>99.1</AveragePercentValue><Yr1QualificationDataYear>2012</Yr1QualificationDataYear><Yr1QualificationDataTypeCode>A</Yr1QualificationDataTypeCode><Yr1PercentageValue>99.3</Yr1PercentageValue><Yr2QualificationDataYear>2013</Yr2QualificationDataYear><Yr2QualificationDataTypeCode>A</Yr2QualificationDataTypeCode><Yr2PercentageValue>98</Yr2PercentageValue><Yr3QualificationDataYear>2014</Yr3QualificationDataYear><Yr3QualificationDataTypeCode>A</Yr3QualificationDataTypeCode><Yr3PercentageValue>99.9</Yr3PercentageValue></MonitoringQualPercentData><MonitoringQualPercentData><QualificationYear>2008</QualificationYear><AveragePercentValue>97</AveragePercentValue><Yr1QualificationDataYear>2005</Yr1QualificationDataYear><Yr1QualificationDataTypeCode>A</Yr1QualificationDataTypeCode><Yr1PercentageValue>97.9</Yr1PercentageValue><Yr2QualificationDataYear>2006</Yr2QualificationDataYear><Yr2QualificationDataTypeCode>A</Yr2QualificationDataTypeCode><Yr2PercentageValue>99.8</Yr2PercentageValue><Yr3QualificationDataYear>2007</Yr3QualificationDataYear><Yr3QualificationDataTypeCode>A</Yr3QualificationDataTypeCode><Yr3PercentageValue>93.4</Yr3PercentageValue></MonitoringQualPercentData><MonitoringQualPercentData><QualificationYear>2007</QualificationYear><AveragePercentValue>98.5</AveragePercentValue><Yr1QualificationDataYear>2004</Yr1QualificationDataYear><Yr1QualificationDataTypeCode>A</Yr1QualificationDataTypeCode><Yr1PercentageValue>97.7</Yr1PercentageValue><Yr2QualificationDataYear>2005</Yr2QualificationDataYear><Yr2QualificationDataTypeCode>A</Yr2QualificationDataTypeCode><Yr2PercentageValue>97.9</Yr2PercentageValue><Yr3QualificationDataYear>2006</Yr3QualificationDataYear><Yr3QualificationDataTypeCode>A</Yr3QualificationDataTypeCode><Yr3PercentageValue>99.8</Yr3PercentageValue></MonitoringQualPercentData><MonitoringQualPercentData><QualificationYear>2006</QualificationYear><AveragePercentValue>96</AveragePercentValue><Yr1QualificationDataYear>2003</Yr1QualificationDataYear><Yr1QualificationDataTypeCode>A</Yr1QualificationDataTypeCode><Yr1PercentageValue>92.4</Yr1PercentageValue><Yr2QualificationDataYear>2004</Yr2QualificationDataYear><Yr2QualificationDataTypeCode>A</Yr2QualificationDataTypeCode><Yr2PercentageValue>97.7</Yr2PercentageValue><Yr3QualificationDataYear>2005</Yr3QualificationDataYear><Yr3QualificationDataTypeCode>A</Yr3QualificationDataTypeCode><Yr3PercentageValue>97.9</Yr3PercentageValue></MonitoringQualPercentData><MonitoringQualPercentData><QualificationYear>2005</QualificationYear><AveragePercentValue>96.4</AveragePercentValue><Yr1QualificationDataYear>2002</Yr1QualificationDataYear><Yr1QualificationDataTypeCode>A</Yr1QualificationDataTypeCode><Yr1PercentageValue>99.1</Yr1PercentageValue><Yr2QualificationDataYear>2003</Yr2QualificationDataYear><Yr2QualificationDataTypeCode>A</Yr2QualificationDataTypeCode><Yr2PercentageValue>92.4</Yr2PercentageValue><Yr3QualificationDataYear>2004</Yr3QualificationDataYear><Yr3QualificationDataTypeCode>A</Yr3QualificationDataTypeCode><Yr3PercentageValue>97.7</Yr3PercentageValue></MonitoringQualPercentData><MonitoringQualPercentData><QualificationYear>2004</QualificationYear><AveragePercentValue>96.9</AveragePercentValue><Yr1QualificationDataYear>2001</Yr1QualificationDataYear><Yr1QualificationDataTypeCode>A</Yr1QualificationDataTypeCode><Yr1PercentageValue>99.1</Yr1PercentageValue><Yr2QualificationDataYear>2002</Yr2QualificationDataYear><Yr2QualificationDataTypeCode>A</Yr2QualificationDataTypeCode><Yr2PercentageValue>99.1</Yr2PercentageValue><Yr3QualificationDataYear>2003</Yr3QualificationDataYear><Yr3QualificationDataTypeCode>A</Yr3QualificationDataTypeCode><Yr3PercentageValue>92.4</Yr3PercentageValue></MonitoringQualPercentData><MonitoringQualPercentData><QualificationYear>2003</QualificationYear><AveragePercentValue>99.3</AveragePercentValue><Yr1QualificationDataYear>2000</Yr1QualificationDataYear><Yr1QualificationDataTypeCode>A</Yr1QualificationDataTypeCode><Yr1PercentageValue>99.7</Yr1PercentageValue><Yr2QualificationDataYear>2001</Yr2QualificationDataYear><Yr2QualificationDataTypeCode>A</Yr2QualificationDataTypeCode><Yr2PercentageValue>99.1</Yr2PercentageValue><Yr3QualificationDataYear>2002</Yr3QualificationDataYear><Yr3QualificationDataTypeCode>A</Yr3QualificationDataTypeCode><Yr3PercentageValue>99.1</Yr3PercentageValue></MonitoringQualPercentData><MonitoringQualPercentData><QualificationYear>2002</QualificationYear><AveragePercentValue>96.3</AveragePercentValue><Yr1QualificationDataYear>2000</Yr1QualificationDataYear><Yr1QualificationDataTypeCode>A</Yr1QualificationDataTypeCode><Yr1PercentageValue>99.7</Yr1PercentageValue><Yr2QualificationDataYear>2001</Yr2QualificationDataYear><Yr2QualificationDataTypeCode>A</Yr2QualificationDataTypeCode><Yr2PercentageValue>99.1</Yr2PercentageValue><Yr3QualificationDataYear>2002</Yr3QualificationDataYear><Yr3QualificationDataTypeCode>P</Yr3QualificationDataTypeCode><Yr3PercentageValue>90</Yr3PercentageValue></MonitoringQualPercentData><MonitoringQualPercentData><QualificationYear>2001</QualificationYear><AveragePercentValue>93.3</AveragePercentValue><Yr1QualificationDataYear>2000</Yr1QualificationDataYear><Yr1QualificationDataTypeCode>A</Yr1QualificationDataTypeCode><Yr1PercentageValue>99.9</Yr1PercentageValue><Yr2QualificationDataYear>2001</Yr2QualificationDataYear><Yr2QualificationDataTypeCode>P</Yr2QualificationDataTypeCode><Yr2PercentageValue>90</Yr2PercentageValue><Yr3QualificationDataYear>2002</Yr3QualificationDataYear><Yr3QualificationDataTypeCode>P</Yr3QualificationDataTypeCode><Yr3PercentageValue>90</Yr3PercentageValue></MonitoringQualPercentData><MonitoringQualPercentData><QualificationYear>2000</QualificationYear><AveragePercentValue>90</AveragePercentValue><Yr1QualificationDataYear>2000</Yr1QualificationDataYear><Yr1QualificationDataTypeCode>P</Yr1QualificationDataTypeCode><Yr1PercentageValue>90</Yr1PercentageValue><Yr2QualificationDataYear>2001</Yr2QualificationDataYear><Yr2QualificationDataTypeCode>P</Yr2QualificationDataTypeCode><Yr2PercentageValue>90</Yr2PercentageValue><Yr3QualificationDataYear>2002</Yr3QualificationDataYear><Yr3QualificationDataTypeCode>P</Yr3QualificationDataTypeCode><Yr3PercentageValue>90</Yr3PercentageValue></MonitoringQualPercentData><MonitoringQualPercentData><QualificationYear>2020</QualificationYear><AveragePercentValue>99.3</AveragePercentValue><Yr1QualificationDataYear>2017</Yr1QualificationDataYear><Yr1QualificationDataTypeCode>A</Yr1QualificationDataTypeCode><Yr1PercentageValue>99.7</Yr1PercentageValue><Yr2QualificationDataYear>2018</Yr2QualificationDataYear><Yr2QualificationDataTypeCode>A</Yr2QualificationDataTypeCode><Yr2PercentageValue>98.1</Yr2PercentageValue><Yr3QualificationDataYear>2019</Yr3QualificationDataYear><Yr3QualificationDataTypeCode>A</Yr3QualificationDataTypeCode><Yr3PercentageValue>100</Yr3PercentageValue></MonitoringQualPercentData><MonitoringQualPercentData><QualificationYear>2018</QualificationYear><AveragePercentValue>99.9</AveragePercentValue><Yr1QualificationDataYear>2015</Yr1QualificationDataYear><Yr1QualificationDataTypeCode>A</Yr1QualificationDataTypeCode><Yr1PercentageValue>99.7</Yr1PercentageValue><Yr2QualificationDataYear>2016</Yr2QualificationDataYear><Yr2QualificationDataTypeCode>A</Yr2QualificationDataTypeCode><Yr2PercentageValue>99.9</Yr2PercentageValue><Yr3QualificationDataYear>2017</Yr3QualificationDataYear><Yr3QualificationDataTypeCode>A</Yr3QualificationDataTypeCode><Yr3PercentageValue>100</Yr3PercentageValue></MonitoringQualPercentData><MonitoringQualPercentData><QualificationYear>2019</QualificationYear><AveragePercentValue>99.8</AveragePercentValue><Yr1QualificationDataYear>2016</Yr1QualificationDataYear><Yr1QualificationDataTypeCode>A</Yr1QualificationDataTypeCode><Yr1PercentageValue>99.9</Yr1PercentageValue><Yr2QualificationDataYear>2017</Yr2QualificationDataYear><Yr2QualificationDataTypeCode>A</Yr2QualificationDataTypeCode><Yr2PercentageValue>100</Yr2PercentageValue><Yr3QualificationDataYear>2018</Yr3QualificationDataYear><Yr3QualificationDataTypeCode>A</Yr3QualificationDataTypeCode><Yr3PercentageValue>99.4</Yr3PercentageValue></MonitoringQualPercentData><MonitoringQualPercentData><QualificationYear>2021</QualificationYear><AveragePercentValue>99.1</AveragePercentValue><Yr1QualificationDataYear>2018</Yr1QualificationDataYear><Yr1QualificationDataTypeCode>A</Yr1QualificationDataTypeCode><Yr1PercentageValue>98.1</Yr1PercentageValue><Yr2QualificationDataYear>2019</Yr2QualificationDataYear><Yr2QualificationDataTypeCode>A</Yr2QualificationDataTypeCode><Yr2PercentageValue>100</Yr2PercentageValue><Yr3QualificationDataYear>2020</Yr3QualificationDataYear><Yr3QualificationDataTypeCode>A</Yr3QualificationDataTypeCode><Yr3PercentageValue>99.3</Yr3PercentageValue></MonitoringQualPercentData><MonitoringQualPercentData><QualificationYear>2017</QualificationYear><AveragePercentValue>99.8</AveragePercentValue><Yr1QualificationDataYear>2014</Yr1QualificationDataYear><Yr1QualificationDataTypeCode>A</Yr1QualificationDataTypeCode><Yr1PercentageValue>99.9</Yr1PercentageValue><Yr2QualificationDataYear>2015</Yr2QualificationDataYear><Yr2QualificationDataTypeCode>A</Yr2QualificationDataTypeCode><Yr2PercentageValue>99.7</Yr2PercentageValue><Yr3QualificationDataYear>2016</Yr3QualificationDataYear><Yr3QualificationDataTypeCode>A</Yr3QualificationDataTypeCode><Yr3PercentageValue>99.9</Yr3PercentageValue></MonitoringQualPercentData></MonitoringQualificationData></UnitData></MonitoringLocationData></MonitoringPlan>