<?xml version="1.0" encoding="utf-8"?><?xml-stylesheet type="text/xsl" href="ECMPS_MonitoringPlan.xslt"?><MonitoringPlan xsi:noNamespaceSchemaLocation="http://ecmps.camdsupport.com/xsd/MonitoringPlan.xsd" xmlns:xsi="http://www.w3.org/2001/XMLSchema-instance"><ORISCode>54</ORISCode><Version>1.2</Version><MonitoringLocationData><UnitID>SCT1</UnitID><UnitData><NonLoadBasedIndicator>0</NonLoadBasedIndicator><MonitoringLocationAttribData><DuctIndicator></DuctIndicator><BypassIndicator></BypassIndicator><GroundElevation>801</GroundElevation><StackHeight>99</StackHeight><MaterialCode></MaterialCode><ShapeCode></ShapeCode><CrossAreaFlow></CrossAreaFlow><CrossAreaStackExit>255</CrossAreaStackExit><BeginDate>2000-01-01</BeginDate><EndDate></EndDate></MonitoringLocationAttribData><UnitCapacityData><MaximumHourlyHeatInputCapacity>1800</MaximumHourlyHeatInputCapacity><BeginDate>2002-10-31</BeginDate><EndDate></EndDate></UnitCapacityData><UnitControlData><ParameterCode>NOX</ParameterCode><ControlCode>H2O</ControlCode><OriginalCode>1</OriginalCode><InstallDate></InstallDate><OptimizationDate></OptimizationDate><SeasonalControlsIndicator></SeasonalControlsIndicator><RetireDate></RetireDate></UnitControlData><UnitFuelData><FuelCode>OIL</FuelCode><IndicatorCode>S</IndicatorCode><OzoneSeasonIndicator>0</OzoneSeasonIndicator><DemGCV>GHS</DemGCV><DemSO2>SHS</DemSO2><BeginDate>2000-01-01</BeginDate><EndDate></EndDate></UnitFuelData><UnitFuelData><FuelCode>PNG</FuelCode><IndicatorCode>P</IndicatorCode><OzoneSeasonIndicator>0</OzoneSeasonIndicator><DemGCV></DemGCV><DemSO2></DemSO2><BeginDate>2000-01-01</BeginDate><EndDate></EndDate></UnitFuelData><MonitoringMethodData><ParameterCode>CO2</ParameterCode><MonitoringMethodCode>AD</MonitoringMethodCode><SubstituteDataCode>SPTS</SubstituteDataCode><BypassApproachCode></BypassApproachCode><BeginDate>2000-01-01</BeginDate><BeginHour>0</BeginHour><EndDate></EndDate><EndHour></EndHour></MonitoringMethodData><MonitoringMethodData><ParameterCode>HI</ParameterCode><MonitoringMethodCode>AD</MonitoringMethodCode><SubstituteDataCode>SPTS</SubstituteDataCode><BypassApproachCode></BypassApproachCode><BeginDate>2000-01-01</BeginDate><BeginHour>0</BeginHour><EndDate></EndDate><EndHour></EndHour></MonitoringMethodData><MonitoringMethodData><ParameterCode>NOX</ParameterCode><MonitoringMethodCode>NOXR</MonitoringMethodCode><SubstituteDataCode></SubstituteDataCode><BypassApproachCode></BypassApproachCode><BeginDate>2003-04-01</BeginDate><BeginHour>0</BeginHour><EndDate></EndDate><EndHour></EndHour></MonitoringMethodData><MonitoringMethodData><ParameterCode>NOXR</ParameterCode><MonitoringMethodCode>AE</MonitoringMethodCode><SubstituteDataCode>SPTS</SubstituteDataCode><BypassApproachCode></BypassApproachCode><BeginDate>2000-01-01</BeginDate><BeginHour>0</BeginHour><EndDate>2014-09-30</EndDate><EndHour>23</EndHour></MonitoringMethodData><MonitoringMethodData><ParameterCode>OP</ParameterCode><MonitoringMethodCode>EXP</MonitoringMethodCode><SubstituteDataCode></SubstituteDataCode><BypassApproachCode></BypassApproachCode><BeginDate>2000-01-01</BeginDate><BeginHour>0</BeginHour><EndDate></EndDate><EndHour></EndHour></MonitoringMethodData><MonitoringMethodData><ParameterCode>SO2</ParameterCode><MonitoringMethodCode>AD</MonitoringMethodCode><SubstituteDataCode>SPTS</SubstituteDataCode><BypassApproachCode></BypassApproachCode><BeginDate>2000-01-01</BeginDate><BeginHour>0</BeginHour><EndDate></EndDate><EndHour></EndHour></MonitoringMethodData><MonitoringMethodData><ParameterCode>NOXR</ParameterCode><MonitoringMethodCode>CEM</MonitoringMethodCode><SubstituteDataCode>SPTS</SubstituteDataCode><BypassApproachCode></BypassApproachCode><BeginDate>2014-10-01</BeginDate><BeginHour>0</BeginHour><EndDate></EndDate><EndHour></EndHour></MonitoringMethodData><MonitoringFormulaData><FormulaID>M1H</FormulaID><ParameterCode>NOXR</ParameterCode><FormulaCode>F-5</FormulaCode><FormulaText>((1.194 * 10 ** (-7)) * (S#(370  - 140)) *  F#(N1H) * ((20.9) / (20.9 - S#(371 - 140))))</FormulaText><BeginDate>2014-10-01</BeginDate><BeginHour>0</BeginHour><EndDate></EndDate><EndHour></EndHour></MonitoringFormulaData><MonitoringFormulaData><FormulaID>O1E</FormulaID><ParameterCode>SO2</ParameterCode><FormulaCode>D-12</FormulaCode><FormulaText>F#(G1C) + F#(O1D)</FormulaText><BeginDate>2000-01-01</BeginDate><BeginHour>0</BeginHour><EndDate></EndDate><EndHour></EndHour></MonitoringFormulaData><MonitoringFormulaData><FormulaID>O1G</FormulaID><ParameterCode>NOXR</ParameterCode><FormulaCode>E-2</FormulaCode><FormulaText></FormulaText><BeginDate>2000-01-01</BeginDate><BeginHour>0</BeginHour><EndDate>2014-09-30</EndDate><EndHour>23</EndHour></MonitoringFormulaData><MonitoringFormulaData><FormulaID>N1H</FormulaID><ParameterCode>FD</ParameterCode><FormulaCode>F-8</FormulaCode><FormulaText>(OIL TIME ON-LINE * 9190) + (GAS TIME ON-LINE * 8710)</FormulaText><BeginDate>2014-10-01</BeginDate><BeginHour>0</BeginHour><EndDate></EndDate><EndHour></EndHour></MonitoringFormulaData><MonitoringFormulaData><FormulaID>G1A</FormulaID><ParameterCode>FGAS</ParameterCode><FormulaCode>N-GAS</FormulaCode><FormulaText>(S#{300-100})</FormulaText><BeginDate>2000-01-01</BeginDate><BeginHour>0</BeginHour><EndDate>2006-09-30</EndDate><EndHour>23</EndHour></MonitoringFormulaData><MonitoringFormulaData><FormulaID>G1B</FormulaID><ParameterCode>HI</ParameterCode><FormulaCode>F-20</FormulaCode><FormulaText>((F#{G1A}*{GCV GAS})/(10e4))</FormulaText><BeginDate>2000-01-01</BeginDate><BeginHour>0</BeginHour><EndDate></EndDate><EndHour></EndHour></MonitoringFormulaData><MonitoringFormulaData><FormulaID>G1C</FormulaID><ParameterCode>SO2</ParameterCode><FormulaCode>D-5</FormulaCode><FormulaText>(0.0006*F#{G1B})</FormulaText><BeginDate>2000-01-01</BeginDate><BeginHour>0</BeginHour><EndDate></EndDate><EndHour></EndHour></MonitoringFormulaData><MonitoringFormulaData><FormulaID>G1F</FormulaID><ParameterCode>CO2</ParameterCode><FormulaCode>G-4</FormulaCode><FormulaText>((1040*F(G1B}*(1/385)*44.0)/2000)</FormulaText><BeginDate>2000-01-01</BeginDate><BeginHour>0</BeginHour><EndDate></EndDate><EndHour></EndHour></MonitoringFormulaData><MonitoringFormulaData><FormulaID>N1T</FormulaID><ParameterCode>NOX</ParameterCode><FormulaCode>F-24A</FormulaCode><FormulaText>NOX_RATE * F#(T1H) =</FormulaText><BeginDate>2003-04-01</BeginDate><BeginHour>0</BeginHour><EndDate></EndDate><EndHour></EndHour></MonitoringFormulaData><MonitoringFormulaData><FormulaID>O1A</FormulaID><ParameterCode>FOIL</ParameterCode><FormulaCode>N-OIL</FormulaCode><FormulaText>(S#{310-110}*60)</FormulaText><BeginDate>2000-01-01</BeginDate><BeginHour>0</BeginHour><EndDate>2006-09-30</EndDate><EndHour>23</EndHour></MonitoringFormulaData><MonitoringFormulaData><FormulaID>O1B</FormulaID><ParameterCode>OILM</ParameterCode><FormulaCode>D-3</FormulaCode><FormulaText>(F#{O2A}*{DENSITY OF OIL})</FormulaText><BeginDate>2000-01-01</BeginDate><BeginHour>0</BeginHour><EndDate></EndDate><EndHour></EndHour></MonitoringFormulaData><MonitoringFormulaData><FormulaID>O1C</FormulaID><ParameterCode>HI</ParameterCode><FormulaCode>F-19</FormulaCode><FormulaText>((F#{O1B}*{GCV_OIL})/10e6))</FormulaText><BeginDate>2000-01-01</BeginDate><BeginHour>0</BeginHour><EndDate></EndDate><EndHour></EndHour></MonitoringFormulaData><MonitoringFormulaData><FormulaID>O1D</FormulaID><ParameterCode>SO2</ParameterCode><FormulaCode>D-2</FormulaCode><FormulaText>(2.0*F#{O1B}*({%SULPHUR}/100))</FormulaText><BeginDate>2000-01-01</BeginDate><BeginHour>0</BeginHour><EndDate></EndDate><EndHour></EndHour></MonitoringFormulaData><MonitoringFormulaData><FormulaID>O1F</FormulaID><ParameterCode>CO2</ParameterCode><FormulaCode>G-4</FormulaCode><FormulaText>((1420*F(O1C}*(1/385)*44.0)/2000)</FormulaText><BeginDate>2000-01-01</BeginDate><BeginHour>0</BeginHour><EndDate></EndDate><EndHour></EndHour></MonitoringFormulaData><MonitoringFormulaData><FormulaID>T1F</FormulaID><ParameterCode>CO2</ParameterCode><FormulaCode>G-4A</FormulaCode><FormulaText>O1F + G1F</FormulaText><BeginDate>2000-01-01</BeginDate><BeginHour>0</BeginHour><EndDate></EndDate><EndHour></EndHour></MonitoringFormulaData><MonitoringFormulaData><FormulaID>T1H</FormulaID><ParameterCode>HI</ParameterCode><FormulaCode>D-15A</FormulaCode><FormulaText>(F#(G1B)*GUNTOPHR) + (F#(O1B)*OUNTOPHR)</FormulaText><BeginDate>2000-01-01</BeginDate><BeginHour>0</BeginHour><EndDate></EndDate><EndHour></EndHour></MonitoringFormulaData><MonitoringDefaultData><ParameterCode>O2X</ParameterCode><DefaultValue>19</DefaultValue><DefaultUnitsOfMeasureCode>PCT</DefaultUnitsOfMeasureCode><DefaultPurposeCode>DC</DefaultPurposeCode><FuelCode>NFS</FuelCode><OperatingConditionCode>A</OperatingConditionCode><DefaultSourceCode>DEF</DefaultSourceCode><GroupID></GroupID><BeginDate>2014-10-01</BeginDate><BeginHour>0</BeginHour><EndDate></EndDate><EndHour></EndHour></MonitoringDefaultData><MonitoringDefaultData><ParameterCode>MNOF</ParameterCode><DefaultValue>.7</DefaultValue><DefaultUnitsOfMeasureCode>GALHR</DefaultUnitsOfMeasureCode><DefaultPurposeCode>DM</DefaultPurposeCode><FuelCode>OIL</FuelCode><OperatingConditionCode>A</OperatingConditionCode><DefaultSourceCode>DATA</DefaultSourceCode><GroupID></GroupID><BeginDate>2008-10-01</BeginDate><BeginHour>0</BeginHour><EndDate></EndDate><EndHour></EndHour></MonitoringDefaultData><MonitoringDefaultData><ParameterCode>MNGF</ParameterCode><DefaultValue>1</DefaultValue><DefaultUnitsOfMeasureCode>HSCF</DefaultUnitsOfMeasureCode><DefaultPurposeCode>DM</DefaultPurposeCode><FuelCode>PNG</FuelCode><OperatingConditionCode>A</OperatingConditionCode><DefaultSourceCode>DATA</DefaultSourceCode><GroupID></GroupID><BeginDate>2008-10-01</BeginDate><BeginHour>0</BeginHour><EndDate></EndDate><EndHour></EndHour></MonitoringDefaultData><MonitoringDefaultData><ParameterCode>SO2R</ParameterCode><DefaultValue>.0006</DefaultValue><DefaultUnitsOfMeasureCode>LBMMBTU</DefaultUnitsOfMeasureCode><DefaultPurposeCode>F23</DefaultPurposeCode><FuelCode>PNG</FuelCode><OperatingConditionCode>A</OperatingConditionCode><DefaultSourceCode>DEF</DefaultSourceCode><GroupID></GroupID><BeginDate>2000-01-01</BeginDate><BeginHour>0</BeginHour><EndDate></EndDate><EndHour></EndHour></MonitoringDefaultData><MonitoringDefaultData><ParameterCode>NORX</ParameterCode><DefaultValue>2.414</DefaultValue><DefaultUnitsOfMeasureCode>LBMMBTU</DefaultUnitsOfMeasureCode><DefaultPurposeCode>MD</DefaultPurposeCode><FuelCode>NFS</FuelCode><OperatingConditionCode>A</OperatingConditionCode><DefaultSourceCode>DEF</DefaultSourceCode><GroupID></GroupID><BeginDate>2014-10-01</BeginDate><BeginHour>0</BeginHour><EndDate></EndDate><EndHour></EndHour></MonitoringDefaultData><MonitoringDefaultData><ParameterCode>NOCX</ParameterCode><DefaultValue>28.7</DefaultValue><DefaultUnitsOfMeasureCode>PPM</DefaultUnitsOfMeasureCode><DefaultPurposeCode>MD</DefaultPurposeCode><FuelCode>PNG</FuelCode><OperatingConditionCode>A</OperatingConditionCode><DefaultSourceCode>TEST</DefaultSourceCode><GroupID></GroupID><BeginDate>2008-10-01</BeginDate><BeginHour>0</BeginHour><EndDate>2014-09-30</EndDate><EndHour>23</EndHour></MonitoringDefaultData><MonitoringDefaultData><ParameterCode>NORX</ParameterCode><DefaultValue>.544</DefaultValue><DefaultUnitsOfMeasureCode>LBMMBTU</DefaultUnitsOfMeasureCode><DefaultPurposeCode>MD</DefaultPurposeCode><FuelCode>OIL</FuelCode><OperatingConditionCode>A</OperatingConditionCode><DefaultSourceCode>TEST</DefaultSourceCode><GroupID></GroupID><BeginDate>2008-10-01</BeginDate><BeginHour>0</BeginHour><EndDate>2014-09-30</EndDate><EndHour>23</EndHour></MonitoringDefaultData><MonitoringDefaultData><ParameterCode>NOCX</ParameterCode><DefaultValue>200</DefaultValue><DefaultUnitsOfMeasureCode>PPM</DefaultUnitsOfMeasureCode><DefaultPurposeCode>MD</DefaultPurposeCode><FuelCode>OIL</FuelCode><OperatingConditionCode>A</OperatingConditionCode><DefaultSourceCode>DEF</DefaultSourceCode><GroupID></GroupID><BeginDate>2000-01-01</BeginDate><BeginHour>0</BeginHour><EndDate>2008-09-30</EndDate><EndHour>23</EndHour></MonitoringDefaultData><MonitoringDefaultData><ParameterCode>NORX</ParameterCode><DefaultValue>.328</DefaultValue><DefaultUnitsOfMeasureCode>LBMMBTU</DefaultUnitsOfMeasureCode><DefaultPurposeCode>MD</DefaultPurposeCode><FuelCode>PNG</FuelCode><OperatingConditionCode>A</OperatingConditionCode><DefaultSourceCode>TEST</DefaultSourceCode><GroupID></GroupID><BeginDate>2008-10-01</BeginDate><BeginHour>0</BeginHour><EndDate>2014-09-30</EndDate><EndHour>23</EndHour></MonitoringDefaultData><MonitoringDefaultData><ParameterCode>NOCX</ParameterCode><DefaultValue>45.1</DefaultValue><DefaultUnitsOfMeasureCode>PPM</DefaultUnitsOfMeasureCode><DefaultPurposeCode>MD</DefaultPurposeCode><FuelCode>OIL</FuelCode><OperatingConditionCode>A</OperatingConditionCode><DefaultSourceCode>TEST</DefaultSourceCode><GroupID></GroupID><BeginDate>2008-10-01</BeginDate><BeginHour>0</BeginHour><EndDate>2014-09-30</EndDate><EndHour>23</EndHour></MonitoringDefaultData><MonitoringDefaultData><ParameterCode>NORX</ParameterCode><DefaultValue>2.414</DefaultValue><DefaultUnitsOfMeasureCode>LBMMBTU</DefaultUnitsOfMeasureCode><DefaultPurposeCode>MD</DefaultPurposeCode><FuelCode>OIL</FuelCode><OperatingConditionCode>A</OperatingConditionCode><DefaultSourceCode>DATA</DefaultSourceCode><GroupID></GroupID><BeginDate>2000-01-01</BeginDate><BeginHour>0</BeginHour><EndDate>2008-09-30</EndDate><EndHour>23</EndHour></MonitoringDefaultData><MonitoringDefaultData><ParameterCode>NORX</ParameterCode><DefaultValue>2.288</DefaultValue><DefaultUnitsOfMeasureCode>LBMMBTU</DefaultUnitsOfMeasureCode><DefaultPurposeCode>MD</DefaultPurposeCode><FuelCode>PNG</FuelCode><OperatingConditionCode>A</OperatingConditionCode><DefaultSourceCode>DATA</DefaultSourceCode><GroupID></GroupID><BeginDate>2000-01-01</BeginDate><BeginHour>0</BeginHour><EndDate>2008-09-30</EndDate><EndHour>23</EndHour></MonitoringDefaultData><MonitoringDefaultData><ParameterCode>NOCX</ParameterCode><DefaultValue>200</DefaultValue><DefaultUnitsOfMeasureCode>PPM</DefaultUnitsOfMeasureCode><DefaultPurposeCode>MD</DefaultPurposeCode><FuelCode>PNG</FuelCode><OperatingConditionCode>A</OperatingConditionCode><DefaultSourceCode>DEF</DefaultSourceCode><GroupID></GroupID><BeginDate>2000-01-01</BeginDate><BeginHour>0</BeginHour><EndDate>2008-09-30</EndDate><EndHour>23</EndHour></MonitoringDefaultData><MonitoringSpanData><ComponentTypeCode>NOX</ComponentTypeCode><SpanScaleCode>H</SpanScaleCode><SpanMethodCode>TB</SpanMethodCode><MECValue>47</MECValue><MPCValue>200</MPCValue><MPFValue></MPFValue><SpanValue>250</SpanValue><FullScaleRange>250</FullScaleRange><SpanUnitsOfMeasureCode>PPM</SpanUnitsOfMeasureCode><ScaleTransitionPoint>59</ScaleTransitionPoint><DefaultHighRange></DefaultHighRange><FlowSpanValue></FlowSpanValue><FlowFullScaleRange></FlowFullScaleRange><BeginDate>2014-10-01</BeginDate><BeginHour>0</BeginHour><EndDate></EndDate><EndHour></EndHour></MonitoringSpanData><MonitoringSpanData><ComponentTypeCode>O2</ComponentTypeCode><SpanScaleCode>H</SpanScaleCode><SpanMethodCode></SpanMethodCode><MECValue></MECValue><MPCValue></MPCValue><MPFValue></MPFValue><SpanValue>25</SpanValue><FullScaleRange>25</FullScaleRange><SpanUnitsOfMeasureCode>PCT</SpanUnitsOfMeasureCode><ScaleTransitionPoint></ScaleTransitionPoint><DefaultHighRange></DefaultHighRange><FlowSpanValue></FlowSpanValue><FlowFullScaleRange></FlowFullScaleRange><BeginDate>2014-10-01</BeginDate><BeginHour>0</BeginHour><EndDate></EndDate><EndHour></EndHour></MonitoringSpanData><MonitoringSpanData><ComponentTypeCode>NOX</ComponentTypeCode><SpanScaleCode>L</SpanScaleCode><SpanMethodCode>HD</SpanMethodCode><MECValue>47</MECValue><MPCValue></MPCValue><MPFValue></MPFValue><SpanValue>60</SpanValue><FullScaleRange>60</FullScaleRange><SpanUnitsOfMeasureCode>PPM</SpanUnitsOfMeasureCode><ScaleTransitionPoint>59</ScaleTransitionPoint><DefaultHighRange></DefaultHighRange><FlowSpanValue></FlowSpanValue><FlowFullScaleRange></FlowFullScaleRange><BeginDate>2014-10-01</BeginDate><BeginHour>0</BeginHour><EndDate></EndDate><EndHour></EndHour></MonitoringSpanData><MonitoringLoadData><MaximumLoadValue>150</MaximumLoadValue><MaximumLoadUnitsOfMeasureCode>MW</MaximumLoadUnitsOfMeasureCode><LowerOperationBoundary>10</LowerOperationBoundary><UpperOperationBoundary>150</UpperOperationBoundary><NormalLevelCode>M</NormalLevelCode><SecondLevelCode>H</SecondLevelCode><SecondNormalIndicator>0</SecondNormalIndicator><LoadAnalysisDate>2016-01-01</LoadAnalysisDate><BeginDate>2016-01-01</BeginDate><BeginHour>0</BeginHour><EndDate>2017-12-31</EndDate><EndHour>23</EndHour></MonitoringLoadData><MonitoringLoadData><MaximumLoadValue>150</MaximumLoadValue><MaximumLoadUnitsOfMeasureCode>MW</MaximumLoadUnitsOfMeasureCode><LowerOperationBoundary>10</LowerOperationBoundary><UpperOperationBoundary>150</UpperOperationBoundary><NormalLevelCode>H</NormalLevelCode><SecondLevelCode>M</SecondLevelCode><SecondNormalIndicator>0</SecondNormalIndicator><LoadAnalysisDate>2014-07-01</LoadAnalysisDate><BeginDate>2014-07-01</BeginDate><BeginHour>0</BeginHour><EndDate>2015-12-31</EndDate><EndHour>23</EndHour></MonitoringLoadData><MonitoringLoadData><MaximumLoadValue>150</MaximumLoadValue><MaximumLoadUnitsOfMeasureCode>MW</MaximumLoadUnitsOfMeasureCode><LowerOperationBoundary>10</LowerOperationBoundary><UpperOperationBoundary>150</UpperOperationBoundary><NormalLevelCode>M</NormalLevelCode><SecondLevelCode>H</SecondLevelCode><SecondNormalIndicator>1</SecondNormalIndicator><LoadAnalysisDate>2018-01-01</LoadAnalysisDate><BeginDate>2018-01-01</BeginDate><BeginHour>0</BeginHour><EndDate></EndDate><EndHour></EndHour></MonitoringLoadData><MonitoringLoadData><MaximumLoadValue>150</MaximumLoadValue><MaximumLoadUnitsOfMeasureCode>MW</MaximumLoadUnitsOfMeasureCode><LowerOperationBoundary>40</LowerOperationBoundary><UpperOperationBoundary>160</UpperOperationBoundary><NormalLevelCode></NormalLevelCode><SecondLevelCode></SecondLevelCode><SecondNormalIndicator></SecondNormalIndicator><LoadAnalysisDate></LoadAnalysisDate><BeginDate>2000-01-01</BeginDate><BeginHour>0</BeginHour><EndDate>2006-03-31</EndDate><EndHour>23</EndHour></MonitoringLoadData><MonitoringLoadData><MaximumLoadValue>150</MaximumLoadValue><MaximumLoadUnitsOfMeasureCode>MW</MaximumLoadUnitsOfMeasureCode><LowerOperationBoundary>40</LowerOperationBoundary><UpperOperationBoundary>160</UpperOperationBoundary><NormalLevelCode></NormalLevelCode><SecondLevelCode></SecondLevelCode><SecondNormalIndicator></SecondNormalIndicator><LoadAnalysisDate></LoadAnalysisDate><BeginDate>2006-01-01</BeginDate><BeginHour>0</BeginHour><EndDate>2006-12-31</EndDate><EndHour>23</EndHour></MonitoringLoadData><MonitoringLoadData><MaximumLoadValue>150</MaximumLoadValue><MaximumLoadUnitsOfMeasureCode>MW</MaximumLoadUnitsOfMeasureCode><LowerOperationBoundary>10</LowerOperationBoundary><UpperOperationBoundary>150</UpperOperationBoundary><NormalLevelCode></NormalLevelCode><SecondLevelCode></SecondLevelCode><SecondNormalIndicator></SecondNormalIndicator><LoadAnalysisDate></LoadAnalysisDate><BeginDate>2007-01-01</BeginDate><BeginHour>0</BeginHour><EndDate>2014-06-30</EndDate><EndHour>23</EndHour></MonitoringLoadData><ComponentData><ComponentID>300</ComponentID><ComponentTypeCode>GFFM</ComponentTypeCode><SampleAcquisitionMethodCode>ORF</SampleAcquisitionMethodCode><BasisCode></BasisCode><Manufacturer>DIETERICH STANDARD</Manufacturer><ModelVersion>DFC11</ModelVersion><SerialNumber>267233B.1.4</SerialNumber><HgConverterIndicator></HgConverterIndicator></ComponentData><ComponentData><ComponentID>301</ComponentID><ComponentTypeCode>GFFM</ComponentTypeCode><SampleAcquisitionMethodCode>ORF</SampleAcquisitionMethodCode><BasisCode></BasisCode><Manufacturer>DIETERICH STANDARD</Manufacturer><ModelVersion>DFC11</ModelVersion><SerialNumber>288843.1.1</SerialNumber><HgConverterIndicator></HgConverterIndicator></ComponentData><ComponentData><ComponentID>310</ComponentID><ComponentTypeCode>OFFM</ComponentTypeCode><SampleAcquisitionMethodCode>TUR</SampleAcquisitionMethodCode><BasisCode></BasisCode><Manufacturer>HOFFER</Manufacturer><ModelVersion>HO2X2</ModelVersion><SerialNumber>56397</SerialNumber><HgConverterIndicator></HgConverterIndicator></ComponentData><ComponentData><ComponentID>311</ComponentID><ComponentTypeCode>OFFM</ComponentTypeCode><SampleAcquisitionMethodCode>TUR</SampleAcquisitionMethodCode><BasisCode></BasisCode><Manufacturer>HOFFER</Manufacturer><ModelVersion>HO2X2</ModelVersion><SerialNumber>89768</SerialNumber><HgConverterIndicator></HgConverterIndicator></ComponentData><ComponentData><ComponentID>312</ComponentID><ComponentTypeCode>OFFM</ComponentTypeCode><SampleAcquisitionMethodCode>TUR</SampleAcquisitionMethodCode><BasisCode></BasisCode><Manufacturer>HOFFER</Manufacturer><ModelVersion>HO2X2</ModelVersion><SerialNumber>80281</SerialNumber><HgConverterIndicator></HgConverterIndicator></ComponentData><ComponentData><ComponentID>313</ComponentID><ComponentTypeCode>OFFM</ComponentTypeCode><SampleAcquisitionMethodCode>TUR</SampleAcquisitionMethodCode><BasisCode></BasisCode><Manufacturer>HOFFER</Manufacturer><ModelVersion>HO2X2</ModelVersion><SerialNumber>89767</SerialNumber><HgConverterIndicator></HgConverterIndicator></ComponentData><ComponentData><ComponentID>999</ComponentID><ComponentTypeCode>DAHS</ComponentTypeCode><SampleAcquisitionMethodCode></SampleAcquisitionMethodCode><BasisCode></BasisCode><Manufacturer>ESC</Manufacturer><ModelVersion>STACKVISION</ModelVersion><SerialNumber></SerialNumber><HgConverterIndicator></HgConverterIndicator></ComponentData><ComponentData><ComponentID>314</ComponentID><ComponentTypeCode>OFFM</ComponentTypeCode><SampleAcquisitionMethodCode>TUR</SampleAcquisitionMethodCode><BasisCode></BasisCode><Manufacturer>HOFFER</Manufacturer><ModelVersion>HO2X2</ModelVersion><SerialNumber>143269</SerialNumber><HgConverterIndicator></HgConverterIndicator></ComponentData><ComponentData><ComponentID>370</ComponentID><ComponentTypeCode>NOX</ComponentTypeCode><SampleAcquisitionMethodCode>EXT</SampleAcquisitionMethodCode><BasisCode>D</BasisCode><Manufacturer>TECO</Manufacturer><ModelVersion>42ILS</ModelVersion><SerialNumber>1316358158</SerialNumber><HgConverterIndicator></HgConverterIndicator><AnalyzerRangeData><AnalyzerRangeCode>A</AnalyzerRangeCode><DualRangeIndicator>1</DualRangeIndicator><BeginDate>2014-10-01</BeginDate><BeginHour>0</BeginHour><EndDate></EndDate><EndHour></EndHour></AnalyzerRangeData></ComponentData><ComponentData><ComponentID>371</ComponentID><ComponentTypeCode>O2</ComponentTypeCode><SampleAcquisitionMethodCode>EXT</SampleAcquisitionMethodCode><BasisCode>D</BasisCode><Manufacturer>SERVOMEX</Manufacturer><ModelVersion>1440</ModelVersion><SerialNumber>01440D1-4937</SerialNumber><HgConverterIndicator></HgConverterIndicator><AnalyzerRangeData><AnalyzerRangeCode>H</AnalyzerRangeCode><DualRangeIndicator>0</DualRangeIndicator><BeginDate>2014-10-01</BeginDate><BeginHour>0</BeginHour><EndDate></EndDate><EndHour></EndHour></AnalyzerRangeData></ComponentData><ComponentData><ComponentID>372</ComponentID><ComponentTypeCode>PRB</ComponentTypeCode><SampleAcquisitionMethodCode></SampleAcquisitionMethodCode><BasisCode></BasisCode><Manufacturer>UNIVERSAL ANALYZER</Manufacturer><ModelVersion>270</ModelVersion><SerialNumber>38946</SerialNumber><HgConverterIndicator></HgConverterIndicator></ComponentData><MonitoringSystemData><MonitoringSystemID>100</MonitoringSystemID><SystemTypeCode>GAS</SystemTypeCode><SystemDesignationCode>P</SystemDesignationCode><FuelCode>PNG</FuelCode><BeginDate>2000-01-01</BeginDate><BeginHour>0</BeginHour><EndDate></EndDate><EndHour></EndHour><MonitoringSystemComponentData><ComponentID>300</ComponentID><BeginDate>2000-01-01</BeginDate><BeginHour>0</BeginHour><EndDate></EndDate><EndHour></EndHour></MonitoringSystemComponentData><MonitoringSystemComponentData><ComponentID>301</ComponentID><BeginDate>2005-10-01</BeginDate><BeginHour>0</BeginHour><EndDate>2005-12-31</EndDate><EndHour>23</EndHour></MonitoringSystemComponentData><MonitoringSystemComponentData><ComponentID>999</ComponentID><BeginDate>2000-01-01</BeginDate><BeginHour>0</BeginHour><EndDate></EndDate><EndHour></EndHour></MonitoringSystemComponentData><MonitoringSystemFuelFlowData><MaximumFuelFlowRate>16800</MaximumFuelFlowRate><SystemFuelFlowUOMCode>HSCF</SystemFuelFlowUOMCode><MaximumFuelFlowRateSourceCode>UMX</MaximumFuelFlowRateSourceCode><BeginDate>2000-01-01</BeginDate><BeginHour>0</BeginHour><EndDate></EndDate><EndHour></EndHour></MonitoringSystemFuelFlowData></MonitoringSystemData><MonitoringSystemData><MonitoringSystemID>110</MonitoringSystemID><SystemTypeCode>OILV</SystemTypeCode><SystemDesignationCode>P</SystemDesignationCode><FuelCode>OIL</FuelCode><BeginDate>2000-01-01</BeginDate><BeginHour>0</BeginHour><EndDate></EndDate><EndHour></EndHour><MonitoringSystemComponentData><ComponentID>314</ComponentID><BeginDate>2017-03-29</BeginDate><BeginHour>12</BeginHour><EndDate>2018-04-18</EndDate><EndHour>10</EndHour></MonitoringSystemComponentData><MonitoringSystemComponentData><ComponentID>313</ComponentID><BeginDate>2004-07-01</BeginDate><BeginHour>0</BeginHour><EndDate>2004-09-07</EndDate><EndHour>23</EndHour></MonitoringSystemComponentData><MonitoringSystemComponentData><ComponentID>310</ComponentID><BeginDate>2018-04-18</BeginDate><BeginHour>11</BeginHour><EndDate>2021-10-05</EndDate><EndHour>12</EndHour></MonitoringSystemComponentData><MonitoringSystemComponentData><ComponentID>311</ComponentID><BeginDate>2021-10-05</BeginDate><BeginHour>13</BeginHour><EndDate></EndDate><EndHour></EndHour></MonitoringSystemComponentData><MonitoringSystemComponentData><ComponentID>310</ComponentID><BeginDate>2000-09-01</BeginDate><BeginHour>11</BeginHour><EndDate>2004-06-30</EndDate><EndHour>23</EndHour></MonitoringSystemComponentData><MonitoringSystemComponentData><ComponentID>311</ComponentID><BeginDate>2007-06-13</BeginDate><BeginHour>9</BeginHour><EndDate>2012-10-08</EndDate><EndHour>9</EndHour></MonitoringSystemComponentData><MonitoringSystemComponentData><ComponentID>312</ComponentID><BeginDate>2004-09-08</BeginDate><BeginHour>12</BeginHour><EndDate>2007-06-13</EndDate><EndHour>8</EndHour></MonitoringSystemComponentData><MonitoringSystemComponentData><ComponentID>313</ComponentID><BeginDate>2012-10-08</BeginDate><BeginHour>10</BeginHour><EndDate>2017-03-29</EndDate><EndHour>11</EndHour></MonitoringSystemComponentData><MonitoringSystemComponentData><ComponentID>999</ComponentID><BeginDate>2000-01-01</BeginDate><BeginHour>0</BeginHour><EndDate></EndDate><EndHour></EndHour></MonitoringSystemComponentData><MonitoringSystemFuelFlowData><MaximumFuelFlowRate>13800</MaximumFuelFlowRate><SystemFuelFlowUOMCode>GALHR</SystemFuelFlowUOMCode><MaximumFuelFlowRateSourceCode>UMX</MaximumFuelFlowRateSourceCode><BeginDate>2000-01-01</BeginDate><BeginHour>0</BeginHour><EndDate></EndDate><EndHour></EndHour></MonitoringSystemFuelFlowData></MonitoringSystemData><MonitoringSystemData><MonitoringSystemID>120</MonitoringSystemID><SystemTypeCode>NOXE</SystemTypeCode><SystemDesignationCode>P</SystemDesignationCode><FuelCode>PNG</FuelCode><BeginDate>2000-01-01</BeginDate><BeginHour>0</BeginHour><EndDate>2014-09-30</EndDate><EndHour>23</EndHour><MonitoringSystemComponentData><ComponentID>999</ComponentID><BeginDate>2000-01-01</BeginDate><BeginHour>0</BeginHour><EndDate>2014-09-30</EndDate><EndHour>23</EndHour></MonitoringSystemComponentData></MonitoringSystemData><MonitoringSystemData><MonitoringSystemID>130</MonitoringSystemID><SystemTypeCode>NOXE</SystemTypeCode><SystemDesignationCode>P</SystemDesignationCode><FuelCode>OIL</FuelCode><BeginDate>2000-01-01</BeginDate><BeginHour>0</BeginHour><EndDate>2014-09-30</EndDate><EndHour>23</EndHour><MonitoringSystemComponentData><ComponentID>999</ComponentID><BeginDate>2000-01-01</BeginDate><BeginHour>0</BeginHour><EndDate>2014-09-30</EndDate><EndHour>23</EndHour></MonitoringSystemComponentData></MonitoringSystemData><MonitoringSystemData><MonitoringSystemID>140</MonitoringSystemID><SystemTypeCode>NOX</SystemTypeCode><SystemDesignationCode>P</SystemDesignationCode><FuelCode>NFS</FuelCode><BeginDate>2014-10-01</BeginDate><BeginHour>0</BeginHour><EndDate></EndDate><EndHour></EndHour><MonitoringSystemComponentData><ComponentID>999</ComponentID><BeginDate>2014-10-01</BeginDate><BeginHour>0</BeginHour><EndDate></EndDate><EndHour></EndHour></MonitoringSystemComponentData><MonitoringSystemComponentData><ComponentID>371</ComponentID><BeginDate>2014-10-01</BeginDate><BeginHour>0</BeginHour><EndDate></EndDate><EndHour></EndHour></MonitoringSystemComponentData><MonitoringSystemComponentData><ComponentID>370</ComponentID><BeginDate>2014-10-01</BeginDate><BeginHour>0</BeginHour><EndDate></EndDate><EndHour></EndHour></MonitoringSystemComponentData><MonitoringSystemComponentData><ComponentID>372</ComponentID><BeginDate>2014-10-01</BeginDate><BeginHour>0</BeginHour><EndDate></EndDate><EndHour></EndHour></MonitoringSystemComponentData></MonitoringSystemData><MonitoringQualificationData><QualificationTypeCode>PK</QualificationTypeCode><BeginDate>2000-01-01</BeginDate><EndDate>2014-09-30</EndDate><MonitoringQualPercentData><QualificationYear>2013</QualificationYear><AveragePercentValue>3.1</AveragePercentValue><Yr1QualificationDataYear>2010</Yr1QualificationDataYear><Yr1QualificationDataTypeCode>A</Yr1QualificationDataTypeCode><Yr1PercentageValue>6.3</Yr1PercentageValue><Yr2QualificationDataYear>2011</Yr2QualificationDataYear><Yr2QualificationDataTypeCode>A</Yr2QualificationDataTypeCode><Yr2PercentageValue>1.2</Yr2PercentageValue><Yr3QualificationDataYear>2012</Yr3QualificationDataYear><Yr3QualificationDataTypeCode>A</Yr3QualificationDataTypeCode><Yr3PercentageValue>1.9</Yr3PercentageValue></MonitoringQualPercentData><MonitoringQualPercentData><QualificationYear>2014</QualificationYear><AveragePercentValue>1.5</AveragePercentValue><Yr1QualificationDataYear>2011</Yr1QualificationDataYear><Yr1QualificationDataTypeCode>A</Yr1QualificationDataTypeCode><Yr1PercentageValue>1.2</Yr1PercentageValue><Yr2QualificationDataYear>2012</Yr2QualificationDataYear><Yr2QualificationDataTypeCode>A</Yr2QualificationDataTypeCode><Yr2PercentageValue>1.9</Yr2PercentageValue><Yr3QualificationDataYear>2013</Yr3QualificationDataYear><Yr3QualificationDataTypeCode>A</Yr3QualificationDataTypeCode><Yr3PercentageValue>1.3</Yr3PercentageValue></MonitoringQualPercentData><MonitoringQualPercentData><QualificationYear>2006</QualificationYear><AveragePercentValue>4.7</AveragePercentValue><Yr1QualificationDataYear>2003</Yr1QualificationDataYear><Yr1QualificationDataTypeCode>A</Yr1QualificationDataTypeCode><Yr1PercentageValue>5</Yr1PercentageValue><Yr2QualificationDataYear>2004</Yr2QualificationDataYear><Yr2QualificationDataTypeCode>A</Yr2QualificationDataTypeCode><Yr2PercentageValue>5.9</Yr2PercentageValue><Yr3QualificationDataYear>2005</Yr3QualificationDataYear><Yr3QualificationDataTypeCode>A</Yr3QualificationDataTypeCode><Yr3PercentageValue>3.3</Yr3PercentageValue></MonitoringQualPercentData><MonitoringQualPercentData><QualificationYear>2005</QualificationYear><AveragePercentValue>6.1</AveragePercentValue><Yr1QualificationDataYear>2002</Yr1QualificationDataYear><Yr1QualificationDataTypeCode>A</Yr1QualificationDataTypeCode><Yr1PercentageValue>7.5</Yr1PercentageValue><Yr2QualificationDataYear>2003</Yr2QualificationDataYear><Yr2QualificationDataTypeCode>A</Yr2QualificationDataTypeCode><Yr2PercentageValue>5</Yr2PercentageValue><Yr3QualificationDataYear>2004</Yr3QualificationDataYear><Yr3QualificationDataTypeCode>A</Yr3QualificationDataTypeCode><Yr3PercentageValue>5.9</Yr3PercentageValue></MonitoringQualPercentData><MonitoringQualPercentData><QualificationYear>2009</QualificationYear><AveragePercentValue>7.7</AveragePercentValue><Yr1QualificationDataYear>2006</Yr1QualificationDataYear><Yr1QualificationDataTypeCode>A</Yr1QualificationDataTypeCode><Yr1PercentageValue>4.2</Yr1PercentageValue><Yr2QualificationDataYear>2007</Yr2QualificationDataYear><Yr2QualificationDataTypeCode>A</Yr2QualificationDataTypeCode><Yr2PercentageValue>14.7</Yr2PercentageValue><Yr3QualificationDataYear>2008</Yr3QualificationDataYear><Yr3QualificationDataTypeCode>A</Yr3QualificationDataTypeCode><Yr3PercentageValue>4.1</Yr3PercentageValue></MonitoringQualPercentData><MonitoringQualPercentData><QualificationYear>2011</QualificationYear><AveragePercentValue>6.6</AveragePercentValue><Yr1QualificationDataYear>2008</Yr1QualificationDataYear><Yr1QualificationDataTypeCode>A</Yr1QualificationDataTypeCode><Yr1PercentageValue>4.1</Yr1PercentageValue><Yr2QualificationDataYear>2009</Yr2QualificationDataYear><Yr2QualificationDataTypeCode>A</Yr2QualificationDataTypeCode><Yr2PercentageValue>9.5</Yr2PercentageValue><Yr3QualificationDataYear>2010</Yr3QualificationDataYear><Yr3QualificationDataTypeCode>A</Yr3QualificationDataTypeCode><Yr3PercentageValue>6.3</Yr3PercentageValue></MonitoringQualPercentData><MonitoringQualPercentData><QualificationYear>2012</QualificationYear><AveragePercentValue>5.7</AveragePercentValue><Yr1QualificationDataYear>2009</Yr1QualificationDataYear><Yr1QualificationDataTypeCode>A</Yr1QualificationDataTypeCode><Yr1PercentageValue>9.5</Yr1PercentageValue><Yr2QualificationDataYear>2010</Yr2QualificationDataYear><Yr2QualificationDataTypeCode>A</Yr2QualificationDataTypeCode><Yr2PercentageValue>6.3</Yr2PercentageValue><Yr3QualificationDataYear>2011</Yr3QualificationDataYear><Yr3QualificationDataTypeCode>A</Yr3QualificationDataTypeCode><Yr3PercentageValue>1.2</Yr3PercentageValue></MonitoringQualPercentData><MonitoringQualPercentData><QualificationYear>2010</QualificationYear><AveragePercentValue>9.4</AveragePercentValue><Yr1QualificationDataYear>2007</Yr1QualificationDataYear><Yr1QualificationDataTypeCode>A</Yr1QualificationDataTypeCode><Yr1PercentageValue>14.7</Yr1PercentageValue><Yr2QualificationDataYear>2008</Yr2QualificationDataYear><Yr2QualificationDataTypeCode>A</Yr2QualificationDataTypeCode><Yr2PercentageValue>4.1</Yr2PercentageValue><Yr3QualificationDataYear>2009</Yr3QualificationDataYear><Yr3QualificationDataTypeCode>A</Yr3QualificationDataTypeCode><Yr3PercentageValue>9.5</Yr3PercentageValue></MonitoringQualPercentData><MonitoringQualPercentData><QualificationYear>2004</QualificationYear><AveragePercentValue>5.9</AveragePercentValue><Yr1QualificationDataYear>2001</Yr1QualificationDataYear><Yr1QualificationDataTypeCode>A</Yr1QualificationDataTypeCode><Yr1PercentageValue>5.3</Yr1PercentageValue><Yr2QualificationDataYear>2002</Yr2QualificationDataYear><Yr2QualificationDataTypeCode>A</Yr2QualificationDataTypeCode><Yr2PercentageValue>7.5</Yr2PercentageValue><Yr3QualificationDataYear>2003</Yr3QualificationDataYear><Yr3QualificationDataTypeCode>A</Yr3QualificationDataTypeCode><Yr3PercentageValue>5</Yr3PercentageValue></MonitoringQualPercentData><MonitoringQualPercentData><QualificationYear>2003</QualificationYear><AveragePercentValue>6.1</AveragePercentValue><Yr1QualificationDataYear>2000</Yr1QualificationDataYear><Yr1QualificationDataTypeCode>A</Yr1QualificationDataTypeCode><Yr1PercentageValue>5.6</Yr1PercentageValue><Yr2QualificationDataYear>2001</Yr2QualificationDataYear><Yr2QualificationDataTypeCode>A</Yr2QualificationDataTypeCode><Yr2PercentageValue>5.3</Yr2PercentageValue><Yr3QualificationDataYear>2002</Yr3QualificationDataYear><Yr3QualificationDataTypeCode>A</Yr3QualificationDataTypeCode><Yr3PercentageValue>7.5</Yr3PercentageValue></MonitoringQualPercentData><MonitoringQualPercentData><QualificationYear>2002</QualificationYear><AveragePercentValue>7</AveragePercentValue><Yr1QualificationDataYear>2000</Yr1QualificationDataYear><Yr1QualificationDataTypeCode>A</Yr1QualificationDataTypeCode><Yr1PercentageValue>5.6</Yr1PercentageValue><Yr2QualificationDataYear>2001</Yr2QualificationDataYear><Yr2QualificationDataTypeCode>A</Yr2QualificationDataTypeCode><Yr2PercentageValue>5.3</Yr2PercentageValue><Yr3QualificationDataYear>2002</Yr3QualificationDataYear><Yr3QualificationDataTypeCode>P</Yr3QualificationDataTypeCode><Yr3PercentageValue>10</Yr3PercentageValue></MonitoringQualPercentData><MonitoringQualPercentData><QualificationYear>2001</QualificationYear><AveragePercentValue>8.5</AveragePercentValue><Yr1QualificationDataYear>2000</Yr1QualificationDataYear><Yr1QualificationDataTypeCode>A</Yr1QualificationDataTypeCode><Yr1PercentageValue>5.6</Yr1PercentageValue><Yr2QualificationDataYear>2001</Yr2QualificationDataYear><Yr2QualificationDataTypeCode>P</Yr2QualificationDataTypeCode><Yr2PercentageValue>10</Yr2PercentageValue><Yr3QualificationDataYear>2002</Yr3QualificationDataYear><Yr3QualificationDataTypeCode>P</Yr3QualificationDataTypeCode><Yr3PercentageValue>10</Yr3PercentageValue></MonitoringQualPercentData><MonitoringQualPercentData><QualificationYear>2000</QualificationYear><AveragePercentValue>10</AveragePercentValue><Yr1QualificationDataYear>2000</Yr1QualificationDataYear><Yr1QualificationDataTypeCode>P</Yr1QualificationDataTypeCode><Yr1PercentageValue>10</Yr1PercentageValue><Yr2QualificationDataYear>2001</Yr2QualificationDataYear><Yr2QualificationDataTypeCode>P</Yr2QualificationDataTypeCode><Yr2PercentageValue>10</Yr2PercentageValue><Yr3QualificationDataYear>2002</Yr3QualificationDataYear><Yr3QualificationDataTypeCode>P</Yr3QualificationDataTypeCode><Yr3PercentageValue>10</Yr3PercentageValue></MonitoringQualPercentData><MonitoringQualPercentData><QualificationYear>2008</QualificationYear><AveragePercentValue>7.4</AveragePercentValue><Yr1QualificationDataYear>2005</Yr1QualificationDataYear><Yr1QualificationDataTypeCode>A</Yr1QualificationDataTypeCode><Yr1PercentageValue>3.3</Yr1PercentageValue><Yr2QualificationDataYear>2006</Yr2QualificationDataYear><Yr2QualificationDataTypeCode>A</Yr2QualificationDataTypeCode><Yr2PercentageValue>4.2</Yr2PercentageValue><Yr3QualificationDataYear>2007</Yr3QualificationDataYear><Yr3QualificationDataTypeCode>A</Yr3QualificationDataTypeCode><Yr3PercentageValue>14.7</Yr3PercentageValue></MonitoringQualPercentData><MonitoringQualPercentData><QualificationYear>2007</QualificationYear><AveragePercentValue>4.5</AveragePercentValue><Yr1QualificationDataYear>2004</Yr1QualificationDataYear><Yr1QualificationDataTypeCode>A</Yr1QualificationDataTypeCode><Yr1PercentageValue>5.9</Yr1PercentageValue><Yr2QualificationDataYear>2005</Yr2QualificationDataYear><Yr2QualificationDataTypeCode>A</Yr2QualificationDataTypeCode><Yr2PercentageValue>3.3</Yr2PercentageValue><Yr3QualificationDataYear>2006</Yr3QualificationDataYear><Yr3QualificationDataTypeCode>A</Yr3QualificationDataTypeCode><Yr3PercentageValue>4.2</Yr3PercentageValue></MonitoringQualPercentData></MonitoringQualificationData><MonitoringQualificationData><QualificationTypeCode>GF</QualificationTypeCode><BeginDate>2007-01-01</BeginDate><EndDate></EndDate><MonitoringQualPercentData><QualificationYear>2022</QualificationYear><AveragePercentValue>99.1</AveragePercentValue><Yr1QualificationDataYear>2019</Yr1QualificationDataYear><Yr1QualificationDataTypeCode>A</Yr1QualificationDataTypeCode><Yr1PercentageValue>99.9</Yr1PercentageValue><Yr2QualificationDataYear>2020</Yr2QualificationDataYear><Yr2QualificationDataTypeCode>A</Yr2QualificationDataTypeCode><Yr2PercentageValue>99.3</Yr2PercentageValue><Yr3QualificationDataYear>2021</Yr3QualificationDataYear><Yr3QualificationDataTypeCode>A</Yr3QualificationDataTypeCode><Yr3PercentageValue>98.1</Yr3PercentageValue></MonitoringQualPercentData><MonitoringQualPercentData><QualificationYear>2013</QualificationYear><AveragePercentValue>99.9</AveragePercentValue><Yr1QualificationDataYear>2010</Yr1QualificationDataYear><Yr1QualificationDataTypeCode>A</Yr1QualificationDataTypeCode><Yr1PercentageValue>100</Yr1PercentageValue><Yr2QualificationDataYear>2011</Yr2QualificationDataYear><Yr2QualificationDataTypeCode>A</Yr2QualificationDataTypeCode><Yr2PercentageValue>100</Yr2PercentageValue><Yr3QualificationDataYear>2012</Yr3QualificationDataYear><Yr3QualificationDataTypeCode>A</Yr3QualificationDataTypeCode><Yr3PercentageValue>99.6</Yr3PercentageValue></MonitoringQualPercentData><MonitoringQualPercentData><QualificationYear>2016</QualificationYear><AveragePercentValue>99.8</AveragePercentValue><Yr1QualificationDataYear>2013</Yr1QualificationDataYear><Yr1QualificationDataTypeCode>A</Yr1QualificationDataTypeCode><Yr1PercentageValue>100</Yr1PercentageValue><Yr2QualificationDataYear>2014</Yr2QualificationDataYear><Yr2QualificationDataTypeCode>A</Yr2QualificationDataTypeCode><Yr2PercentageValue>99.4</Yr2PercentageValue><Yr3QualificationDataYear>2015</Yr3QualificationDataYear><Yr3QualificationDataTypeCode>A</Yr3QualificationDataTypeCode><Yr3PercentageValue>100</Yr3PercentageValue></MonitoringQualPercentData><MonitoringQualPercentData><QualificationYear>2014</QualificationYear><AveragePercentValue>99.9</AveragePercentValue><Yr1QualificationDataYear>2011</Yr1QualificationDataYear><Yr1QualificationDataTypeCode>A</Yr1QualificationDataTypeCode><Yr1PercentageValue>100</Yr1PercentageValue><Yr2QualificationDataYear>2012</Yr2QualificationDataYear><Yr2QualificationDataTypeCode>A</Yr2QualificationDataTypeCode><Yr2PercentageValue>99.6</Yr2PercentageValue><Yr3QualificationDataYear>2013</Yr3QualificationDataYear><Yr3QualificationDataTypeCode>A</Yr3QualificationDataTypeCode><Yr3PercentageValue>100</Yr3PercentageValue></MonitoringQualPercentData><MonitoringQualPercentData><QualificationYear>2009</QualificationYear><AveragePercentValue>98.4</AveragePercentValue><Yr1QualificationDataYear>2006</Yr1QualificationDataYear><Yr1QualificationDataTypeCode>A</Yr1QualificationDataTypeCode><Yr1PercentageValue>98.5</Yr1PercentageValue><Yr2QualificationDataYear>2007</Yr2QualificationDataYear><Yr2QualificationDataTypeCode>A</Yr2QualificationDataTypeCode><Yr2PercentageValue>99.7</Yr2PercentageValue><Yr3QualificationDataYear>2008</Yr3QualificationDataYear><Yr3QualificationDataTypeCode>A</Yr3QualificationDataTypeCode><Yr3PercentageValue>96.9</Yr3PercentageValue></MonitoringQualPercentData><MonitoringQualPercentData><QualificationYear>2011</QualificationYear><AveragePercentValue>98.9</AveragePercentValue><Yr1QualificationDataYear>2008</Yr1QualificationDataYear><Yr1QualificationDataTypeCode>A</Yr1QualificationDataTypeCode><Yr1PercentageValue>96.9</Yr1PercentageValue><Yr2QualificationDataYear>2009</Yr2QualificationDataYear><Yr2QualificationDataTypeCode>A</Yr2QualificationDataTypeCode><Yr2PercentageValue>99.8</Yr2PercentageValue><Yr3QualificationDataYear>2010</Yr3QualificationDataYear><Yr3QualificationDataTypeCode>A</Yr3QualificationDataTypeCode><Yr3PercentageValue>100</Yr3PercentageValue></MonitoringQualPercentData><MonitoringQualPercentData><QualificationYear>2020</QualificationYear><AveragePercentValue>99.2</AveragePercentValue><Yr1QualificationDataYear>2017</Yr1QualificationDataYear><Yr1QualificationDataTypeCode>A</Yr1QualificationDataTypeCode><Yr1PercentageValue>99.3</Yr1PercentageValue><Yr2QualificationDataYear>2018</Yr2QualificationDataYear><Yr2QualificationDataTypeCode>A</Yr2QualificationDataTypeCode><Yr2PercentageValue>98.4</Yr2PercentageValue><Yr3QualificationDataYear>2019</Yr3QualificationDataYear><Yr3QualificationDataTypeCode>A</Yr3QualificationDataTypeCode><Yr3PercentageValue>99.9</Yr3PercentageValue></MonitoringQualPercentData><MonitoringQualPercentData><QualificationYear>2019</QualificationYear><AveragePercentValue>97.4</AveragePercentValue><Yr1QualificationDataYear>2016</Yr1QualificationDataYear><Yr1QualificationDataTypeCode>A</Yr1QualificationDataTypeCode><Yr1PercentageValue>96.4</Yr1PercentageValue><Yr2QualificationDataYear>2017</Yr2QualificationDataYear><Yr2QualificationDataTypeCode>A</Yr2QualificationDataTypeCode><Yr2PercentageValue>96.4</Yr2PercentageValue><Yr3QualificationDataYear>2018</Yr3QualificationDataYear><Yr3QualificationDataTypeCode>A</Yr3QualificationDataTypeCode><Yr3PercentageValue>99.4</Yr3PercentageValue></MonitoringQualPercentData><MonitoringQualPercentData><QualificationYear>2018</QualificationYear><AveragePercentValue>97.6</AveragePercentValue><Yr1QualificationDataYear>2015</Yr1QualificationDataYear><Yr1QualificationDataTypeCode>A</Yr1QualificationDataTypeCode><Yr1PercentageValue>100</Yr1PercentageValue><Yr2QualificationDataYear>2016</Yr2QualificationDataYear><Yr2QualificationDataTypeCode>A</Yr2QualificationDataTypeCode><Yr2PercentageValue>96.4</Yr2PercentageValue><Yr3QualificationDataYear>2017</Yr3QualificationDataYear><Yr3QualificationDataTypeCode>A</Yr3QualificationDataTypeCode><Yr3PercentageValue>96.4</Yr3PercentageValue></MonitoringQualPercentData><MonitoringQualPercentData><QualificationYear>2012</QualificationYear><AveragePercentValue>99.9</AveragePercentValue><Yr1QualificationDataYear>2009</Yr1QualificationDataYear><Yr1QualificationDataTypeCode>A</Yr1QualificationDataTypeCode><Yr1PercentageValue>99.8</Yr1PercentageValue><Yr2QualificationDataYear>2010</Yr2QualificationDataYear><Yr2QualificationDataTypeCode>A</Yr2QualificationDataTypeCode><Yr2PercentageValue>100</Yr2PercentageValue><Yr3QualificationDataYear>2011</Yr3QualificationDataYear><Yr3QualificationDataTypeCode>A</Yr3QualificationDataTypeCode><Yr3PercentageValue>100</Yr3PercentageValue></MonitoringQualPercentData><MonitoringQualPercentData><QualificationYear>2017</QualificationYear><AveragePercentValue>98.6</AveragePercentValue><Yr1QualificationDataYear>2014</Yr1QualificationDataYear><Yr1QualificationDataTypeCode>A</Yr1QualificationDataTypeCode><Yr1PercentageValue>99.4</Yr1PercentageValue><Yr2QualificationDataYear>2015</Yr2QualificationDataYear><Yr2QualificationDataTypeCode>A</Yr2QualificationDataTypeCode><Yr2PercentageValue>100</Yr2PercentageValue><Yr3QualificationDataYear>2016</Yr3QualificationDataYear><Yr3QualificationDataTypeCode>A</Yr3QualificationDataTypeCode><Yr3PercentageValue>96.4</Yr3PercentageValue></MonitoringQualPercentData><MonitoringQualPercentData><QualificationYear>2010</QualificationYear><AveragePercentValue>98.8</AveragePercentValue><Yr1QualificationDataYear>2007</Yr1QualificationDataYear><Yr1QualificationDataTypeCode>A</Yr1QualificationDataTypeCode><Yr1PercentageValue>99.7</Yr1PercentageValue><Yr2QualificationDataYear>2008</Yr2QualificationDataYear><Yr2QualificationDataTypeCode>A</Yr2QualificationDataTypeCode><Yr2PercentageValue>96.9</Yr2PercentageValue><Yr3QualificationDataYear>2009</Yr3QualificationDataYear><Yr3QualificationDataTypeCode>A</Yr3QualificationDataTypeCode><Yr3PercentageValue>99.8</Yr3PercentageValue></MonitoringQualPercentData><MonitoringQualPercentData><QualificationYear>2021</QualificationYear><AveragePercentValue>99.2</AveragePercentValue><Yr1QualificationDataYear>2018</Yr1QualificationDataYear><Yr1QualificationDataTypeCode>A</Yr1QualificationDataTypeCode><Yr1PercentageValue>98.4</Yr1PercentageValue><Yr2QualificationDataYear>2019</Yr2QualificationDataYear><Yr2QualificationDataTypeCode>A</Yr2QualificationDataTypeCode><Yr2PercentageValue>99.9</Yr2PercentageValue><Yr3QualificationDataYear>2020</Yr3QualificationDataYear><Yr3QualificationDataTypeCode>A</Yr3QualificationDataTypeCode><Yr3PercentageValue>99.3</Yr3PercentageValue></MonitoringQualPercentData><MonitoringQualPercentData><QualificationYear>2008</QualificationYear><AveragePercentValue>98.7</AveragePercentValue><Yr1QualificationDataYear>2005</Yr1QualificationDataYear><Yr1QualificationDataTypeCode>A</Yr1QualificationDataTypeCode><Yr1PercentageValue>98</Yr1PercentageValue><Yr2QualificationDataYear>2006</Yr2QualificationDataYear><Yr2QualificationDataTypeCode>A</Yr2QualificationDataTypeCode><Yr2PercentageValue>98.5</Yr2PercentageValue><Yr3QualificationDataYear>2007</Yr3QualificationDataYear><Yr3QualificationDataTypeCode>A</Yr3QualificationDataTypeCode><Yr3PercentageValue>99.7</Yr3PercentageValue></MonitoringQualPercentData><MonitoringQualPercentData><QualificationYear>2007</QualificationYear><AveragePercentValue>97.4</AveragePercentValue><Yr1QualificationDataYear>2004</Yr1QualificationDataYear><Yr1QualificationDataTypeCode>A</Yr1QualificationDataTypeCode><Yr1PercentageValue>95.6</Yr1PercentageValue><Yr2QualificationDataYear>2005</Yr2QualificationDataYear><Yr2QualificationDataTypeCode>A</Yr2QualificationDataTypeCode><Yr2PercentageValue>98</Yr2PercentageValue><Yr3QualificationDataYear>2006</Yr3QualificationDataYear><Yr3QualificationDataTypeCode>A</Yr3QualificationDataTypeCode><Yr3PercentageValue>98.5</Yr3PercentageValue></MonitoringQualPercentData><MonitoringQualPercentData><QualificationYear>2015</QualificationYear><AveragePercentValue>99.7</AveragePercentValue><Yr1QualificationDataYear>2012</Yr1QualificationDataYear><Yr1QualificationDataTypeCode>A</Yr1QualificationDataTypeCode><Yr1PercentageValue>99.6</Yr1PercentageValue><Yr2QualificationDataYear>2013</Yr2QualificationDataYear><Yr2QualificationDataTypeCode>A</Yr2QualificationDataTypeCode><Yr2PercentageValue>100</Yr2PercentageValue><Yr3QualificationDataYear>2014</Yr3QualificationDataYear><Yr3QualificationDataTypeCode>A</Yr3QualificationDataTypeCode><Yr3PercentageValue>99.4</Yr3PercentageValue></MonitoringQualPercentData></MonitoringQualificationData><MonitoringQualificationData><QualificationTypeCode>GF</QualificationTypeCode><BeginDate>2000-01-01</BeginDate><EndDate>2003-12-31</EndDate><MonitoringQualPercentData><QualificationYear>2004</QualificationYear><AveragePercentValue>90.4</AveragePercentValue><Yr1QualificationDataYear>2001</Yr1QualificationDataYear><Yr1QualificationDataTypeCode>A</Yr1QualificationDataTypeCode><Yr1PercentageValue>99.6</Yr1PercentageValue><Yr2QualificationDataYear>2002</Yr2QualificationDataYear><Yr2QualificationDataTypeCode>A</Yr2QualificationDataTypeCode><Yr2PercentageValue>99.7</Yr2PercentageValue><Yr3QualificationDataYear>2003</Yr3QualificationDataYear><Yr3QualificationDataTypeCode>A</Yr3QualificationDataTypeCode><Yr3PercentageValue>71.9</Yr3PercentageValue></MonitoringQualPercentData><MonitoringQualPercentData><QualificationYear>2003</QualificationYear><AveragePercentValue>99.6</AveragePercentValue><Yr1QualificationDataYear>2000</Yr1QualificationDataYear><Yr1QualificationDataTypeCode>A</Yr1QualificationDataTypeCode><Yr1PercentageValue>99.5</Yr1PercentageValue><Yr2QualificationDataYear>2001</Yr2QualificationDataYear><Yr2QualificationDataTypeCode>A</Yr2QualificationDataTypeCode><Yr2PercentageValue>99.6</Yr2PercentageValue><Yr3QualificationDataYear>2002</Yr3QualificationDataYear><Yr3QualificationDataTypeCode>A</Yr3QualificationDataTypeCode><Yr3PercentageValue>99.7</Yr3PercentageValue></MonitoringQualPercentData><MonitoringQualPercentData><QualificationYear>2002</QualificationYear><AveragePercentValue>96.4</AveragePercentValue><Yr1QualificationDataYear>2000</Yr1QualificationDataYear><Yr1QualificationDataTypeCode>A</Yr1QualificationDataTypeCode><Yr1PercentageValue>99.5</Yr1PercentageValue><Yr2QualificationDataYear>2001</Yr2QualificationDataYear><Yr2QualificationDataTypeCode>A</Yr2QualificationDataTypeCode><Yr2PercentageValue>99.6</Yr2PercentageValue><Yr3QualificationDataYear>2002</Yr3QualificationDataYear><Yr3QualificationDataTypeCode>P</Yr3QualificationDataTypeCode><Yr3PercentageValue>90</Yr3PercentageValue></MonitoringQualPercentData><MonitoringQualPercentData><QualificationYear>2001</QualificationYear><AveragePercentValue>93.2</AveragePercentValue><Yr1QualificationDataYear>2000</Yr1QualificationDataYear><Yr1QualificationDataTypeCode>A</Yr1QualificationDataTypeCode><Yr1PercentageValue>99.7</Yr1PercentageValue><Yr2QualificationDataYear>2001</Yr2QualificationDataYear><Yr2QualificationDataTypeCode>P</Yr2QualificationDataTypeCode><Yr2PercentageValue>90</Yr2PercentageValue><Yr3QualificationDataYear>2002</Yr3QualificationDataYear><Yr3QualificationDataTypeCode>P</Yr3QualificationDataTypeCode><Yr3PercentageValue>90</Yr3PercentageValue></MonitoringQualPercentData><MonitoringQualPercentData><QualificationYear>2000</QualificationYear><AveragePercentValue>90</AveragePercentValue><Yr1QualificationDataYear>2000</Yr1QualificationDataYear><Yr1QualificationDataTypeCode>P</Yr1QualificationDataTypeCode><Yr1PercentageValue>90</Yr1PercentageValue><Yr2QualificationDataYear>2001</Yr2QualificationDataYear><Yr2QualificationDataTypeCode>P</Yr2QualificationDataTypeCode><Yr2PercentageValue>90</Yr2PercentageValue><Yr3QualificationDataYear>2002</Yr3QualificationDataYear><Yr3QualificationDataTypeCode>P</Yr3QualificationDataTypeCode><Yr3PercentageValue>90</Yr3PercentageValue></MonitoringQualPercentData></MonitoringQualificationData></UnitData></MonitoringLocationData></MonitoringPlan>