<?xml version="1.0" encoding="utf-8"?><QualityAssuranceAndCert xsi:noNamespaceSchemaLocation="http://ecmps.pqa.com/xsd/QualityAssuranceAndCert_v1_0.xsd" xmlns:xsi="http://www.w3.org/2001/XMLSchema-instance"><ORISCode>2823</ORISCode><Version>1.0</Version><TestSummaryData><UnitID>B1</UnitID><TestTypeCode>F2LCHK</TestTypeCode><MonitoringSystemID>151</MonitoringSystemID><ComponentID></ComponentID><SpanScaleCode></SpanScaleCode><TestNumber>F2LC-Q22008-151-1</TestNumber><TestReasonCode>QA</TestReasonCode><TestDescription></TestDescription><TestResultCode>PASSED</TestResultCode><BeginDate></BeginDate><BeginHour></BeginHour><BeginMinute></BeginMinute><EndDate></EndDate><EndHour></EndHour><EndMinute></EndMinute><GracePeriodIndicator></GracePeriodIndicator><Year>2008</Year><Quarter>2</Quarter><TestComment></TestComment><FlowToLoadCheckData><TestBasisCode>Q</TestBasisCode><BiasAdjustedIndicator>1</BiasAdjustedIndicator><AvgAbsolutePercentDiff>2.6</AvgAbsolutePercentDiff><NumberOfHours>1821</NumberOfHours><NumberOfHoursExcludedForFuel>0</NumberOfHoursExcludedForFuel><NumberOfHoursExcludedRamping>1</NumberOfHoursExcludedRamping><NumberOfHoursExcludedBypass></NumberOfHoursExcludedBypass><NumberOfHoursExcludedPreRATA>180</NumberOfHoursExcludedPreRATA><NumberOfHoursExcludedTest>0</NumberOfHoursExcludedTest><NumberOfHoursExcMainBypass>0</NumberOfHoursExcMainBypass><OperatingLevelCode>H</OperatingLevelCode></FlowToLoadCheckData></TestSummaryData><TestSummaryData><UnitID>B1</UnitID><TestTypeCode>LINE</TestTypeCode><MonitoringSystemID></MonitoringSystemID><ComponentID>SS2</ComponentID><SpanScaleCode>H</SpanScaleCode><TestNumber>LINE-Q22008-SS2-4</TestNumber><TestReasonCode>QA</TestReasonCode><TestDescription></TestDescription><TestResultCode>PASSED</TestResultCode><BeginDate>2008-05-05</BeginDate><BeginHour>10</BeginHour><BeginMinute>18</BeginMinute><EndDate>2008-05-05</EndDate><EndHour>12</EndHour><EndMinute>20</EndMinute><GracePeriodIndicator>0</GracePeriodIndicator><Year/><Quarter/><TestComment></TestComment><LinearitySummaryData><GasLevelCode>MID</GasLevelCode><MeanMeasuredValue>1348.733</MeanMeasuredValue><MeanReferenceValue>1339</MeanReferenceValue><PercentError>.7</PercentError><APSIndicator>0</APSIndicator><LinearityInjectionData><InjectionDate>2008-05-05</InjectionDate><InjectionHour>10</InjectionHour><InjectionMinute>26</InjectionMinute><MeasuredValue>1345</MeasuredValue><ReferenceValue>1339</ReferenceValue></LinearityInjectionData><LinearityInjectionData><InjectionDate>2008-05-05</InjectionDate><InjectionHour>11</InjectionHour><InjectionMinute>25</InjectionMinute><MeasuredValue>1347.9</MeasuredValue><ReferenceValue>1339</ReferenceValue></LinearityInjectionData><LinearityInjectionData><InjectionDate>2008-05-05</InjectionDate><InjectionHour>12</InjectionHour><InjectionMinute>12</InjectionMinute><MeasuredValue>1353.3</MeasuredValue><ReferenceValue>1339</ReferenceValue></LinearityInjectionData></LinearitySummaryData><LinearitySummaryData><GasLevelCode>LOW</GasLevelCode><MeanMeasuredValue>583.833</MeanMeasuredValue><MeanReferenceValue>586.7</MeanReferenceValue><PercentError>.5</PercentError><APSIndicator>0</APSIndicator><LinearityInjectionData><InjectionDate>2008-05-05</InjectionDate><InjectionHour>10</InjectionHour><InjectionMinute>18</InjectionMinute><MeasuredValue>582.4</MeasuredValue><ReferenceValue>586.7</ReferenceValue></LinearityInjectionData><LinearityInjectionData><InjectionDate>2008-05-05</InjectionDate><InjectionHour>12</InjectionHour><InjectionMinute>4</InjectionMinute><MeasuredValue>585.9</MeasuredValue><ReferenceValue>586.7</ReferenceValue></LinearityInjectionData><LinearityInjectionData><InjectionDate>2008-05-05</InjectionDate><InjectionHour>11</InjectionHour><InjectionMinute>17</InjectionMinute><MeasuredValue>583.2</MeasuredValue><ReferenceValue>586.7</ReferenceValue></LinearityInjectionData></LinearitySummaryData><LinearitySummaryData><GasLevelCode>HIGH</GasLevelCode><MeanMeasuredValue>2213.333</MeanMeasuredValue><MeanReferenceValue>2195</MeanReferenceValue><PercentError>.8</PercentError><APSIndicator>0</APSIndicator><LinearityInjectionData><InjectionDate>2008-05-05</InjectionDate><InjectionHour>10</InjectionHour><InjectionMinute>34</InjectionMinute><MeasuredValue>2200.3</MeasuredValue><ReferenceValue>2195</ReferenceValue></LinearityInjectionData><LinearityInjectionData><InjectionDate>2008-05-05</InjectionDate><InjectionHour>11</InjectionHour><InjectionMinute>33</InjectionMinute><MeasuredValue>2215.8</MeasuredValue><ReferenceValue>2195</ReferenceValue></LinearityInjectionData><LinearityInjectionData><InjectionDate>2008-05-05</InjectionDate><InjectionHour>12</InjectionHour><InjectionMinute>20</InjectionMinute><MeasuredValue>2223.9</MeasuredValue><ReferenceValue>2195</ReferenceValue></LinearityInjectionData></LinearitySummaryData></TestSummaryData><TestSummaryData><UnitID>B1</UnitID><TestTypeCode>RATA</TestTypeCode><MonitoringSystemID>111</MonitoringSystemID><ComponentID></ComponentID><SpanScaleCode></SpanScaleCode><TestNumber>RATA-Q22008-111-3</TestNumber><TestReasonCode>QA</TestReasonCode><TestDescription></TestDescription><TestResultCode>PASSED</TestResultCode><BeginDate>2008-06-10</BeginDate><BeginHour>7</BeginHour><BeginMinute>56</BeginMinute><EndDate>2008-06-10</EndDate><EndHour>12</EndHour><EndMinute>55</EndMinute><GracePeriodIndicator>0</GracePeriodIndicator><Year/><Quarter/><TestComment></TestComment><RATAData><NumberOfLoadLevels>1</NumberOfLoadLevels><RelativeAccuracy>4.67</RelativeAccuracy><RATAFrequencyCode>4QTRS</RATAFrequencyCode><OverallBiasAdjustmentFactor>1</OverallBiasAdjustmentFactor><RATASummaryData><OperatingLevelCode>H</OperatingLevelCode><AverageGrossUnitLoad>255</AverageGrossUnitLoad><ReferenceMethodCode>6C</ReferenceMethodCode><MeanCEMValue>783.411</MeanCEMValue><MeanRATAReferenceValue>758.644</MeanRATAReferenceValue><MeanDifference>-24.767</MeanDifference><StandardDeviationDifference>13.857</StandardDeviationDifference><ConfidenceCoefficient>10.652</ConfidenceCoefficient><TValue>2.306</TValue><APSIndicator>0</APSIndicator><RelativeAccuracy>4.67</RelativeAccuracy><BiasAdjustmentFactor>1</BiasAdjustmentFactor><CO2OrO2ReferenceMethodCode></CO2OrO2ReferenceMethodCode><StackDiameter></StackDiameter><StackArea></StackArea><NumberOfTraversePoints></NumberOfTraversePoints><CalculatedWAF></CalculatedWAF><DefaultWAF></DefaultWAF><RATARunData><RunNumber>1</RunNumber><BeginDate>2008-06-10</BeginDate><BeginHour>7</BeginHour><BeginMinute>56</BeginMinute><EndDate>2008-06-10</EndDate><EndHour>8</EndHour><EndMinute>16</EndMinute><CEMValue>862.3</CEMValue><RATAReferenceValue>817.6</RATAReferenceValue><GrossUnitLoad>256</GrossUnitLoad><RunStatusCode>RUNUSED</RunStatusCode></RATARunData><RATARunData><RunNumber>2</RunNumber><BeginDate>2008-06-10</BeginDate><BeginHour>8</BeginHour><BeginMinute>34</BeginMinute><EndDate>2008-06-10</EndDate><EndHour>8</EndHour><EndMinute>54</EndMinute><CEMValue>824</CEMValue><RATAReferenceValue>784.4</RATAReferenceValue><GrossUnitLoad>256</GrossUnitLoad><RunStatusCode>RUNUSED</RunStatusCode></RATARunData><RATARunData><RunNumber>3</RunNumber><BeginDate>2008-06-10</BeginDate><BeginHour>9</BeginHour><BeginMinute>6</BeginMinute><EndDate>2008-06-10</EndDate><EndHour>9</EndHour><EndMinute>26</EndMinute><CEMValue>792.3</CEMValue><RATAReferenceValue>760.4</RATAReferenceValue><GrossUnitLoad>255</GrossUnitLoad><RunStatusCode>RUNUSED</RunStatusCode></RATARunData><RATARunData><RunNumber>4</RunNumber><BeginDate>2008-06-10</BeginDate><BeginHour>9</BeginHour><BeginMinute>43</BeginMinute><EndDate>2008-06-10</EndDate><EndHour>10</EndHour><EndMinute>3</EndMinute><CEMValue>779.5</CEMValue><RATAReferenceValue>755.3</RATAReferenceValue><GrossUnitLoad>255</GrossUnitLoad><RunStatusCode>RUNUSED</RunStatusCode></RATARunData><RATARunData><RunNumber>5</RunNumber><BeginDate>2008-06-10</BeginDate><BeginHour>10</BeginHour><BeginMinute>18</BeginMinute><EndDate>2008-06-10</EndDate><EndHour>10</EndHour><EndMinute>38</EndMinute><CEMValue>778.1</CEMValue><RATAReferenceValue>752.9</RATAReferenceValue><GrossUnitLoad>254</GrossUnitLoad><RunStatusCode>RUNUSED</RunStatusCode></RATARunData><RATARunData><RunNumber>6</RunNumber><BeginDate>2008-06-10</BeginDate><BeginHour>10</BeginHour><BeginMinute>51</BeginMinute><EndDate>2008-06-10</EndDate><EndHour>11</EndHour><EndMinute>11</EndMinute><CEMValue>766.3</CEMValue><RATAReferenceValue>735.4</RATAReferenceValue><GrossUnitLoad>255</GrossUnitLoad><RunStatusCode>RUNUSED</RunStatusCode></RATARunData><RATARunData><RunNumber>7</RunNumber><BeginDate>2008-06-10</BeginDate><BeginHour>11</BeginHour><BeginMinute>23</BeginMinute><EndDate>2008-06-10</EndDate><EndHour>11</EndHour><EndMinute>43</EndMinute><CEMValue>756</CEMValue><RATAReferenceValue>740.9</RATAReferenceValue><GrossUnitLoad>255</GrossUnitLoad><RunStatusCode>RUNUSED</RunStatusCode></RATARunData><RATARunData><RunNumber>8</RunNumber><BeginDate>2008-06-10</BeginDate><BeginHour>12</BeginHour><BeginMinute>0</BeginMinute><EndDate>2008-06-10</EndDate><EndHour>12</EndHour><EndMinute>20</EndMinute><CEMValue>749.1</CEMValue><RATAReferenceValue>741.8</RATAReferenceValue><GrossUnitLoad>255</GrossUnitLoad><RunStatusCode>RUNUSED</RunStatusCode></RATARunData><RATARunData><RunNumber>9</RunNumber><BeginDate>2008-06-10</BeginDate><BeginHour>12</BeginHour><BeginMinute>35</BeginMinute><EndDate>2008-06-10</EndDate><EndHour>12</EndHour><EndMinute>55</EndMinute><CEMValue>743.1</CEMValue><RATAReferenceValue>739.1</RATAReferenceValue><GrossUnitLoad>255</GrossUnitLoad><RunStatusCode>RUNUSED</RunStatusCode></RATARunData></RATASummaryData></RATAData></TestSummaryData><TestSummaryData><UnitID>B1</UnitID><TestTypeCode>LINE</TestTypeCode><MonitoringSystemID></MonitoringSystemID><ComponentID>NNX</ComponentID><SpanScaleCode>H</SpanScaleCode><TestNumber>LINE-Q22008-NNX-3</TestNumber><TestReasonCode>QA</TestReasonCode><TestDescription></TestDescription><TestResultCode>PASSED</TestResultCode><BeginDate>2008-05-05</BeginDate><BeginHour>10</BeginHour><BeginMinute>18</BeginMinute><EndDate>2008-05-05</EndDate><EndHour>12</EndHour><EndMinute>20</EndMinute><GracePeriodIndicator>0</GracePeriodIndicator><Year/><Quarter/><TestComment></TestComment><LinearitySummaryData><GasLevelCode>MID</GasLevelCode><MeanMeasuredValue>509.533</MeanMeasuredValue><MeanReferenceValue>508.5</MeanReferenceValue><PercentError>.2</PercentError><APSIndicator>0</APSIndicator><LinearityInjectionData><InjectionDate>2008-05-05</InjectionDate><InjectionHour>10</InjectionHour><InjectionMinute>26</InjectionMinute><MeasuredValue>506.5</MeasuredValue><ReferenceValue>508.5</ReferenceValue></LinearityInjectionData><LinearityInjectionData><InjectionDate>2008-05-05</InjectionDate><InjectionHour>11</InjectionHour><InjectionMinute>25</InjectionMinute><MeasuredValue>511.4</MeasuredValue><ReferenceValue>508.5</ReferenceValue></LinearityInjectionData><LinearityInjectionData><InjectionDate>2008-05-05</InjectionDate><InjectionHour>12</InjectionHour><InjectionMinute>12</InjectionMinute><MeasuredValue>510.7</MeasuredValue><ReferenceValue>508.5</ReferenceValue></LinearityInjectionData></LinearitySummaryData><LinearitySummaryData><GasLevelCode>LOW</GasLevelCode><MeanMeasuredValue>243.933</MeanMeasuredValue><MeanReferenceValue>243.3</MeanReferenceValue><PercentError>.3</PercentError><APSIndicator>0</APSIndicator><LinearityInjectionData><InjectionDate>2008-05-05</InjectionDate><InjectionHour>10</InjectionHour><InjectionMinute>18</InjectionMinute><MeasuredValue>243</MeasuredValue><ReferenceValue>243.3</ReferenceValue></LinearityInjectionData><LinearityInjectionData><InjectionDate>2008-05-05</InjectionDate><InjectionHour>12</InjectionHour><InjectionMinute>4</InjectionMinute><MeasuredValue>244.4</MeasuredValue><ReferenceValue>243.3</ReferenceValue></LinearityInjectionData><LinearityInjectionData><InjectionDate>2008-05-05</InjectionDate><InjectionHour>11</InjectionHour><InjectionMinute>17</InjectionMinute><MeasuredValue>244.4</MeasuredValue><ReferenceValue>243.3</ReferenceValue></LinearityInjectionData></LinearitySummaryData><LinearitySummaryData><GasLevelCode>HIGH</GasLevelCode><MeanMeasuredValue>928.433</MeanMeasuredValue><MeanReferenceValue>909.8</MeanReferenceValue><PercentError>2</PercentError><APSIndicator>0</APSIndicator><LinearityInjectionData><InjectionDate>2008-05-05</InjectionDate><InjectionHour>10</InjectionHour><InjectionMinute>34</InjectionMinute><MeasuredValue>936.2</MeasuredValue><ReferenceValue>909.8</ReferenceValue></LinearityInjectionData><LinearityInjectionData><InjectionDate>2008-05-05</InjectionDate><InjectionHour>11</InjectionHour><InjectionMinute>33</InjectionMinute><MeasuredValue>927.6</MeasuredValue><ReferenceValue>909.8</ReferenceValue></LinearityInjectionData><LinearityInjectionData><InjectionDate>2008-05-05</InjectionDate><InjectionHour>12</InjectionHour><InjectionMinute>20</InjectionMinute><MeasuredValue>921.5</MeasuredValue><ReferenceValue>909.8</ReferenceValue></LinearityInjectionData></LinearitySummaryData></TestSummaryData><TestSummaryData><UnitID>B1</UnitID><TestTypeCode>RATA</TestTypeCode><MonitoringSystemID>151</MonitoringSystemID><ComponentID></ComponentID><SpanScaleCode></SpanScaleCode><TestNumber>RATA-Q22008-151-1</TestNumber><TestReasonCode>QA</TestReasonCode><TestDescription></TestDescription><TestResultCode>PASSED</TestResultCode><BeginDate>2008-04-08</BeginDate><BeginHour>10</BeginHour><BeginMinute>12</BeginMinute><EndDate>2008-04-08</EndDate><EndHour>11</EndHour><EndMinute>48</EndMinute><GracePeriodIndicator>0</GracePeriodIndicator><Year/><Quarter/><TestComment></TestComment><RATAData><NumberOfLoadLevels>1</NumberOfLoadLevels><RelativeAccuracy>2.38</RelativeAccuracy><RATAFrequencyCode>4QTRS</RATAFrequencyCode><OverallBiasAdjustmentFactor>1</OverallBiasAdjustmentFactor><RATASummaryData><OperatingLevelCode>H</OperatingLevelCode><AverageGrossUnitLoad>254</AverageGrossUnitLoad><ReferenceMethodCode>2</ReferenceMethodCode><MeanCEMValue>41844000</MeanCEMValue><MeanRATAReferenceValue>41036000</MeanRATAReferenceValue><MeanDifference>-808000</MeanDifference><StandardDeviationDifference>218000</StandardDeviationDifference><ConfidenceCoefficient>168000</ConfidenceCoefficient><TValue>2.306</TValue><APSIndicator>0</APSIndicator><RelativeAccuracy>2.38</RelativeAccuracy><BiasAdjustmentFactor>1</BiasAdjustmentFactor><CO2OrO2ReferenceMethodCode></CO2OrO2ReferenceMethodCode><StackDiameter></StackDiameter><StackArea></StackArea><NumberOfTraversePoints></NumberOfTraversePoints><CalculatedWAF></CalculatedWAF><DefaultWAF></DefaultWAF><RATARunData><RunNumber>1</RunNumber><BeginDate>2008-04-08</BeginDate><BeginHour>10</BeginHour><BeginMinute>12</BeginMinute><EndDate>2008-04-08</EndDate><EndHour>10</EndHour><EndMinute>19</EndMinute><CEMValue>42354000</CEMValue><RATAReferenceValue>40869000</RATAReferenceValue><GrossUnitLoad>254</GrossUnitLoad><RunStatusCode>NOTUSED</RunStatusCode></RATARunData><RATARunData><RunNumber>2</RunNumber><BeginDate>2008-04-08</BeginDate><BeginHour>10</BeginHour><BeginMinute>30</BeginMinute><EndDate>2008-04-08</EndDate><EndHour>10</EndHour><EndMinute>36</EndMinute><CEMValue>41808000</CEMValue><RATAReferenceValue>40805000</RATAReferenceValue><GrossUnitLoad>254</GrossUnitLoad><RunStatusCode>RUNUSED</RunStatusCode></RATARunData><RATARunData><RunNumber>3</RunNumber><BeginDate>2008-04-08</BeginDate><BeginHour>10</BeginHour><BeginMinute>37</BeginMinute><EndDate>2008-04-08</EndDate><EndHour>10</EndHour><EndMinute>42</EndMinute><CEMValue>41990000</CEMValue><RATAReferenceValue>41012000</RATAReferenceValue><GrossUnitLoad>254</GrossUnitLoad><RunStatusCode>RUNUSED</RunStatusCode></RATARunData><RATARunData><RunNumber>4</RunNumber><BeginDate>2008-04-08</BeginDate><BeginHour>10</BeginHour><BeginMinute>43</BeginMinute><EndDate>2008-04-08</EndDate><EndHour>10</EndHour><EndMinute>48</EndMinute><CEMValue>41859000</CEMValue><RATAReferenceValue>40725000</RATAReferenceValue><GrossUnitLoad>254</GrossUnitLoad><RunStatusCode>NOTUSED</RunStatusCode></RATARunData><RATARunData><RunNumber>5</RunNumber><BeginDate>2008-04-08</BeginDate><BeginHour>10</BeginHour><BeginMinute>49</BeginMinute><EndDate>2008-04-08</EndDate><EndHour>10</EndHour><EndMinute>54</EndMinute><CEMValue>42376000</CEMValue><RATAReferenceValue>41123000</RATAReferenceValue><GrossUnitLoad>254</GrossUnitLoad><RunStatusCode>NOTUSED</RunStatusCode></RATARunData><RATARunData><RunNumber>6</RunNumber><BeginDate>2008-04-08</BeginDate><BeginHour>11</BeginHour><BeginMinute>6</BeginMinute><EndDate>2008-04-08</EndDate><EndHour>11</EndHour><EndMinute>12</EndMinute><CEMValue>41604000</CEMValue><RATAReferenceValue>40933000</RATAReferenceValue><GrossUnitLoad>254</GrossUnitLoad><RunStatusCode>RUNUSED</RunStatusCode></RATARunData><RATARunData><RunNumber>7</RunNumber><BeginDate>2008-04-08</BeginDate><BeginHour>11</BeginHour><BeginMinute>13</BeginMinute><EndDate>2008-04-08</EndDate><EndHour>11</EndHour><EndMinute>18</EndMinute><CEMValue>41773000</CEMValue><RATAReferenceValue>40974000</RATAReferenceValue><GrossUnitLoad>254</GrossUnitLoad><RunStatusCode>RUNUSED</RunStatusCode></RATARunData><RATARunData><RunNumber>8</RunNumber><BeginDate>2008-04-08</BeginDate><BeginHour>11</BeginHour><BeginMinute>19</BeginMinute><EndDate>2008-04-08</EndDate><EndHour>11</EndHour><EndMinute>24</EndMinute><CEMValue>41490000</CEMValue><RATAReferenceValue>40947000</RATAReferenceValue><GrossUnitLoad>254</GrossUnitLoad><RunStatusCode>RUNUSED</RunStatusCode></RATARunData><RATARunData><RunNumber>9</RunNumber><BeginDate>2008-04-08</BeginDate><BeginHour>11</BeginHour><BeginMinute>25</BeginMinute><EndDate>2008-04-08</EndDate><EndHour>11</EndHour><EndMinute>30</EndMinute><CEMValue>41666000</CEMValue><RATAReferenceValue>40787000</RATAReferenceValue><GrossUnitLoad>254</GrossUnitLoad><RunStatusCode>RUNUSED</RunStatusCode></RATARunData><RATARunData><RunNumber>10</RunNumber><BeginDate>2008-04-08</BeginDate><BeginHour>11</BeginHour><BeginMinute>31</BeginMinute><EndDate>2008-04-08</EndDate><EndHour>11</EndHour><EndMinute>36</EndMinute><CEMValue>41641000</CEMValue><RATAReferenceValue>41174000</RATAReferenceValue><GrossUnitLoad>254</GrossUnitLoad><RunStatusCode>RUNUSED</RunStatusCode></RATARunData><RATARunData><RunNumber>11</RunNumber><BeginDate>2008-04-08</BeginDate><BeginHour>11</BeginHour><BeginMinute>37</BeginMinute><EndDate>2008-04-08</EndDate><EndHour>11</EndHour><EndMinute>42</EndMinute><CEMValue>42233000</CEMValue><RATAReferenceValue>41431000</RATAReferenceValue><GrossUnitLoad>254</GrossUnitLoad><RunStatusCode>RUNUSED</RunStatusCode></RATARunData><RATARunData><RunNumber>12</RunNumber><BeginDate>2008-04-08</BeginDate><BeginHour>11</BeginHour><BeginMinute>43</BeginMinute><EndDate>2008-04-08</EndDate><EndHour>11</EndHour><EndMinute>48</EndMinute><CEMValue>42394000</CEMValue><RATAReferenceValue>41263000</RATAReferenceValue><GrossUnitLoad>254</GrossUnitLoad><RunStatusCode>RUNUSED</RunStatusCode></RATARunData></RATASummaryData></RATAData><TestQualificationData><TestClaimCode>SLC</TestClaimCode><BeginDate>2007-05-23</BeginDate><EndDate>2008-04-08</EndDate><HighLoadPercentage>99.2</HighLoadPercentage><MidLoadPercentage>.5</MidLoadPercentage><LowLoadPercentage>.4</LowLoadPercentage></TestQualificationData></TestSummaryData><TestSummaryData><UnitID>B1</UnitID><TestTypeCode>RATA</TestTypeCode><MonitoringSystemID>131</MonitoringSystemID><ComponentID></ComponentID><SpanScaleCode></SpanScaleCode><TestNumber>RATA-Q22008-131-2</TestNumber><TestReasonCode>QA</TestReasonCode><TestDescription></TestDescription><TestResultCode>PASSED</TestResultCode><BeginDate>2008-06-10</BeginDate><BeginHour>7</BeginHour><BeginMinute>56</BeginMinute><EndDate>2008-06-10</EndDate><EndHour>12</EndHour><EndMinute>55</EndMinute><GracePeriodIndicator>0</GracePeriodIndicator><Year/><Quarter/><TestComment></TestComment><RATAData><NumberOfLoadLevels>1</NumberOfLoadLevels><RelativeAccuracy>3.87</RelativeAccuracy><RATAFrequencyCode>4QTRS</RATAFrequencyCode><OverallBiasAdjustmentFactor>1</OverallBiasAdjustmentFactor><RATASummaryData><OperatingLevelCode>H</OperatingLevelCode><AverageGrossUnitLoad>255</AverageGrossUnitLoad><ReferenceMethodCode>3A</ReferenceMethodCode><MeanCEMValue>11.822</MeanCEMValue><MeanRATAReferenceValue>11.456</MeanRATAReferenceValue><MeanDifference>-.367</MeanDifference><StandardDeviationDifference>.1</StandardDeviationDifference><ConfidenceCoefficient>.077</ConfidenceCoefficient><TValue>2.306</TValue><APSIndicator>0</APSIndicator><RelativeAccuracy>3.87</RelativeAccuracy><BiasAdjustmentFactor>1</BiasAdjustmentFactor><CO2OrO2ReferenceMethodCode></CO2OrO2ReferenceMethodCode><StackDiameter></StackDiameter><StackArea></StackArea><NumberOfTraversePoints></NumberOfTraversePoints><CalculatedWAF></CalculatedWAF><DefaultWAF></DefaultWAF><RATARunData><RunNumber>4</RunNumber><BeginDate>2008-06-10</BeginDate><BeginHour>9</BeginHour><BeginMinute>43</BeginMinute><EndDate>2008-06-10</EndDate><EndHour>10</EndHour><EndMinute>3</EndMinute><CEMValue>11.8</CEMValue><RATAReferenceValue>11.4</RATAReferenceValue><GrossUnitLoad>255</GrossUnitLoad><RunStatusCode>RUNUSED</RunStatusCode></RATARunData><RATARunData><RunNumber>5</RunNumber><BeginDate>2008-06-10</BeginDate><BeginHour>10</BeginHour><BeginMinute>18</BeginMinute><EndDate>2008-06-10</EndDate><EndHour>10</EndHour><EndMinute>38</EndMinute><CEMValue>11.9</CEMValue><RATAReferenceValue>11.5</RATAReferenceValue><GrossUnitLoad>254</GrossUnitLoad><RunStatusCode>RUNUSED</RunStatusCode></RATARunData><RATARunData><RunNumber>6</RunNumber><BeginDate>2008-06-10</BeginDate><BeginHour>10</BeginHour><BeginMinute>51</BeginMinute><EndDate>2008-06-10</EndDate><EndHour>11</EndHour><EndMinute>11</EndMinute><CEMValue>11.8</CEMValue><RATAReferenceValue>11.5</RATAReferenceValue><GrossUnitLoad>255</GrossUnitLoad><RunStatusCode>RUNUSED</RunStatusCode></RATARunData><RATARunData><RunNumber>7</RunNumber><BeginDate>2008-06-10</BeginDate><BeginHour>11</BeginHour><BeginMinute>23</BeginMinute><EndDate>2008-06-10</EndDate><EndHour>11</EndHour><EndMinute>43</EndMinute><CEMValue>11.8</CEMValue><RATAReferenceValue>11.6</RATAReferenceValue><GrossUnitLoad>255</GrossUnitLoad><RunStatusCode>RUNUSED</RunStatusCode></RATARunData><RATARunData><RunNumber>8</RunNumber><BeginDate>2008-06-10</BeginDate><BeginHour>12</BeginHour><BeginMinute>0</BeginMinute><EndDate>2008-06-10</EndDate><EndHour>12</EndHour><EndMinute>20</EndMinute><CEMValue>11.8</CEMValue><RATAReferenceValue>11.5</RATAReferenceValue><GrossUnitLoad>255</GrossUnitLoad><RunStatusCode>RUNUSED</RunStatusCode></RATARunData><RATARunData><RunNumber>9</RunNumber><BeginDate>2008-06-10</BeginDate><BeginHour>12</BeginHour><BeginMinute>35</BeginMinute><EndDate>2008-06-10</EndDate><EndHour>12</EndHour><EndMinute>55</EndMinute><CEMValue>11.9</CEMValue><RATAReferenceValue>11.6</RATAReferenceValue><GrossUnitLoad>255</GrossUnitLoad><RunStatusCode>RUNUSED</RunStatusCode></RATARunData><RATARunData><RunNumber>1</RunNumber><BeginDate>2008-06-10</BeginDate><BeginHour>7</BeginHour><BeginMinute>56</BeginMinute><EndDate>2008-06-10</EndDate><EndHour>8</EndHour><EndMinute>16</EndMinute><CEMValue>11.9</CEMValue><RATAReferenceValue>11.4</RATAReferenceValue><GrossUnitLoad>256</GrossUnitLoad><RunStatusCode>RUNUSED</RunStatusCode></RATARunData><RATARunData><RunNumber>2</RunNumber><BeginDate>2008-06-10</BeginDate><BeginHour>8</BeginHour><BeginMinute>34</BeginMinute><EndDate>2008-06-10</EndDate><EndHour>8</EndHour><EndMinute>54</EndMinute><CEMValue>11.8</CEMValue><RATAReferenceValue>11.3</RATAReferenceValue><GrossUnitLoad>256</GrossUnitLoad><RunStatusCode>RUNUSED</RunStatusCode></RATARunData><RATARunData><RunNumber>3</RunNumber><BeginDate>2008-06-10</BeginDate><BeginHour>9</BeginHour><BeginMinute>6</BeginMinute><EndDate>2008-06-10</EndDate><EndHour>9</EndHour><EndMinute>26</EndMinute><CEMValue>11.7</CEMValue><RATAReferenceValue>11.3</RATAReferenceValue><GrossUnitLoad>255</GrossUnitLoad><RunStatusCode>RUNUSED</RunStatusCode></RATARunData></RATASummaryData></RATAData></TestSummaryData><TestSummaryData><UnitID>B1</UnitID><TestTypeCode>F2LREF</TestTypeCode><MonitoringSystemID>151</MonitoringSystemID><ComponentID></ComponentID><SpanScaleCode></SpanScaleCode><TestNumber>F2LR-Q22008-151-1</TestNumber><TestReasonCode></TestReasonCode><TestDescription></TestDescription><TestResultCode></TestResultCode><BeginDate></BeginDate><BeginHour></BeginHour><BeginMinute></BeginMinute><EndDate>2008-04-08</EndDate><EndHour>11</EndHour><EndMinute>48</EndMinute><GracePeriodIndicator></GracePeriodIndicator><Year/><Quarter/><TestComment></TestComment><FlowToLoadReferenceData><RATATestNumber>RATA-Q22008-151-1</RATATestNumber><OperatingLevelCode>H</OperatingLevelCode><AverageGrossUnitLoad>254</AverageGrossUnitLoad><AverageReferenceMethodFlow>41036222</AverageReferenceMethodFlow><ReferenceFlowLoadRatio>1.62</ReferenceFlowLoadRatio><AverageHourlyHeatInputRate></AverageHourlyHeatInputRate><ReferenceGrossHeatRate></ReferenceGrossHeatRate><CalcSeparateReferenceIndicator></CalcSeparateReferenceIndicator></FlowToLoadReferenceData></TestSummaryData><TestSummaryData><UnitID>B1</UnitID><TestTypeCode>LINE</TestTypeCode><MonitoringSystemID></MonitoringSystemID><ComponentID>CC2</ComponentID><SpanScaleCode>H</SpanScaleCode><TestNumber>LINE-Q22008-CC2-1</TestNumber><TestReasonCode>QA</TestReasonCode><TestDescription></TestDescription><TestResultCode>PASSED</TestResultCode><BeginDate>2008-05-05</BeginDate><BeginHour>10</BeginHour><BeginMinute>18</BeginMinute><EndDate>2008-05-05</EndDate><EndHour>12</EndHour><EndMinute>20</EndMinute><GracePeriodIndicator>0</GracePeriodIndicator><Year/><Quarter/><TestComment></TestComment><LinearitySummaryData><GasLevelCode>MID</GasLevelCode><MeanMeasuredValue>11.21</MeanMeasuredValue><MeanReferenceValue>11.08</MeanReferenceValue><PercentError>1.2</PercentError><APSIndicator>0</APSIndicator><LinearityInjectionData><InjectionDate>2008-05-05</InjectionDate><InjectionHour>10</InjectionHour><InjectionMinute>26</InjectionMinute><MeasuredValue>11.19</MeasuredValue><ReferenceValue>11.08</ReferenceValue></LinearityInjectionData><LinearityInjectionData><InjectionDate>2008-05-05</InjectionDate><InjectionHour>11</InjectionHour><InjectionMinute>25</InjectionMinute><MeasuredValue>11.2</MeasuredValue><ReferenceValue>11.08</ReferenceValue></LinearityInjectionData><LinearityInjectionData><InjectionDate>2008-05-05</InjectionDate><InjectionHour>12</InjectionHour><InjectionMinute>12</InjectionMinute><MeasuredValue>11.24</MeasuredValue><ReferenceValue>11.08</ReferenceValue></LinearityInjectionData></LinearitySummaryData><LinearitySummaryData><GasLevelCode>LOW</GasLevelCode><MeanMeasuredValue>5</MeanMeasuredValue><MeanReferenceValue>5.01</MeanReferenceValue><PercentError>.2</PercentError><APSIndicator>0</APSIndicator><LinearityInjectionData><InjectionDate>2008-05-05</InjectionDate><InjectionHour>10</InjectionHour><InjectionMinute>18</InjectionMinute><MeasuredValue>4.99</MeasuredValue><ReferenceValue>5.01</ReferenceValue></LinearityInjectionData><LinearityInjectionData><InjectionDate>2008-05-05</InjectionDate><InjectionHour>12</InjectionHour><InjectionMinute>4</InjectionMinute><MeasuredValue>5.01</MeasuredValue><ReferenceValue>5.01</ReferenceValue></LinearityInjectionData><LinearityInjectionData><InjectionDate>2008-05-05</InjectionDate><InjectionHour>11</InjectionHour><InjectionMinute>17</InjectionMinute><MeasuredValue>5</MeasuredValue><ReferenceValue>5.01</ReferenceValue></LinearityInjectionData></LinearitySummaryData><LinearitySummaryData><GasLevelCode>HIGH</GasLevelCode><MeanMeasuredValue>18.7</MeanMeasuredValue><MeanReferenceValue>17.96</MeanReferenceValue><PercentError>4.1</PercentError><APSIndicator>0</APSIndicator><LinearityInjectionData><InjectionDate>2008-05-05</InjectionDate><InjectionHour>10</InjectionHour><InjectionMinute>34</InjectionMinute><MeasuredValue>18.69</MeasuredValue><ReferenceValue>17.96</ReferenceValue></LinearityInjectionData><LinearityInjectionData><InjectionDate>2008-05-05</InjectionDate><InjectionHour>11</InjectionHour><InjectionMinute>33</InjectionMinute><MeasuredValue>18.64</MeasuredValue><ReferenceValue>17.96</ReferenceValue></LinearityInjectionData><LinearityInjectionData><InjectionDate>2008-05-05</InjectionDate><InjectionHour>12</InjectionHour><InjectionMinute>20</InjectionMinute><MeasuredValue>18.77</MeasuredValue><ReferenceValue>17.96</ReferenceValue></LinearityInjectionData></LinearitySummaryData></TestSummaryData><TestSummaryData><UnitID>B1</UnitID><TestTypeCode>RATA</TestTypeCode><MonitoringSystemID>121</MonitoringSystemID><ComponentID></ComponentID><SpanScaleCode></SpanScaleCode><TestNumber>RATA-Q22008-121-1</TestNumber><TestReasonCode>QA</TestReasonCode><TestDescription></TestDescription><TestResultCode>PASSED</TestResultCode><BeginDate>2008-06-10</BeginDate><BeginHour>7</BeginHour><BeginMinute>56</BeginMinute><EndDate>2008-06-10</EndDate><EndHour>12</EndHour><EndMinute>55</EndMinute><GracePeriodIndicator>0</GracePeriodIndicator><Year/><Quarter/><TestComment></TestComment><RATAData><NumberOfLoadLevels>1</NumberOfLoadLevels><RelativeAccuracy>1.45</RelativeAccuracy><RATAFrequencyCode>4QTRS</RATAFrequencyCode><OverallBiasAdjustmentFactor>1.009</OverallBiasAdjustmentFactor><RATASummaryData><OperatingLevelCode>H</OperatingLevelCode><AverageGrossUnitLoad>255</AverageGrossUnitLoad><ReferenceMethodCode>7E,3A</ReferenceMethodCode><MeanCEMValue>.868</MeanCEMValue><MeanRATAReferenceValue>.876</MeanRATAReferenceValue><MeanDifference>.008</MeanDifference><StandardDeviationDifference>.006</StandardDeviationDifference><ConfidenceCoefficient>.005</ConfidenceCoefficient><TValue>2.306</TValue><APSIndicator>0</APSIndicator><RelativeAccuracy>1.45</RelativeAccuracy><BiasAdjustmentFactor>1.009</BiasAdjustmentFactor><CO2OrO2ReferenceMethodCode></CO2OrO2ReferenceMethodCode><StackDiameter></StackDiameter><StackArea></StackArea><NumberOfTraversePoints></NumberOfTraversePoints><CalculatedWAF></CalculatedWAF><DefaultWAF></DefaultWAF><RATARunData><RunNumber>1</RunNumber><BeginDate>2008-06-10</BeginDate><BeginHour>7</BeginHour><BeginMinute>56</BeginMinute><EndDate>2008-06-10</EndDate><EndHour>8</EndHour><EndMinute>16</EndMinute><CEMValue>.844</CEMValue><RATAReferenceValue>.848</RATAReferenceValue><GrossUnitLoad>256</GrossUnitLoad><RunStatusCode>RUNUSED</RunStatusCode></RATARunData><RATARunData><RunNumber>2</RunNumber><BeginDate>2008-06-10</BeginDate><BeginHour>8</BeginHour><BeginMinute>34</BeginMinute><EndDate>2008-06-10</EndDate><EndHour>8</EndHour><EndMinute>54</EndMinute><CEMValue>.852</CEMValue><RATAReferenceValue>.875</RATAReferenceValue><GrossUnitLoad>256</GrossUnitLoad><RunStatusCode>RUNUSED</RunStatusCode></RATARunData><RATARunData><RunNumber>3</RunNumber><BeginDate>2008-06-10</BeginDate><BeginHour>9</BeginHour><BeginMinute>6</BeginMinute><EndDate>2008-06-10</EndDate><EndHour>9</EndHour><EndMinute>26</EndMinute><CEMValue>.873</CEMValue><RATAReferenceValue>.882</RATAReferenceValue><GrossUnitLoad>255</GrossUnitLoad><RunStatusCode>RUNUSED</RunStatusCode></RATARunData><RATARunData><RunNumber>4</RunNumber><BeginDate>2008-06-10</BeginDate><BeginHour>9</BeginHour><BeginMinute>43</BeginMinute><EndDate>2008-06-10</EndDate><EndHour>10</EndHour><EndMinute>3</EndMinute><CEMValue>.85</CEMValue><RATAReferenceValue>.86</RATAReferenceValue><GrossUnitLoad>255</GrossUnitLoad><RunStatusCode>RUNUSED</RunStatusCode></RATARunData><RATARunData><RunNumber>5</RunNumber><BeginDate>2008-06-10</BeginDate><BeginHour>10</BeginHour><BeginMinute>18</BeginMinute><EndDate>2008-06-10</EndDate><EndHour>10</EndHour><EndMinute>38</EndMinute><CEMValue>.864</CEMValue><RATAReferenceValue>.867</RATAReferenceValue><GrossUnitLoad>254</GrossUnitLoad><RunStatusCode>RUNUSED</RunStatusCode></RATARunData><RATARunData><RunNumber>6</RunNumber><BeginDate>2008-06-10</BeginDate><BeginHour>10</BeginHour><BeginMinute>51</BeginMinute><EndDate>2008-06-10</EndDate><EndHour>11</EndHour><EndMinute>11</EndMinute><CEMValue>.885</CEMValue><RATAReferenceValue>.894</RATAReferenceValue><GrossUnitLoad>255</GrossUnitLoad><RunStatusCode>RUNUSED</RunStatusCode></RATARunData><RATARunData><RunNumber>7</RunNumber><BeginDate>2008-06-10</BeginDate><BeginHour>11</BeginHour><BeginMinute>23</BeginMinute><EndDate>2008-06-10</EndDate><EndHour>11</EndHour><EndMinute>43</EndMinute><CEMValue>.886</CEMValue><RATAReferenceValue>.888</RATAReferenceValue><GrossUnitLoad>255</GrossUnitLoad><RunStatusCode>RUNUSED</RunStatusCode></RATARunData><RATARunData><RunNumber>8</RunNumber><BeginDate>2008-06-10</BeginDate><BeginHour>12</BeginHour><BeginMinute>0</BeginMinute><EndDate>2008-06-10</EndDate><EndHour>12</EndHour><EndMinute>20</EndMinute><CEMValue>.885</CEMValue><RATAReferenceValue>.889</RATAReferenceValue><GrossUnitLoad>255</GrossUnitLoad><RunStatusCode>RUNUSED</RunStatusCode></RATARunData><RATARunData><RunNumber>9</RunNumber><BeginDate>2008-06-10</BeginDate><BeginHour>12</BeginHour><BeginMinute>35</BeginMinute><EndDate>2008-06-10</EndDate><EndHour>12</EndHour><EndMinute>55</EndMinute><CEMValue>.876</CEMValue><RATAReferenceValue>.882</RATAReferenceValue><GrossUnitLoad>255</GrossUnitLoad><RunStatusCode>RUNUSED</RunStatusCode></RATARunData></RATASummaryData></RATAData></TestSummaryData><TestSummaryData><UnitID>B1</UnitID><TestTypeCode>LEAK</TestTypeCode><MonitoringSystemID></MonitoringSystemID><ComponentID>FLD</ComponentID><SpanScaleCode></SpanScaleCode><TestNumber>LEAK-Q22008-FLD-1</TestNumber><TestReasonCode>QA</TestReasonCode><TestDescription></TestDescription><TestResultCode>PASSED</TestResultCode><BeginDate></BeginDate><BeginHour></BeginHour><BeginMinute></BeginMinute><EndDate>2008-05-06</EndDate><EndHour>12</EndHour><EndMinute>29</EndMinute><GracePeriodIndicator>0</GracePeriodIndicator><Year/><Quarter/><TestComment></TestComment></TestSummaryData></QualityAssuranceAndCert>