<?xml version="1.0" encoding="utf-8"?><QualityAssuranceAndCert xsi:noNamespaceSchemaLocation="http://ecmps.pqa.com/xsd/QualityAssuranceAndCert_v1_0.xsd" xmlns:xsi="http://www.w3.org/2001/XMLSchema-instance"><ORISCode>2823</ORISCode><Version>1.0</Version><TestSummaryData><UnitID>B2</UnitID><TestTypeCode>F2LREF</TestTypeCode><MonitoringSystemID>251</MonitoringSystemID><ComponentID></ComponentID><SpanScaleCode></SpanScaleCode><TestNumber>F2LR-Q22008-251-1</TestNumber><TestReasonCode></TestReasonCode><TestDescription></TestDescription><TestResultCode></TestResultCode><BeginDate></BeginDate><BeginHour></BeginHour><BeginMinute></BeginMinute><EndDate>2008-04-08</EndDate><EndHour>17</EndHour><EndMinute>29</EndMinute><GracePeriodIndicator></GracePeriodIndicator><Year/><Quarter/><TestComment></TestComment><FlowToLoadReferenceData><RATATestNumber>RATA-Q22008-251-1</RATATestNumber><OperatingLevelCode>H</OperatingLevelCode><AverageGrossUnitLoad>466</AverageGrossUnitLoad><AverageReferenceMethodFlow>79068222</AverageReferenceMethodFlow><ReferenceFlowLoadRatio>1.7</ReferenceFlowLoadRatio><AverageHourlyHeatInputRate></AverageHourlyHeatInputRate><ReferenceGrossHeatRate></ReferenceGrossHeatRate><CalcSeparateReferenceIndicator></CalcSeparateReferenceIndicator></FlowToLoadReferenceData></TestSummaryData><TestSummaryData><UnitID>B2</UnitID><TestTypeCode>RATA</TestTypeCode><MonitoringSystemID>211</MonitoringSystemID><ComponentID></ComponentID><SpanScaleCode></SpanScaleCode><TestNumber>RATA-Q22008-211-3</TestNumber><TestReasonCode>QA</TestReasonCode><TestDescription></TestDescription><TestResultCode>PASSED</TestResultCode><BeginDate>2008-06-11</BeginDate><BeginHour>8</BeginHour><BeginMinute>5</BeginMinute><EndDate>2008-06-11</EndDate><EndHour>12</EndHour><EndMinute>47</EndMinute><GracePeriodIndicator>0</GracePeriodIndicator><Year/><Quarter/><TestComment></TestComment><RATAData><NumberOfLoadLevels>1</NumberOfLoadLevels><RelativeAccuracy>5.07</RelativeAccuracy><RATAFrequencyCode>4QTRS</RATAFrequencyCode><OverallBiasAdjustmentFactor>1</OverallBiasAdjustmentFactor><RATASummaryData><OperatingLevelCode>H</OperatingLevelCode><AverageGrossUnitLoad>469</AverageGrossUnitLoad><ReferenceMethodCode>6C</ReferenceMethodCode><MeanCEMValue>139.711</MeanCEMValue><MeanRATAReferenceValue>134.933</MeanRATAReferenceValue><MeanDifference>-4.778</MeanDifference><StandardDeviationDifference>2.681</StandardDeviationDifference><ConfidenceCoefficient>2.061</ConfidenceCoefficient><TValue>2.306</TValue><APSIndicator>0</APSIndicator><RelativeAccuracy>5.07</RelativeAccuracy><BiasAdjustmentFactor>1</BiasAdjustmentFactor><CO2OrO2ReferenceMethodCode></CO2OrO2ReferenceMethodCode><StackDiameter></StackDiameter><StackArea></StackArea><NumberOfTraversePoints></NumberOfTraversePoints><CalculatedWAF></CalculatedWAF><DefaultWAF></DefaultWAF><RATARunData><RunNumber>1</RunNumber><BeginDate>2008-06-11</BeginDate><BeginHour>8</BeginHour><BeginMinute>5</BeginMinute><EndDate>2008-06-11</EndDate><EndHour>8</EndHour><EndMinute>25</EndMinute><CEMValue>143.1</CEMValue><RATAReferenceValue>136.5</RATAReferenceValue><GrossUnitLoad>467</GrossUnitLoad><RunStatusCode>RUNUSED</RunStatusCode></RATARunData><RATARunData><RunNumber>2</RunNumber><BeginDate>2008-06-11</BeginDate><BeginHour>8</BeginHour><BeginMinute>36</BeginMinute><EndDate>2008-06-11</EndDate><EndHour>8</EndHour><EndMinute>56</EndMinute><CEMValue>140.8</CEMValue><RATAReferenceValue>137.2</RATAReferenceValue><GrossUnitLoad>467</GrossUnitLoad><RunStatusCode>RUNUSED</RunStatusCode></RATARunData><RATARunData><RunNumber>3</RunNumber><BeginDate>2008-06-11</BeginDate><BeginHour>9</BeginHour><BeginMinute>8</BeginMinute><EndDate>2008-06-11</EndDate><EndHour>9</EndHour><EndMinute>28</EndMinute><CEMValue>138.1</CEMValue><RATAReferenceValue>136.4</RATAReferenceValue><GrossUnitLoad>468</GrossUnitLoad><RunStatusCode>RUNUSED</RunStatusCode></RATARunData><RATARunData><RunNumber>4</RunNumber><BeginDate>2008-06-11</BeginDate><BeginHour>9</BeginHour><BeginMinute>41</BeginMinute><EndDate>2008-06-11</EndDate><EndHour>10</EndHour><EndMinute>1</EndMinute><CEMValue>137.9</CEMValue><RATAReferenceValue>131.9</RATAReferenceValue><GrossUnitLoad>469</GrossUnitLoad><RunStatusCode>RUNUSED</RunStatusCode></RATARunData><RATARunData><RunNumber>5</RunNumber><BeginDate>2008-06-11</BeginDate><BeginHour>10</BeginHour><BeginMinute>11</BeginMinute><EndDate>2008-06-11</EndDate><EndHour>10</EndHour><EndMinute>31</EndMinute><CEMValue>139.1</CEMValue><RATAReferenceValue>132</RATAReferenceValue><GrossUnitLoad>470</GrossUnitLoad><RunStatusCode>RUNUSED</RunStatusCode></RATARunData><RATARunData><RunNumber>6</RunNumber><BeginDate>2008-06-11</BeginDate><BeginHour>10</BeginHour><BeginMinute>43</BeginMinute><EndDate>2008-06-11</EndDate><EndHour>11</EndHour><EndMinute>3</EndMinute><CEMValue>138.9</CEMValue><RATAReferenceValue>130.9</RATAReferenceValue><GrossUnitLoad>470</GrossUnitLoad><RunStatusCode>RUNUSED</RunStatusCode></RATARunData><RATARunData><RunNumber>7</RunNumber><BeginDate>2008-06-11</BeginDate><BeginHour>11</BeginHour><BeginMinute>15</BeginMinute><EndDate>2008-06-11</EndDate><EndHour>11</EndHour><EndMinute>35</EndMinute><CEMValue>137.5</CEMValue><RATAReferenceValue>132.3</RATAReferenceValue><GrossUnitLoad>472</GrossUnitLoad><RunStatusCode>RUNUSED</RunStatusCode></RATARunData><RATARunData><RunNumber>8</RunNumber><BeginDate>2008-06-11</BeginDate><BeginHour>11</BeginHour><BeginMinute>52</BeginMinute><EndDate>2008-06-11</EndDate><EndHour>12</EndHour><EndMinute>12</EndMinute><CEMValue>140.4</CEMValue><RATAReferenceValue>140.7</RATAReferenceValue><GrossUnitLoad>473</GrossUnitLoad><RunStatusCode>RUNUSED</RunStatusCode></RATARunData><RATARunData><RunNumber>9</RunNumber><BeginDate>2008-06-11</BeginDate><BeginHour>12</BeginHour><BeginMinute>27</BeginMinute><EndDate>2008-06-11</EndDate><EndHour>12</EndHour><EndMinute>47</EndMinute><CEMValue>141.6</CEMValue><RATAReferenceValue>136.5</RATAReferenceValue><GrossUnitLoad>473</GrossUnitLoad><RunStatusCode>RUNUSED</RunStatusCode></RATARunData></RATASummaryData></RATAData></TestSummaryData><TestSummaryData><UnitID>B2</UnitID><TestTypeCode>F2LCHK</TestTypeCode><MonitoringSystemID>251</MonitoringSystemID><ComponentID></ComponentID><SpanScaleCode></SpanScaleCode><TestNumber>F2LC-Q22008-251-1</TestNumber><TestReasonCode>QA</TestReasonCode><TestDescription></TestDescription><TestResultCode>PASSED</TestResultCode><BeginDate></BeginDate><BeginHour></BeginHour><BeginMinute></BeginMinute><EndDate></EndDate><EndHour></EndHour><EndMinute></EndMinute><GracePeriodIndicator></GracePeriodIndicator><Year>2008</Year><Quarter>2</Quarter><TestComment></TestComment><FlowToLoadCheckData><TestBasisCode>Q</TestBasisCode><BiasAdjustedIndicator>1</BiasAdjustedIndicator><AvgAbsolutePercentDiff>5.3</AvgAbsolutePercentDiff><NumberOfHours>1760</NumberOfHours><NumberOfHoursExcludedForFuel>0</NumberOfHoursExcludedForFuel><NumberOfHoursExcludedRamping>25</NumberOfHoursExcludedRamping><NumberOfHoursExcludedBypass></NumberOfHoursExcludedBypass><NumberOfHoursExcludedPreRATA>179</NumberOfHoursExcludedPreRATA><NumberOfHoursExcludedTest>0</NumberOfHoursExcludedTest><NumberOfHoursExcMainBypass>0</NumberOfHoursExcMainBypass><OperatingLevelCode>H</OperatingLevelCode></FlowToLoadCheckData></TestSummaryData><TestSummaryData><UnitID>B2</UnitID><TestTypeCode>LEAK</TestTypeCode><MonitoringSystemID></MonitoringSystemID><ComponentID>FLD</ComponentID><SpanScaleCode></SpanScaleCode><TestNumber>LEAK-Q22008-FLD-1</TestNumber><TestReasonCode>QA</TestReasonCode><TestDescription></TestDescription><TestResultCode>PASSED</TestResultCode><BeginDate></BeginDate><BeginHour></BeginHour><BeginMinute></BeginMinute><EndDate>2008-05-12</EndDate><EndHour>8</EndHour><EndMinute>15</EndMinute><GracePeriodIndicator>0</GracePeriodIndicator><Year/><Quarter/><TestComment></TestComment></TestSummaryData><TestSummaryData><UnitID>B2</UnitID><TestTypeCode>RATA</TestTypeCode><MonitoringSystemID>251</MonitoringSystemID><ComponentID></ComponentID><SpanScaleCode></SpanScaleCode><TestNumber>RATA-Q22008-251-1</TestNumber><TestReasonCode>QA</TestReasonCode><TestDescription></TestDescription><TestResultCode>PASSED</TestResultCode><BeginDate>2008-04-08</BeginDate><BeginHour>15</BeginHour><BeginMinute>35</BeginMinute><EndDate>2008-04-08</EndDate><EndHour>17</EndHour><EndMinute>29</EndMinute><GracePeriodIndicator>0</GracePeriodIndicator><Year/><Quarter/><TestComment></TestComment><RATAData><NumberOfLoadLevels>1</NumberOfLoadLevels><RelativeAccuracy>4.21</RelativeAccuracy><RATAFrequencyCode>4QTRS</RATAFrequencyCode><OverallBiasAdjustmentFactor>1.041</OverallBiasAdjustmentFactor><RATASummaryData><OperatingLevelCode>H</OperatingLevelCode><AverageGrossUnitLoad>466</AverageGrossUnitLoad><ReferenceMethodCode>M2H</ReferenceMethodCode><MeanCEMValue>75979000</MeanCEMValue><MeanRATAReferenceValue>79068000</MeanRATAReferenceValue><MeanDifference>3089000</MeanDifference><StandardDeviationDifference>314000</StandardDeviationDifference><ConfidenceCoefficient>241000</ConfidenceCoefficient><TValue>2.306</TValue><APSIndicator>0</APSIndicator><RelativeAccuracy>4.21</RelativeAccuracy><BiasAdjustmentFactor>1.041</BiasAdjustmentFactor><CO2OrO2ReferenceMethodCode>3A</CO2OrO2ReferenceMethodCode><StackDiameter>25</StackDiameter><StackArea>490.9</StackArea><NumberOfTraversePoints></NumberOfTraversePoints><CalculatedWAF>.9943</CalculatedWAF><DefaultWAF></DefaultWAF><RATARunData><RunNumber>1</RunNumber><BeginDate>2008-04-08</BeginDate><BeginHour>15</BeginHour><BeginMinute>35</BeginMinute><EndDate>2008-04-08</EndDate><EndHour>15</EndHour><EndMinute>42</EndMinute><CEMValue>76163000</CEMValue><RATAReferenceValue>79792000</RATAReferenceValue><GrossUnitLoad>466</GrossUnitLoad><RunStatusCode>RUNUSED</RunStatusCode><FlowRATARunData><NumberOfTraversePoints>44</NumberOfTraversePoints><BarometricPressure>27.48</BarometricPressure><StaticStackPressure>-1.19</StaticStackPressure><PercentCO2>13.2</PercentCO2><PercentO2>6.6</PercentO2><PercentMoisture>19.3</PercentMoisture><DryMolecularWeight>30.37</DryMolecularWeight><WetMolecularWeight>27.98</WetMolecularWeight><AvgVelocityWithoutWallEffects>59.44</AvgVelocityWithoutWallEffects><AverageVelocityWithWallEffects>59.09</AverageVelocityWithWallEffects><CalculatedWAF>.9943</CalculatedWAF><AverageStackFlowRate>79792000</AverageStackFlowRate><RATATraverseData><ProbeID>210</ProbeID><ProbeTypeCode>TYPE-SA</ProbeTypeCode><PressureMeasureCode>ELEC</PressureMeasureCode><MethodTraversePointID>A01</MethodTraversePointID><VelocityCalibrationCoefficient>.791</VelocityCalibrationCoefficient><LastProbeDate>2006-12-13</LastProbeDate><AvgVelDiffPressure></AvgVelDiffPressure><AvgSquareVelDiffPressure>1.027</AvgSquareVelDiffPressure><TStackTemperature>172.5</TStackTemperature><PointUsedIndicator></PointUsedIndicator><NumberWallEffectsPoints></NumberWallEffectsPoints><YawAngle></YawAngle><PitchAngle></PitchAngle><CalculatedVelocity>63.17</CalculatedVelocity><ReplacementVelocity></ReplacementVelocity></RATATraverseData><RATATraverseData><ProbeID>210</ProbeID><ProbeTypeCode>TYPE-SA</ProbeTypeCode><PressureMeasureCode>ELEC</PressureMeasureCode><MethodTraversePointID>A02</MethodTraversePointID><VelocityCalibrationCoefficient>.791</VelocityCalibrationCoefficient><LastProbeDate>2006-12-13</LastProbeDate><AvgVelDiffPressure></AvgVelDiffPressure><AvgSquareVelDiffPressure>1.024</AvgSquareVelDiffPressure><TStackTemperature>173.1</TStackTemperature><PointUsedIndicator></PointUsedIndicator><NumberWallEffectsPoints></NumberWallEffectsPoints><YawAngle></YawAngle><PitchAngle></PitchAngle><CalculatedVelocity>63.01</CalculatedVelocity><ReplacementVelocity></ReplacementVelocity></RATATraverseData><RATATraverseData><ProbeID>210</ProbeID><ProbeTypeCode>TYPE-SA</ProbeTypeCode><PressureMeasureCode>ELEC</PressureMeasureCode><MethodTraversePointID>A03</MethodTraversePointID><VelocityCalibrationCoefficient>.791</VelocityCalibrationCoefficient><LastProbeDate>2006-12-13</LastProbeDate><AvgVelDiffPressure></AvgVelDiffPressure><AvgSquareVelDiffPressure>1.016</AvgSquareVelDiffPressure><TStackTemperature>173.1</TStackTemperature><PointUsedIndicator></PointUsedIndicator><NumberWallEffectsPoints></NumberWallEffectsPoints><YawAngle></YawAngle><PitchAngle></PitchAngle><CalculatedVelocity>62.52</CalculatedVelocity><ReplacementVelocity></ReplacementVelocity></RATATraverseData><RATATraverseData><ProbeID>210</ProbeID><ProbeTypeCode>TYPE-SA</ProbeTypeCode><PressureMeasureCode>ELEC</PressureMeasureCode><MethodTraversePointID>A04</MethodTraversePointID><VelocityCalibrationCoefficient>.791</VelocityCalibrationCoefficient><LastProbeDate>2006-12-13</LastProbeDate><AvgVelDiffPressure></AvgVelDiffPressure><AvgSquareVelDiffPressure>1.01</AvgSquareVelDiffPressure><TStackTemperature>173.2</TStackTemperature><PointUsedIndicator></PointUsedIndicator><NumberWallEffectsPoints></NumberWallEffectsPoints><YawAngle></YawAngle><PitchAngle></PitchAngle><CalculatedVelocity>62.16</CalculatedVelocity><ReplacementVelocity></ReplacementVelocity></RATATraverseData><RATATraverseData><ProbeID>210</ProbeID><ProbeTypeCode>TYPE-SA</ProbeTypeCode><PressureMeasureCode>ELEC</PressureMeasureCode><MethodTraversePointID>A05</MethodTraversePointID><VelocityCalibrationCoefficient>.791</VelocityCalibrationCoefficient><LastProbeDate>2006-12-13</LastProbeDate><AvgVelDiffPressure></AvgVelDiffPressure><AvgSquareVelDiffPressure>1.007</AvgSquareVelDiffPressure><TStackTemperature>173.1</TStackTemperature><PointUsedIndicator></PointUsedIndicator><NumberWallEffectsPoints></NumberWallEffectsPoints><YawAngle></YawAngle><PitchAngle></PitchAngle><CalculatedVelocity>61.96</CalculatedVelocity><ReplacementVelocity></ReplacementVelocity></RATATraverseData><RATATraverseData><ProbeID>210</ProbeID><ProbeTypeCode>TYPE-SA</ProbeTypeCode><PressureMeasureCode>ELEC</PressureMeasureCode><MethodTraversePointID>A06</MethodTraversePointID><VelocityCalibrationCoefficient>.791</VelocityCalibrationCoefficient><LastProbeDate>2006-12-13</LastProbeDate><AvgVelDiffPressure></AvgVelDiffPressure><AvgSquareVelDiffPressure>1.033</AvgSquareVelDiffPressure><TStackTemperature>173.2</TStackTemperature><PointUsedIndicator></PointUsedIndicator><NumberWallEffectsPoints></NumberWallEffectsPoints><YawAngle></YawAngle><PitchAngle></PitchAngle><CalculatedVelocity>63.58</CalculatedVelocity><ReplacementVelocity></ReplacementVelocity></RATATraverseData><RATATraverseData><ProbeID>210</ProbeID><ProbeTypeCode>TYPE-SA</ProbeTypeCode><PressureMeasureCode>ELEC</PressureMeasureCode><MethodTraversePointID>A07</MethodTraversePointID><VelocityCalibrationCoefficient>.791</VelocityCalibrationCoefficient><LastProbeDate>2006-12-13</LastProbeDate><AvgVelDiffPressure></AvgVelDiffPressure><AvgSquareVelDiffPressure>1.005</AvgSquareVelDiffPressure><TStackTemperature>173.3</TStackTemperature><PointUsedIndicator></PointUsedIndicator><NumberWallEffectsPoints></NumberWallEffectsPoints><YawAngle></YawAngle><PitchAngle></PitchAngle><CalculatedVelocity>61.83</CalculatedVelocity><ReplacementVelocity></ReplacementVelocity></RATATraverseData><RATATraverseData><ProbeID>210</ProbeID><ProbeTypeCode>TYPE-SA</ProbeTypeCode><PressureMeasureCode>ELEC</PressureMeasureCode><MethodTraversePointID>A08</MethodTraversePointID><VelocityCalibrationCoefficient>.791</VelocityCalibrationCoefficient><LastProbeDate>2006-12-13</LastProbeDate><AvgVelDiffPressure></AvgVelDiffPressure><AvgSquareVelDiffPressure>.984</AvgSquareVelDiffPressure><TStackTemperature>173.3</TStackTemperature><PointUsedIndicator></PointUsedIndicator><NumberWallEffectsPoints></NumberWallEffectsPoints><YawAngle></YawAngle><PitchAngle></PitchAngle><CalculatedVelocity>60.54</CalculatedVelocity><ReplacementVelocity></ReplacementVelocity></RATATraverseData><RATATraverseData><ProbeID>210</ProbeID><ProbeTypeCode>TYPE-SA</ProbeTypeCode><PressureMeasureCode>ELEC</PressureMeasureCode><MethodTraversePointID>A09</MethodTraversePointID><VelocityCalibrationCoefficient>.791</VelocityCalibrationCoefficient><LastProbeDate>2006-12-13</LastProbeDate><AvgVelDiffPressure></AvgVelDiffPressure><AvgSquareVelDiffPressure>.918</AvgSquareVelDiffPressure><TStackTemperature>173.2</TStackTemperature><PointUsedIndicator></PointUsedIndicator><NumberWallEffectsPoints></NumberWallEffectsPoints><YawAngle></YawAngle><PitchAngle></PitchAngle><CalculatedVelocity>56.51</CalculatedVelocity><ReplacementVelocity></ReplacementVelocity></RATATraverseData><RATATraverseData><ProbeID>210</ProbeID><ProbeTypeCode>TYPE-SA</ProbeTypeCode><PressureMeasureCode>ELEC</PressureMeasureCode><MethodTraversePointID>A10</MethodTraversePointID><VelocityCalibrationCoefficient>.791</VelocityCalibrationCoefficient><LastProbeDate>2006-12-13</LastProbeDate><AvgVelDiffPressure></AvgVelDiffPressure><AvgSquareVelDiffPressure>.921</AvgSquareVelDiffPressure><TStackTemperature>173.3</TStackTemperature><PointUsedIndicator></PointUsedIndicator><NumberWallEffectsPoints></NumberWallEffectsPoints><YawAngle></YawAngle><PitchAngle></PitchAngle><CalculatedVelocity>56.69</CalculatedVelocity><ReplacementVelocity></ReplacementVelocity></RATATraverseData><RATATraverseData><ProbeID>210</ProbeID><ProbeTypeCode>TYPE-SA</ProbeTypeCode><PressureMeasureCode>ELEC</PressureMeasureCode><MethodTraversePointID>A11</MethodTraversePointID><VelocityCalibrationCoefficient>.791</VelocityCalibrationCoefficient><LastProbeDate>2006-12-13</LastProbeDate><AvgVelDiffPressure></AvgVelDiffPressure><AvgSquareVelDiffPressure>.661</AvgSquareVelDiffPressure><TStackTemperature>169.4</TStackTemperature><PointUsedIndicator>1</PointUsedIndicator><NumberWallEffectsPoints>7</NumberWallEffectsPoints><YawAngle></YawAngle><PitchAngle></PitchAngle><CalculatedVelocity>40.57</CalculatedVelocity><ReplacementVelocity>38.75</ReplacementVelocity></RATATraverseData><RATATraverseData><ProbeID>211</ProbeID><ProbeTypeCode>TYPE-SA</ProbeTypeCode><PressureMeasureCode>ELEC</PressureMeasureCode><MethodTraversePointID>B01</MethodTraversePointID><VelocityCalibrationCoefficient>.79</VelocityCalibrationCoefficient><LastProbeDate>2006-12-14</LastProbeDate><AvgVelDiffPressure></AvgVelDiffPressure><AvgSquareVelDiffPressure>1.041</AvgSquareVelDiffPressure><TStackTemperature>173.2</TStackTemperature><PointUsedIndicator></PointUsedIndicator><NumberWallEffectsPoints></NumberWallEffectsPoints><YawAngle></YawAngle><PitchAngle></PitchAngle><CalculatedVelocity>63.89</CalculatedVelocity><ReplacementVelocity></ReplacementVelocity></RATATraverseData><RATATraverseData><ProbeID>211</ProbeID><ProbeTypeCode>TYPE-SA</ProbeTypeCode><PressureMeasureCode>ELEC</PressureMeasureCode><MethodTraversePointID>B02</MethodTraversePointID><VelocityCalibrationCoefficient>.79</VelocityCalibrationCoefficient><LastProbeDate>2006-12-14</LastProbeDate><AvgVelDiffPressure></AvgVelDiffPressure><AvgSquareVelDiffPressure>1.024</AvgSquareVelDiffPressure><TStackTemperature>173.2</TStackTemperature><PointUsedIndicator></PointUsedIndicator><NumberWallEffectsPoints></NumberWallEffectsPoints><YawAngle></YawAngle><PitchAngle></PitchAngle><CalculatedVelocity>62.87</CalculatedVelocity><ReplacementVelocity></ReplacementVelocity></RATATraverseData><RATATraverseData><ProbeID>211</ProbeID><ProbeTypeCode>TYPE-SA</ProbeTypeCode><PressureMeasureCode>ELEC</PressureMeasureCode><MethodTraversePointID>B03</MethodTraversePointID><VelocityCalibrationCoefficient>.79</VelocityCalibrationCoefficient><LastProbeDate>2006-12-14</LastProbeDate><AvgVelDiffPressure></AvgVelDiffPressure><AvgSquareVelDiffPressure>1.037</AvgSquareVelDiffPressure><TStackTemperature>173.1</TStackTemperature><PointUsedIndicator></PointUsedIndicator><NumberWallEffectsPoints></NumberWallEffectsPoints><YawAngle></YawAngle><PitchAngle></PitchAngle><CalculatedVelocity>63.67</CalculatedVelocity><ReplacementVelocity></ReplacementVelocity></RATATraverseData><RATATraverseData><ProbeID>211</ProbeID><ProbeTypeCode>TYPE-SA</ProbeTypeCode><PressureMeasureCode>ELEC</PressureMeasureCode><MethodTraversePointID>B04</MethodTraversePointID><VelocityCalibrationCoefficient>.79</VelocityCalibrationCoefficient><LastProbeDate>2006-12-14</LastProbeDate><AvgVelDiffPressure></AvgVelDiffPressure><AvgSquareVelDiffPressure>1.031</AvgSquareVelDiffPressure><TStackTemperature>174.2</TStackTemperature><PointUsedIndicator></PointUsedIndicator><NumberWallEffectsPoints></NumberWallEffectsPoints><YawAngle></YawAngle><PitchAngle></PitchAngle><CalculatedVelocity>63.33</CalculatedVelocity><ReplacementVelocity></ReplacementVelocity></RATATraverseData><RATATraverseData><ProbeID>211</ProbeID><ProbeTypeCode>TYPE-SA</ProbeTypeCode><PressureMeasureCode>ELEC</PressureMeasureCode><MethodTraversePointID>B05</MethodTraversePointID><VelocityCalibrationCoefficient>.79</VelocityCalibrationCoefficient><LastProbeDate>2006-12-14</LastProbeDate><AvgVelDiffPressure></AvgVelDiffPressure><AvgSquareVelDiffPressure>.996</AvgSquareVelDiffPressure><TStackTemperature>173.1</TStackTemperature><PointUsedIndicator></PointUsedIndicator><NumberWallEffectsPoints></NumberWallEffectsPoints><YawAngle></YawAngle><PitchAngle></PitchAngle><CalculatedVelocity>61.13</CalculatedVelocity><ReplacementVelocity></ReplacementVelocity></RATATraverseData><RATATraverseData><ProbeID>211</ProbeID><ProbeTypeCode>TYPE-SA</ProbeTypeCode><PressureMeasureCode>ELEC</PressureMeasureCode><MethodTraversePointID>B06</MethodTraversePointID><VelocityCalibrationCoefficient>.79</VelocityCalibrationCoefficient><LastProbeDate>2006-12-14</LastProbeDate><AvgVelDiffPressure></AvgVelDiffPressure><AvgSquareVelDiffPressure>1.021</AvgSquareVelDiffPressure><TStackTemperature>173.2</TStackTemperature><PointUsedIndicator></PointUsedIndicator><NumberWallEffectsPoints></NumberWallEffectsPoints><YawAngle></YawAngle><PitchAngle></PitchAngle><CalculatedVelocity>62.68</CalculatedVelocity><ReplacementVelocity></ReplacementVelocity></RATATraverseData><RATATraverseData><ProbeID>211</ProbeID><ProbeTypeCode>TYPE-SA</ProbeTypeCode><PressureMeasureCode>ELEC</PressureMeasureCode><MethodTraversePointID>B07</MethodTraversePointID><VelocityCalibrationCoefficient>.79</VelocityCalibrationCoefficient><LastProbeDate>2006-12-14</LastProbeDate><AvgVelDiffPressure></AvgVelDiffPressure><AvgSquareVelDiffPressure>1.02</AvgSquareVelDiffPressure><TStackTemperature>173.2</TStackTemperature><PointUsedIndicator></PointUsedIndicator><NumberWallEffectsPoints></NumberWallEffectsPoints><YawAngle></YawAngle><PitchAngle></PitchAngle><CalculatedVelocity>62.61</CalculatedVelocity><ReplacementVelocity></ReplacementVelocity></RATATraverseData><RATATraverseData><ProbeID>211</ProbeID><ProbeTypeCode>TYPE-SA</ProbeTypeCode><PressureMeasureCode>ELEC</PressureMeasureCode><MethodTraversePointID>B08</MethodTraversePointID><VelocityCalibrationCoefficient>.79</VelocityCalibrationCoefficient><LastProbeDate>2006-12-14</LastProbeDate><AvgVelDiffPressure></AvgVelDiffPressure><AvgSquareVelDiffPressure>.967</AvgSquareVelDiffPressure><TStackTemperature>174.2</TStackTemperature><PointUsedIndicator></PointUsedIndicator><NumberWallEffectsPoints></NumberWallEffectsPoints><YawAngle></YawAngle><PitchAngle></PitchAngle><CalculatedVelocity>59.4</CalculatedVelocity><ReplacementVelocity></ReplacementVelocity></RATATraverseData><RATATraverseData><ProbeID>211</ProbeID><ProbeTypeCode>TYPE-SA</ProbeTypeCode><PressureMeasureCode>ELEC</PressureMeasureCode><MethodTraversePointID>B09</MethodTraversePointID><VelocityCalibrationCoefficient>.79</VelocityCalibrationCoefficient><LastProbeDate>2006-12-14</LastProbeDate><AvgVelDiffPressure></AvgVelDiffPressure><AvgSquareVelDiffPressure>.933</AvgSquareVelDiffPressure><TStackTemperature>174.3</TStackTemperature><PointUsedIndicator></PointUsedIndicator><NumberWallEffectsPoints></NumberWallEffectsPoints><YawAngle></YawAngle><PitchAngle></PitchAngle><CalculatedVelocity>57.32</CalculatedVelocity><ReplacementVelocity></ReplacementVelocity></RATATraverseData><RATATraverseData><ProbeID>211</ProbeID><ProbeTypeCode>TYPE-SA</ProbeTypeCode><PressureMeasureCode>ELEC</PressureMeasureCode><MethodTraversePointID>B10</MethodTraversePointID><VelocityCalibrationCoefficient>.79</VelocityCalibrationCoefficient><LastProbeDate>2006-12-14</LastProbeDate><AvgVelDiffPressure></AvgVelDiffPressure><AvgSquareVelDiffPressure>.901</AvgSquareVelDiffPressure><TStackTemperature>174.2</TStackTemperature><PointUsedIndicator></PointUsedIndicator><NumberWallEffectsPoints></NumberWallEffectsPoints><YawAngle></YawAngle><PitchAngle></PitchAngle><CalculatedVelocity>55.34</CalculatedVelocity><ReplacementVelocity></ReplacementVelocity></RATATraverseData><RATATraverseData><ProbeID>211</ProbeID><ProbeTypeCode>TYPE-SA</ProbeTypeCode><PressureMeasureCode>ELEC</PressureMeasureCode><MethodTraversePointID>B11</MethodTraversePointID><VelocityCalibrationCoefficient>.79</VelocityCalibrationCoefficient><LastProbeDate>2006-12-14</LastProbeDate><AvgVelDiffPressure></AvgVelDiffPressure><AvgSquareVelDiffPressure>.736</AvgSquareVelDiffPressure><TStackTemperature>172.3</TStackTemperature><PointUsedIndicator>1</PointUsedIndicator><NumberWallEffectsPoints>7</NumberWallEffectsPoints><YawAngle></YawAngle><PitchAngle></PitchAngle><CalculatedVelocity>45.15</CalculatedVelocity><ReplacementVelocity>40.68</ReplacementVelocity></RATATraverseData><RATATraverseData><ProbeID>212</ProbeID><ProbeTypeCode>TYPE-SA</ProbeTypeCode><PressureMeasureCode>ELEC</PressureMeasureCode><MethodTraversePointID>C01</MethodTraversePointID><VelocityCalibrationCoefficient>.793</VelocityCalibrationCoefficient><LastProbeDate>2006-12-14</LastProbeDate><AvgVelDiffPressure></AvgVelDiffPressure><AvgSquareVelDiffPressure>1.022</AvgSquareVelDiffPressure><TStackTemperature>172.3</TStackTemperature><PointUsedIndicator></PointUsedIndicator><NumberWallEffectsPoints></NumberWallEffectsPoints><YawAngle></YawAngle><PitchAngle></PitchAngle><CalculatedVelocity>62.85</CalculatedVelocity><ReplacementVelocity></ReplacementVelocity></RATATraverseData><RATATraverseData><ProbeID>212</ProbeID><ProbeTypeCode>TYPE-SA</ProbeTypeCode><PressureMeasureCode>ELEC</PressureMeasureCode><MethodTraversePointID>C02</MethodTraversePointID><VelocityCalibrationCoefficient>.793</VelocityCalibrationCoefficient><LastProbeDate>2006-12-14</LastProbeDate><AvgVelDiffPressure></AvgVelDiffPressure><AvgSquareVelDiffPressure>1.016</AvgSquareVelDiffPressure><TStackTemperature>172.4</TStackTemperature><PointUsedIndicator></PointUsedIndicator><NumberWallEffectsPoints></NumberWallEffectsPoints><YawAngle></YawAngle><PitchAngle></PitchAngle><CalculatedVelocity>62.52</CalculatedVelocity><ReplacementVelocity></ReplacementVelocity></RATATraverseData><RATATraverseData><ProbeID>212</ProbeID><ProbeTypeCode>TYPE-SA</ProbeTypeCode><PressureMeasureCode>ELEC</PressureMeasureCode><MethodTraversePointID>C03</MethodTraversePointID><VelocityCalibrationCoefficient>.793</VelocityCalibrationCoefficient><LastProbeDate>2006-12-14</LastProbeDate><AvgVelDiffPressure></AvgVelDiffPressure><AvgSquareVelDiffPressure>1.011</AvgSquareVelDiffPressure><TStackTemperature>172.3</TStackTemperature><PointUsedIndicator></PointUsedIndicator><NumberWallEffectsPoints></NumberWallEffectsPoints><YawAngle></YawAngle><PitchAngle></PitchAngle><CalculatedVelocity>62.16</CalculatedVelocity><ReplacementVelocity></ReplacementVelocity></RATATraverseData><RATATraverseData><ProbeID>212</ProbeID><ProbeTypeCode>TYPE-SA</ProbeTypeCode><PressureMeasureCode>ELEC</PressureMeasureCode><MethodTraversePointID>C04</MethodTraversePointID><VelocityCalibrationCoefficient>.793</VelocityCalibrationCoefficient><LastProbeDate>2006-12-14</LastProbeDate><AvgVelDiffPressure></AvgVelDiffPressure><AvgSquareVelDiffPressure>1.005</AvgSquareVelDiffPressure><TStackTemperature>172.3</TStackTemperature><PointUsedIndicator></PointUsedIndicator><NumberWallEffectsPoints></NumberWallEffectsPoints><YawAngle></YawAngle><PitchAngle></PitchAngle><CalculatedVelocity>61.79</CalculatedVelocity><ReplacementVelocity></ReplacementVelocity></RATATraverseData><RATATraverseData><ProbeID>212</ProbeID><ProbeTypeCode>TYPE-SA</ProbeTypeCode><PressureMeasureCode>ELEC</PressureMeasureCode><MethodTraversePointID>C05</MethodTraversePointID><VelocityCalibrationCoefficient>.793</VelocityCalibrationCoefficient><LastProbeDate>2006-12-14</LastProbeDate><AvgVelDiffPressure></AvgVelDiffPressure><AvgSquareVelDiffPressure>1.021</AvgSquareVelDiffPressure><TStackTemperature>172.3</TStackTemperature><PointUsedIndicator></PointUsedIndicator><NumberWallEffectsPoints></NumberWallEffectsPoints><YawAngle></YawAngle><PitchAngle></PitchAngle><CalculatedVelocity>62.79</CalculatedVelocity><ReplacementVelocity></ReplacementVelocity></RATATraverseData><RATATraverseData><ProbeID>212</ProbeID><ProbeTypeCode>TYPE-SA</ProbeTypeCode><PressureMeasureCode>ELEC</PressureMeasureCode><MethodTraversePointID>C06</MethodTraversePointID><VelocityCalibrationCoefficient>.793</VelocityCalibrationCoefficient><LastProbeDate>2006-12-14</LastProbeDate><AvgVelDiffPressure></AvgVelDiffPressure><AvgSquareVelDiffPressure>.988</AvgSquareVelDiffPressure><TStackTemperature>172.4</TStackTemperature><PointUsedIndicator></PointUsedIndicator><NumberWallEffectsPoints></NumberWallEffectsPoints><YawAngle></YawAngle><PitchAngle></PitchAngle><CalculatedVelocity>60.77</CalculatedVelocity><ReplacementVelocity></ReplacementVelocity></RATATraverseData><RATATraverseData><ProbeID>212</ProbeID><ProbeTypeCode>TYPE-SA</ProbeTypeCode><PressureMeasureCode>ELEC</PressureMeasureCode><MethodTraversePointID>C07</MethodTraversePointID><VelocityCalibrationCoefficient>.793</VelocityCalibrationCoefficient><LastProbeDate>2006-12-14</LastProbeDate><AvgVelDiffPressure></AvgVelDiffPressure><AvgSquareVelDiffPressure>.956</AvgSquareVelDiffPressure><TStackTemperature>172.3</TStackTemperature><PointUsedIndicator></PointUsedIndicator><NumberWallEffectsPoints></NumberWallEffectsPoints><YawAngle></YawAngle><PitchAngle></PitchAngle><CalculatedVelocity>58.79</CalculatedVelocity><ReplacementVelocity></ReplacementVelocity></RATATraverseData><RATATraverseData><ProbeID>212</ProbeID><ProbeTypeCode>TYPE-SA</ProbeTypeCode><PressureMeasureCode>ELEC</PressureMeasureCode><MethodTraversePointID>C08</MethodTraversePointID><VelocityCalibrationCoefficient>.793</VelocityCalibrationCoefficient><LastProbeDate>2006-12-14</LastProbeDate><AvgVelDiffPressure></AvgVelDiffPressure><AvgSquareVelDiffPressure>.943</AvgSquareVelDiffPressure><TStackTemperature>172.4</TStackTemperature><PointUsedIndicator></PointUsedIndicator><NumberWallEffectsPoints></NumberWallEffectsPoints><YawAngle></YawAngle><PitchAngle></PitchAngle><CalculatedVelocity>58</CalculatedVelocity><ReplacementVelocity></ReplacementVelocity></RATATraverseData><RATATraverseData><ProbeID>212</ProbeID><ProbeTypeCode>TYPE-SA</ProbeTypeCode><PressureMeasureCode>ELEC</PressureMeasureCode><MethodTraversePointID>C09</MethodTraversePointID><VelocityCalibrationCoefficient>.793</VelocityCalibrationCoefficient><LastProbeDate>2006-12-14</LastProbeDate><AvgVelDiffPressure></AvgVelDiffPressure><AvgSquareVelDiffPressure>.931</AvgSquareVelDiffPressure><TStackTemperature>172.4</TStackTemperature><PointUsedIndicator></PointUsedIndicator><NumberWallEffectsPoints></NumberWallEffectsPoints><YawAngle></YawAngle><PitchAngle></PitchAngle><CalculatedVelocity>57.28</CalculatedVelocity><ReplacementVelocity></ReplacementVelocity></RATATraverseData><RATATraverseData><ProbeID>212</ProbeID><ProbeTypeCode>TYPE-SA</ProbeTypeCode><PressureMeasureCode>ELEC</PressureMeasureCode><MethodTraversePointID>C10</MethodTraversePointID><VelocityCalibrationCoefficient>.793</VelocityCalibrationCoefficient><LastProbeDate>2006-12-14</LastProbeDate><AvgVelDiffPressure></AvgVelDiffPressure><AvgSquareVelDiffPressure>.882</AvgSquareVelDiffPressure><TStackTemperature>173.3</TStackTemperature><PointUsedIndicator></PointUsedIndicator><NumberWallEffectsPoints></NumberWallEffectsPoints><YawAngle></YawAngle><PitchAngle></PitchAngle><CalculatedVelocity>54.32</CalculatedVelocity><ReplacementVelocity></ReplacementVelocity></RATATraverseData><RATATraverseData><ProbeID>212</ProbeID><ProbeTypeCode>TYPE-SA</ProbeTypeCode><PressureMeasureCode>ELEC</PressureMeasureCode><MethodTraversePointID>C11</MethodTraversePointID><VelocityCalibrationCoefficient>.793</VelocityCalibrationCoefficient><LastProbeDate>2006-12-14</LastProbeDate><AvgVelDiffPressure></AvgVelDiffPressure><AvgSquareVelDiffPressure>.747</AvgSquareVelDiffPressure><TStackTemperature>171.4</TStackTemperature><PointUsedIndicator>1</PointUsedIndicator><NumberWallEffectsPoints>7</NumberWallEffectsPoints><YawAngle></YawAngle><PitchAngle></PitchAngle><CalculatedVelocity>45.93</CalculatedVelocity><ReplacementVelocity>41.3</ReplacementVelocity></RATATraverseData><RATATraverseData><ProbeID>213</ProbeID><ProbeTypeCode>TYPE-SA</ProbeTypeCode><PressureMeasureCode>ELEC</PressureMeasureCode><MethodTraversePointID>D01</MethodTraversePointID><VelocityCalibrationCoefficient>.799</VelocityCalibrationCoefficient><LastProbeDate>2006-12-15</LastProbeDate><AvgVelDiffPressure></AvgVelDiffPressure><AvgSquareVelDiffPressure>1.022</AvgSquareVelDiffPressure><TStackTemperature>171.8</TStackTemperature><PointUsedIndicator></PointUsedIndicator><NumberWallEffectsPoints></NumberWallEffectsPoints><YawAngle></YawAngle><PitchAngle></PitchAngle><CalculatedVelocity>63.34</CalculatedVelocity><ReplacementVelocity></ReplacementVelocity></RATATraverseData><RATATraverseData><ProbeID>213</ProbeID><ProbeTypeCode>TYPE-SA</ProbeTypeCode><PressureMeasureCode>ELEC</PressureMeasureCode><MethodTraversePointID>D02</MethodTraversePointID><VelocityCalibrationCoefficient>.799</VelocityCalibrationCoefficient><LastProbeDate>2006-12-15</LastProbeDate><AvgVelDiffPressure></AvgVelDiffPressure><AvgSquareVelDiffPressure>1.023</AvgSquareVelDiffPressure><TStackTemperature>171.8</TStackTemperature><PointUsedIndicator></PointUsedIndicator><NumberWallEffectsPoints></NumberWallEffectsPoints><YawAngle></YawAngle><PitchAngle></PitchAngle><CalculatedVelocity>63.44</CalculatedVelocity><ReplacementVelocity></ReplacementVelocity></RATATraverseData><RATATraverseData><ProbeID>213</ProbeID><ProbeTypeCode>TYPE-SA</ProbeTypeCode><PressureMeasureCode>ELEC</PressureMeasureCode><MethodTraversePointID>D03</MethodTraversePointID><VelocityCalibrationCoefficient>.799</VelocityCalibrationCoefficient><LastProbeDate>2006-12-15</LastProbeDate><AvgVelDiffPressure></AvgVelDiffPressure><AvgSquareVelDiffPressure>1.012</AvgSquareVelDiffPressure><TStackTemperature>171.9</TStackTemperature><PointUsedIndicator></PointUsedIndicator><NumberWallEffectsPoints></NumberWallEffectsPoints><YawAngle></YawAngle><PitchAngle></PitchAngle><CalculatedVelocity>62.71</CalculatedVelocity><ReplacementVelocity></ReplacementVelocity></RATATraverseData><RATATraverseData><ProbeID>213</ProbeID><ProbeTypeCode>TYPE-SA</ProbeTypeCode><PressureMeasureCode>ELEC</PressureMeasureCode><MethodTraversePointID>D04</MethodTraversePointID><VelocityCalibrationCoefficient>.799</VelocityCalibrationCoefficient><LastProbeDate>2006-12-15</LastProbeDate><AvgVelDiffPressure></AvgVelDiffPressure><AvgSquareVelDiffPressure>1.018</AvgSquareVelDiffPressure><TStackTemperature>171.9</TStackTemperature><PointUsedIndicator></PointUsedIndicator><NumberWallEffectsPoints></NumberWallEffectsPoints><YawAngle></YawAngle><PitchAngle></PitchAngle><CalculatedVelocity>63.14</CalculatedVelocity><ReplacementVelocity></ReplacementVelocity></RATATraverseData><RATATraverseData><ProbeID>213</ProbeID><ProbeTypeCode>TYPE-SA</ProbeTypeCode><PressureMeasureCode>ELEC</PressureMeasureCode><MethodTraversePointID>D05</MethodTraversePointID><VelocityCalibrationCoefficient>.799</VelocityCalibrationCoefficient><LastProbeDate>2006-12-15</LastProbeDate><AvgVelDiffPressure></AvgVelDiffPressure><AvgSquareVelDiffPressure>1.013</AvgSquareVelDiffPressure><TStackTemperature>171.8</TStackTemperature><PointUsedIndicator></PointUsedIndicator><NumberWallEffectsPoints></NumberWallEffectsPoints><YawAngle></YawAngle><PitchAngle></PitchAngle><CalculatedVelocity>62.78</CalculatedVelocity><ReplacementVelocity></ReplacementVelocity></RATATraverseData><RATATraverseData><ProbeID>213</ProbeID><ProbeTypeCode>TYPE-SA</ProbeTypeCode><PressureMeasureCode>ELEC</PressureMeasureCode><MethodTraversePointID>D06</MethodTraversePointID><VelocityCalibrationCoefficient>.799</VelocityCalibrationCoefficient><LastProbeDate>2006-12-15</LastProbeDate><AvgVelDiffPressure></AvgVelDiffPressure><AvgSquareVelDiffPressure>1.022</AvgSquareVelDiffPressure><TStackTemperature>171.8</TStackTemperature><PointUsedIndicator></PointUsedIndicator><NumberWallEffectsPoints></NumberWallEffectsPoints><YawAngle></YawAngle><PitchAngle></PitchAngle><CalculatedVelocity>63.37</CalculatedVelocity><ReplacementVelocity></ReplacementVelocity></RATATraverseData><RATATraverseData><ProbeID>213</ProbeID><ProbeTypeCode>TYPE-SA</ProbeTypeCode><PressureMeasureCode>ELEC</PressureMeasureCode><MethodTraversePointID>D07</MethodTraversePointID><VelocityCalibrationCoefficient>.799</VelocityCalibrationCoefficient><LastProbeDate>2006-12-15</LastProbeDate><AvgVelDiffPressure></AvgVelDiffPressure><AvgSquareVelDiffPressure>.988</AvgSquareVelDiffPressure><TStackTemperature>171.8</TStackTemperature><PointUsedIndicator></PointUsedIndicator><NumberWallEffectsPoints></NumberWallEffectsPoints><YawAngle></YawAngle><PitchAngle></PitchAngle><CalculatedVelocity>61.26</CalculatedVelocity><ReplacementVelocity></ReplacementVelocity></RATATraverseData><RATATraverseData><ProbeID>213</ProbeID><ProbeTypeCode>TYPE-SA</ProbeTypeCode><PressureMeasureCode>ELEC</PressureMeasureCode><MethodTraversePointID>D08</MethodTraversePointID><VelocityCalibrationCoefficient>.799</VelocityCalibrationCoefficient><LastProbeDate>2006-12-15</LastProbeDate><AvgVelDiffPressure></AvgVelDiffPressure><AvgSquareVelDiffPressure>.939</AvgSquareVelDiffPressure><TStackTemperature>172.5</TStackTemperature><PointUsedIndicator></PointUsedIndicator><NumberWallEffectsPoints></NumberWallEffectsPoints><YawAngle></YawAngle><PitchAngle></PitchAngle><CalculatedVelocity>58.26</CalculatedVelocity><ReplacementVelocity></ReplacementVelocity></RATATraverseData><RATATraverseData><ProbeID>213</ProbeID><ProbeTypeCode>TYPE-SA</ProbeTypeCode><PressureMeasureCode>ELEC</PressureMeasureCode><MethodTraversePointID>D09</MethodTraversePointID><VelocityCalibrationCoefficient>.799</VelocityCalibrationCoefficient><LastProbeDate>2006-12-15</LastProbeDate><AvgVelDiffPressure></AvgVelDiffPressure><AvgSquareVelDiffPressure>.906</AvgSquareVelDiffPressure><TStackTemperature>172.8</TStackTemperature><PointUsedIndicator></PointUsedIndicator><NumberWallEffectsPoints></NumberWallEffectsPoints><YawAngle></YawAngle><PitchAngle></PitchAngle><CalculatedVelocity>56.21</CalculatedVelocity><ReplacementVelocity></ReplacementVelocity></RATATraverseData><RATATraverseData><ProbeID>213</ProbeID><ProbeTypeCode>TYPE-SA</ProbeTypeCode><PressureMeasureCode>ELEC</PressureMeasureCode><MethodTraversePointID>D10</MethodTraversePointID><VelocityCalibrationCoefficient>.799</VelocityCalibrationCoefficient><LastProbeDate>2006-12-15</LastProbeDate><AvgVelDiffPressure></AvgVelDiffPressure><AvgSquareVelDiffPressure>.898</AvgSquareVelDiffPressure><TStackTemperature>172.7</TStackTemperature><PointUsedIndicator></PointUsedIndicator><NumberWallEffectsPoints></NumberWallEffectsPoints><YawAngle></YawAngle><PitchAngle></PitchAngle><CalculatedVelocity>55.72</CalculatedVelocity><ReplacementVelocity></ReplacementVelocity></RATATraverseData><RATATraverseData><ProbeID>213</ProbeID><ProbeTypeCode>TYPE-SA</ProbeTypeCode><PressureMeasureCode>ELEC</PressureMeasureCode><MethodTraversePointID>D11</MethodTraversePointID><VelocityCalibrationCoefficient>.799</VelocityCalibrationCoefficient><LastProbeDate>2006-12-15</LastProbeDate><AvgVelDiffPressure></AvgVelDiffPressure><AvgSquareVelDiffPressure>.771</AvgSquareVelDiffPressure><TStackTemperature>171.8</TStackTemperature><PointUsedIndicator>1</PointUsedIndicator><NumberWallEffectsPoints>7</NumberWallEffectsPoints><YawAngle></YawAngle><PitchAngle></PitchAngle><CalculatedVelocity>47.81</CalculatedVelocity><ReplacementVelocity>43.73</ReplacementVelocity></RATATraverseData></FlowRATARunData></RATARunData><RATARunData><RunNumber>2</RunNumber><BeginDate>2008-04-08</BeginDate><BeginHour>15</BeginHour><BeginMinute>58</BeginMinute><EndDate>2008-04-08</EndDate><EndHour>16</EndHour><EndMinute>3</EndMinute><CEMValue>77383000</CEMValue><RATAReferenceValue>80369000</RATAReferenceValue><GrossUnitLoad>466</GrossUnitLoad><RunStatusCode>RUNUSED</RunStatusCode></RATARunData><RATARunData><RunNumber>3</RunNumber><BeginDate>2008-04-08</BeginDate><BeginHour>16</BeginHour><BeginMinute>4</BeginMinute><EndDate>2008-04-08</EndDate><EndHour>16</EndHour><EndMinute>9</EndMinute><CEMValue>76679000</CEMValue><RATAReferenceValue>79584000</RATAReferenceValue><GrossUnitLoad>466</GrossUnitLoad><RunStatusCode>RUNUSED</RunStatusCode></RATARunData><RATARunData><RunNumber>4</RunNumber><BeginDate>2008-04-08</BeginDate><BeginHour>16</BeginHour><BeginMinute>18</BeginMinute><EndDate>2008-04-08</EndDate><EndHour>16</EndHour><EndMinute>23</EndMinute><CEMValue>75867000</CEMValue><RATAReferenceValue>79029000</RATAReferenceValue><GrossUnitLoad>466</GrossUnitLoad><RunStatusCode>RUNUSED</RunStatusCode></RATARunData><RATARunData><RunNumber>5</RunNumber><BeginDate>2008-04-08</BeginDate><BeginHour>16</BeginHour><BeginMinute>24</BeginMinute><EndDate>2008-04-08</EndDate><EndHour>16</EndHour><EndMinute>29</EndMinute><CEMValue>76214000</CEMValue><RATAReferenceValue>79638000</RATAReferenceValue><GrossUnitLoad>466</GrossUnitLoad><RunStatusCode>RUNUSED</RunStatusCode></RATARunData><RATARunData><RunNumber>6</RunNumber><BeginDate>2008-04-08</BeginDate><BeginHour>16</BeginHour><BeginMinute>47</BeginMinute><EndDate>2008-04-08</EndDate><EndHour>16</EndHour><EndMinute>53</EndMinute><CEMValue>75230000</CEMValue><RATAReferenceValue>78330000</RATAReferenceValue><GrossUnitLoad>466</GrossUnitLoad><RunStatusCode>RUNUSED</RunStatusCode></RATARunData><RATARunData><RunNumber>7</RunNumber><BeginDate>2008-04-08</BeginDate><BeginHour>16</BeginHour><BeginMinute>54</BeginMinute><EndDate>2008-04-08</EndDate><EndHour>16</EndHour><EndMinute>59</EndMinute><CEMValue>75794000</CEMValue><RATAReferenceValue>78599000</RATAReferenceValue><GrossUnitLoad>466</GrossUnitLoad><RunStatusCode>RUNUSED</RunStatusCode></RATARunData><RATARunData><RunNumber>8</RunNumber><BeginDate>2008-04-08</BeginDate><BeginHour>17</BeginHour><BeginMinute>0</BeginMinute><EndDate>2008-04-08</EndDate><EndHour>17</EndHour><EndMinute>5</EndMinute><CEMValue>75411000</CEMValue><RATAReferenceValue>79021000</RATAReferenceValue><GrossUnitLoad>466</GrossUnitLoad><RunStatusCode>NOTUSED</RunStatusCode></RATARunData><RATARunData><RunNumber>9</RunNumber><BeginDate>2008-04-08</BeginDate><BeginHour>17</BeginHour><BeginMinute>6</BeginMinute><EndDate>2008-04-08</EndDate><EndHour>17</EndHour><EndMinute>11</EndMinute><CEMValue>75897000</CEMValue><RATAReferenceValue>79338000</RATAReferenceValue><GrossUnitLoad>466</GrossUnitLoad><RunStatusCode>NOTUSED</RunStatusCode></RATARunData><RATARunData><RunNumber>10</RunNumber><BeginDate>2008-04-08</BeginDate><BeginHour>17</BeginHour><BeginMinute>12</BeginMinute><EndDate>2008-04-08</EndDate><EndHour>17</EndHour><EndMinute>17</EndMinute><CEMValue>74704000</CEMValue><RATAReferenceValue>77897000</RATAReferenceValue><GrossUnitLoad>466</GrossUnitLoad><RunStatusCode>RUNUSED</RunStatusCode></RATARunData><RATARunData><RunNumber>11</RunNumber><BeginDate>2008-04-08</BeginDate><BeginHour>17</BeginHour><BeginMinute>18</BeginMinute><EndDate>2008-04-08</EndDate><EndHour>17</EndHour><EndMinute>23</EndMinute><CEMValue>76127000</CEMValue><RATAReferenceValue>79902000</RATAReferenceValue><GrossUnitLoad>466</GrossUnitLoad><RunStatusCode>NOTUSED</RunStatusCode></RATARunData><RATARunData><RunNumber>12</RunNumber><BeginDate>2008-04-08</BeginDate><BeginHour>17</BeginHour><BeginMinute>24</BeginMinute><EndDate>2008-04-08</EndDate><EndHour>17</EndHour><EndMinute>29</EndMinute><CEMValue>75779000</CEMValue><RATAReferenceValue>78376000</RATAReferenceValue><GrossUnitLoad>466</GrossUnitLoad><RunStatusCode>RUNUSED</RunStatusCode></RATARunData></RATASummaryData></RATAData><TestQualificationData><TestClaimCode>SLC</TestClaimCode><BeginDate>2007-05-22</BeginDate><EndDate>2008-04-08</EndDate><HighLoadPercentage>94</HighLoadPercentage><MidLoadPercentage>4.4</MidLoadPercentage><LowLoadPercentage>1.6</LowLoadPercentage></TestQualificationData></TestSummaryData><TestSummaryData><UnitID>B2</UnitID><TestTypeCode>LINE</TestTypeCode><MonitoringSystemID></MonitoringSystemID><ComponentID>NNX</ComponentID><SpanScaleCode>H</SpanScaleCode><TestNumber>LINE-Q22008-NNX-3</TestNumber><TestReasonCode>QA</TestReasonCode><TestDescription></TestDescription><TestResultCode>PASSED</TestResultCode><BeginDate>2008-05-02</BeginDate><BeginHour>9</BeginHour><BeginMinute>40</BeginMinute><EndDate>2008-05-02</EndDate><EndHour>12</EndHour><EndMinute>1</EndMinute><GracePeriodIndicator>0</GracePeriodIndicator><Year/><Quarter/><TestComment></TestComment><LinearitySummaryData><GasLevelCode>LOW</GasLevelCode><MeanMeasuredValue>256.933</MeanMeasuredValue><MeanReferenceValue>253.2</MeanReferenceValue><PercentError>1.5</PercentError><APSIndicator>0</APSIndicator><LinearityInjectionData><InjectionDate>2008-05-02</InjectionDate><InjectionHour>9</InjectionHour><InjectionMinute>40</InjectionMinute><MeasuredValue>256.7</MeasuredValue><ReferenceValue>253.2</ReferenceValue></LinearityInjectionData><LinearityInjectionData><InjectionDate>2008-05-02</InjectionDate><InjectionHour>11</InjectionHour><InjectionMinute>41</InjectionMinute><MeasuredValue>257.7</MeasuredValue><ReferenceValue>253.2</ReferenceValue></LinearityInjectionData><LinearityInjectionData><InjectionDate>2008-05-02</InjectionDate><InjectionHour>10</InjectionHour><InjectionMinute>30</InjectionMinute><MeasuredValue>256.4</MeasuredValue><ReferenceValue>253.2</ReferenceValue></LinearityInjectionData></LinearitySummaryData><LinearitySummaryData><GasLevelCode>HIGH</GasLevelCode><MeanMeasuredValue>912.367</MeanMeasuredValue><MeanReferenceValue>914.5</MeanReferenceValue><PercentError>.2</PercentError><APSIndicator>0</APSIndicator><LinearityInjectionData><InjectionDate>2008-05-02</InjectionDate><InjectionHour>10</InjectionHour><InjectionMinute>0</InjectionMinute><MeasuredValue>910.9</MeasuredValue><ReferenceValue>914.5</ReferenceValue></LinearityInjectionData><LinearityInjectionData><InjectionDate>2008-05-02</InjectionDate><InjectionHour>10</InjectionHour><InjectionMinute>50</InjectionMinute><MeasuredValue>912.2</MeasuredValue><ReferenceValue>914.5</ReferenceValue></LinearityInjectionData><LinearityInjectionData><InjectionDate>2008-05-02</InjectionDate><InjectionHour>12</InjectionHour><InjectionMinute>1</InjectionMinute><MeasuredValue>914</MeasuredValue><ReferenceValue>914.5</ReferenceValue></LinearityInjectionData></LinearitySummaryData><LinearitySummaryData><GasLevelCode>MID</GasLevelCode><MeanMeasuredValue>504.867</MeanMeasuredValue><MeanReferenceValue>500.7</MeanReferenceValue><PercentError>.8</PercentError><APSIndicator>0</APSIndicator><LinearityInjectionData><InjectionDate>2008-05-02</InjectionDate><InjectionHour>9</InjectionHour><InjectionMinute>50</InjectionMinute><MeasuredValue>504.7</MeasuredValue><ReferenceValue>500.7</ReferenceValue></LinearityInjectionData><LinearityInjectionData><InjectionDate>2008-05-02</InjectionDate><InjectionHour>10</InjectionHour><InjectionMinute>40</InjectionMinute><MeasuredValue>504.2</MeasuredValue><ReferenceValue>500.7</ReferenceValue></LinearityInjectionData><LinearityInjectionData><InjectionDate>2008-05-02</InjectionDate><InjectionHour>11</InjectionHour><InjectionMinute>51</InjectionMinute><MeasuredValue>505.7</MeasuredValue><ReferenceValue>500.7</ReferenceValue></LinearityInjectionData></LinearitySummaryData></TestSummaryData><TestSummaryData><UnitID>B2</UnitID><TestTypeCode>RATA</TestTypeCode><MonitoringSystemID>221</MonitoringSystemID><ComponentID></ComponentID><SpanScaleCode></SpanScaleCode><TestNumber>RATA-Q22008-221-2</TestNumber><TestReasonCode>QA</TestReasonCode><TestDescription></TestDescription><TestResultCode>PASSED</TestResultCode><BeginDate>2008-06-11</BeginDate><BeginHour>8</BeginHour><BeginMinute>5</BeginMinute><EndDate>2008-06-11</EndDate><EndHour>12</EndHour><EndMinute>47</EndMinute><GracePeriodIndicator>0</GracePeriodIndicator><Year/><Quarter/><TestComment></TestComment><RATAData><NumberOfLoadLevels>1</NumberOfLoadLevels><RelativeAccuracy>2.39</RelativeAccuracy><RATAFrequencyCode>4QTRS</RATAFrequencyCode><OverallBiasAdjustmentFactor>1.02</OverallBiasAdjustmentFactor><RATASummaryData><OperatingLevelCode>H</OperatingLevelCode><AverageGrossUnitLoad>469</AverageGrossUnitLoad><ReferenceMethodCode>7E,3A</ReferenceMethodCode><MeanCEMValue>.361</MeanCEMValue><MeanRATAReferenceValue>.368</MeanRATAReferenceValue><MeanDifference>.007</MeanDifference><StandardDeviationDifference>.002</StandardDeviationDifference><ConfidenceCoefficient>.002</ConfidenceCoefficient><TValue>2.306</TValue><APSIndicator>0</APSIndicator><RelativeAccuracy>2.39</RelativeAccuracy><BiasAdjustmentFactor>1.019</BiasAdjustmentFactor><CO2OrO2ReferenceMethodCode></CO2OrO2ReferenceMethodCode><StackDiameter></StackDiameter><StackArea></StackArea><NumberOfTraversePoints></NumberOfTraversePoints><CalculatedWAF></CalculatedWAF><DefaultWAF></DefaultWAF><RATARunData><RunNumber>1</RunNumber><BeginDate>2008-06-11</BeginDate><BeginHour>8</BeginHour><BeginMinute>5</BeginMinute><EndDate>2008-06-11</EndDate><EndHour>8</EndHour><EndMinute>25</EndMinute><CEMValue>.364</CEMValue><RATAReferenceValue>.375</RATAReferenceValue><GrossUnitLoad>467</GrossUnitLoad><RunStatusCode>RUNUSED</RunStatusCode></RATARunData><RATARunData><RunNumber>2</RunNumber><BeginDate>2008-06-11</BeginDate><BeginHour>8</BeginHour><BeginMinute>36</BeginMinute><EndDate>2008-06-11</EndDate><EndHour>8</EndHour><EndMinute>56</EndMinute><CEMValue>.374</CEMValue><RATAReferenceValue>.379</RATAReferenceValue><GrossUnitLoad>467</GrossUnitLoad><RunStatusCode>RUNUSED</RunStatusCode></RATARunData><RATARunData><RunNumber>3</RunNumber><BeginDate>2008-06-11</BeginDate><BeginHour>9</BeginHour><BeginMinute>8</BeginMinute><EndDate>2008-06-11</EndDate><EndHour>9</EndHour><EndMinute>28</EndMinute><CEMValue>.368</CEMValue><RATAReferenceValue>.372</RATAReferenceValue><GrossUnitLoad>468</GrossUnitLoad><RunStatusCode>RUNUSED</RunStatusCode></RATARunData><RATARunData><RunNumber>4</RunNumber><BeginDate>2008-06-11</BeginDate><BeginHour>9</BeginHour><BeginMinute>41</BeginMinute><EndDate>2008-06-11</EndDate><EndHour>10</EndHour><EndMinute>1</EndMinute><CEMValue>.363</CEMValue><RATAReferenceValue>.367</RATAReferenceValue><GrossUnitLoad>469</GrossUnitLoad><RunStatusCode>RUNUSED</RunStatusCode></RATARunData><RATARunData><RunNumber>5</RunNumber><BeginDate>2008-06-11</BeginDate><BeginHour>10</BeginHour><BeginMinute>11</BeginMinute><EndDate>2008-06-11</EndDate><EndHour>10</EndHour><EndMinute>31</EndMinute><CEMValue>.359</CEMValue><RATAReferenceValue>.366</RATAReferenceValue><GrossUnitLoad>470</GrossUnitLoad><RunStatusCode>RUNUSED</RunStatusCode></RATARunData><RATARunData><RunNumber>6</RunNumber><BeginDate>2008-06-11</BeginDate><BeginHour>10</BeginHour><BeginMinute>43</BeginMinute><EndDate>2008-06-11</EndDate><EndHour>11</EndHour><EndMinute>3</EndMinute><CEMValue>.356</CEMValue><RATAReferenceValue>.363</RATAReferenceValue><GrossUnitLoad>470</GrossUnitLoad><RunStatusCode>RUNUSED</RunStatusCode></RATARunData><RATARunData><RunNumber>7</RunNumber><BeginDate>2008-06-11</BeginDate><BeginHour>11</BeginHour><BeginMinute>15</BeginMinute><EndDate>2008-06-11</EndDate><EndHour>11</EndHour><EndMinute>35</EndMinute><CEMValue>.348</CEMValue><RATAReferenceValue>.354</RATAReferenceValue><GrossUnitLoad>472</GrossUnitLoad><RunStatusCode>RUNUSED</RunStatusCode></RATARunData><RATARunData><RunNumber>8</RunNumber><BeginDate>2008-06-11</BeginDate><BeginHour>11</BeginHour><BeginMinute>52</BeginMinute><EndDate>2008-06-11</EndDate><EndHour>12</EndHour><EndMinute>12</EndMinute><CEMValue>.35</CEMValue><RATAReferenceValue>.36</RATAReferenceValue><GrossUnitLoad>473</GrossUnitLoad><RunStatusCode>RUNUSED</RunStatusCode></RATARunData><RATARunData><RunNumber>9</RunNumber><BeginDate>2008-06-11</BeginDate><BeginHour>12</BeginHour><BeginMinute>27</BeginMinute><EndDate>2008-06-11</EndDate><EndHour>12</EndHour><EndMinute>47</EndMinute><CEMValue>.371</CEMValue><RATAReferenceValue>.379</RATAReferenceValue><GrossUnitLoad>473</GrossUnitLoad><RunStatusCode>RUNUSED</RunStatusCode></RATARunData></RATASummaryData></RATAData></TestSummaryData><TestSummaryData><UnitID>B2</UnitID><TestTypeCode>LINE</TestTypeCode><MonitoringSystemID></MonitoringSystemID><ComponentID>SS2</ComponentID><SpanScaleCode>L</SpanScaleCode><TestNumber>LINE-Q22008-SS2-4</TestNumber><TestReasonCode>QA</TestReasonCode><TestDescription></TestDescription><TestResultCode>PASSED</TestResultCode><BeginDate>2008-05-02</BeginDate><BeginHour>9</BeginHour><BeginMinute>40</BeginMinute><EndDate>2008-05-02</EndDate><EndHour>11</EndHour><EndMinute>59</EndMinute><GracePeriodIndicator>0</GracePeriodIndicator><Year/><Quarter/><TestComment></TestComment><LinearitySummaryData><GasLevelCode>HIGH</GasLevelCode><MeanMeasuredValue>552.7</MeanMeasuredValue><MeanReferenceValue>546.2</MeanReferenceValue><PercentError>1.2</PercentError><APSIndicator>0</APSIndicator><LinearityInjectionData><InjectionDate>2008-05-02</InjectionDate><InjectionHour>10</InjectionHour><InjectionMinute>0</InjectionMinute><MeasuredValue>551.9</MeasuredValue><ReferenceValue>546.2</ReferenceValue></LinearityInjectionData><LinearityInjectionData><InjectionDate>2008-05-02</InjectionDate><InjectionHour>10</InjectionHour><InjectionMinute>50</InjectionMinute><MeasuredValue>552.8</MeasuredValue><ReferenceValue>546.2</ReferenceValue></LinearityInjectionData><LinearityInjectionData><InjectionDate>2008-05-02</InjectionDate><InjectionHour>11</InjectionHour><InjectionMinute>59</InjectionMinute><MeasuredValue>553.4</MeasuredValue><ReferenceValue>546.2</ReferenceValue></LinearityInjectionData></LinearitySummaryData><LinearitySummaryData><GasLevelCode>LOW</GasLevelCode><MeanMeasuredValue>161.367</MeanMeasuredValue><MeanReferenceValue>161.1</MeanReferenceValue><PercentError>.2</PercentError><APSIndicator>0</APSIndicator><LinearityInjectionData><InjectionDate>2008-05-02</InjectionDate><InjectionHour>9</InjectionHour><InjectionMinute>40</InjectionMinute><MeasuredValue>161.2</MeasuredValue><ReferenceValue>161.1</ReferenceValue></LinearityInjectionData><LinearityInjectionData><InjectionDate>2008-05-02</InjectionDate><InjectionHour>11</InjectionHour><InjectionMinute>41</InjectionMinute><MeasuredValue>161.6</MeasuredValue><ReferenceValue>161.1</ReferenceValue></LinearityInjectionData><LinearityInjectionData><InjectionDate>2008-05-02</InjectionDate><InjectionHour>10</InjectionHour><InjectionMinute>30</InjectionMinute><MeasuredValue>161.3</MeasuredValue><ReferenceValue>161.1</ReferenceValue></LinearityInjectionData></LinearitySummaryData><LinearitySummaryData><GasLevelCode>MID</GasLevelCode><MeanMeasuredValue>318.2</MeanMeasuredValue><MeanReferenceValue>318.8</MeanReferenceValue><PercentError>.2</PercentError><APSIndicator>0</APSIndicator><LinearityInjectionData><InjectionDate>2008-05-02</InjectionDate><InjectionHour>9</InjectionHour><InjectionMinute>50</InjectionMinute><MeasuredValue>317.9</MeasuredValue><ReferenceValue>318.8</ReferenceValue></LinearityInjectionData><LinearityInjectionData><InjectionDate>2008-05-02</InjectionDate><InjectionHour>10</InjectionHour><InjectionMinute>40</InjectionMinute><MeasuredValue>318.3</MeasuredValue><ReferenceValue>318.8</ReferenceValue></LinearityInjectionData><LinearityInjectionData><InjectionDate>2008-05-02</InjectionDate><InjectionHour>11</InjectionHour><InjectionMinute>50</InjectionMinute><MeasuredValue>318.4</MeasuredValue><ReferenceValue>318.8</ReferenceValue></LinearityInjectionData></LinearitySummaryData></TestSummaryData><TestSummaryData><UnitID>B2</UnitID><TestTypeCode>LINE</TestTypeCode><MonitoringSystemID></MonitoringSystemID><ComponentID>CC2</ComponentID><SpanScaleCode>H</SpanScaleCode><TestNumber>LINE-Q22008-CC2-1</TestNumber><TestReasonCode>QA</TestReasonCode><TestDescription></TestDescription><TestResultCode>PASSED</TestResultCode><BeginDate>2008-05-02</BeginDate><BeginHour>9</BeginHour><BeginMinute>40</BeginMinute><EndDate>2008-05-02</EndDate><EndHour>11</EndHour><EndMinute>59</EndMinute><GracePeriodIndicator>0</GracePeriodIndicator><Year/><Quarter/><TestComment></TestComment><LinearitySummaryData><GasLevelCode>LOW</GasLevelCode><MeanMeasuredValue>4.773</MeanMeasuredValue><MeanReferenceValue>4.9</MeanReferenceValue><PercentError>2.6</PercentError><APSIndicator>0</APSIndicator><LinearityInjectionData><InjectionDate>2008-05-02</InjectionDate><InjectionHour>9</InjectionHour><InjectionMinute>40</InjectionMinute><MeasuredValue>4.74</MeasuredValue><ReferenceValue>4.9</ReferenceValue></LinearityInjectionData><LinearityInjectionData><InjectionDate>2008-05-02</InjectionDate><InjectionHour>11</InjectionHour><InjectionMinute>41</InjectionMinute><MeasuredValue>4.8</MeasuredValue><ReferenceValue>4.9</ReferenceValue></LinearityInjectionData><LinearityInjectionData><InjectionDate>2008-05-02</InjectionDate><InjectionHour>10</InjectionHour><InjectionMinute>30</InjectionMinute><MeasuredValue>4.78</MeasuredValue><ReferenceValue>4.9</ReferenceValue></LinearityInjectionData></LinearitySummaryData><LinearitySummaryData><GasLevelCode>MID</GasLevelCode><MeanMeasuredValue>10.933</MeanMeasuredValue><MeanReferenceValue>11.05</MeanReferenceValue><PercentError>1.1</PercentError><APSIndicator>0</APSIndicator><LinearityInjectionData><InjectionDate>2008-05-02</InjectionDate><InjectionHour>9</InjectionHour><InjectionMinute>50</InjectionMinute><MeasuredValue>10.9</MeasuredValue><ReferenceValue>11.05</ReferenceValue></LinearityInjectionData><LinearityInjectionData><InjectionDate>2008-05-02</InjectionDate><InjectionHour>10</InjectionHour><InjectionMinute>40</InjectionMinute><MeasuredValue>10.94</MeasuredValue><ReferenceValue>11.05</ReferenceValue></LinearityInjectionData><LinearityInjectionData><InjectionDate>2008-05-02</InjectionDate><InjectionHour>11</InjectionHour><InjectionMinute>50</InjectionMinute><MeasuredValue>10.96</MeasuredValue><ReferenceValue>11.05</ReferenceValue></LinearityInjectionData></LinearitySummaryData><LinearitySummaryData><GasLevelCode>HIGH</GasLevelCode><MeanMeasuredValue>18.007</MeanMeasuredValue><MeanReferenceValue>17.8</MeanReferenceValue><PercentError>1.2</PercentError><APSIndicator>0</APSIndicator><LinearityInjectionData><InjectionDate>2008-05-02</InjectionDate><InjectionHour>10</InjectionHour><InjectionMinute>0</InjectionMinute><MeasuredValue>17.94</MeasuredValue><ReferenceValue>17.8</ReferenceValue></LinearityInjectionData><LinearityInjectionData><InjectionDate>2008-05-02</InjectionDate><InjectionHour>10</InjectionHour><InjectionMinute>50</InjectionMinute><MeasuredValue>18.02</MeasuredValue><ReferenceValue>17.8</ReferenceValue></LinearityInjectionData><LinearityInjectionData><InjectionDate>2008-05-02</InjectionDate><InjectionHour>11</InjectionHour><InjectionMinute>59</InjectionMinute><MeasuredValue>18.06</MeasuredValue><ReferenceValue>17.8</ReferenceValue></LinearityInjectionData></LinearitySummaryData></TestSummaryData><TestSummaryData><UnitID>B2</UnitID><TestTypeCode>RATA</TestTypeCode><MonitoringSystemID>231</MonitoringSystemID><ComponentID></ComponentID><SpanScaleCode></SpanScaleCode><TestNumber>RATA-Q22008-231-1</TestNumber><TestReasonCode>QA</TestReasonCode><TestDescription></TestDescription><TestResultCode>PASSED</TestResultCode><BeginDate>2008-06-11</BeginDate><BeginHour>8</BeginHour><BeginMinute>5</BeginMinute><EndDate>2008-06-11</EndDate><EndHour>12</EndHour><EndMinute>47</EndMinute><GracePeriodIndicator>0</GracePeriodIndicator><Year/><Quarter/><TestComment></TestComment><RATAData><NumberOfLoadLevels>1</NumberOfLoadLevels><RelativeAccuracy>2.6</RelativeAccuracy><RATAFrequencyCode>4QTRS</RATAFrequencyCode><OverallBiasAdjustmentFactor>1</OverallBiasAdjustmentFactor><RATASummaryData><OperatingLevelCode>H</OperatingLevelCode><AverageGrossUnitLoad>469</AverageGrossUnitLoad><ReferenceMethodCode>3A</ReferenceMethodCode><MeanCEMValue>10.678</MeanCEMValue><MeanRATAReferenceValue>10.444</MeanRATAReferenceValue><MeanDifference>-.233</MeanDifference><StandardDeviationDifference>.05</StandardDeviationDifference><ConfidenceCoefficient>.038</ConfidenceCoefficient><TValue>2.306</TValue><APSIndicator>0</APSIndicator><RelativeAccuracy>2.6</RelativeAccuracy><BiasAdjustmentFactor>1</BiasAdjustmentFactor><CO2OrO2ReferenceMethodCode></CO2OrO2ReferenceMethodCode><StackDiameter></StackDiameter><StackArea></StackArea><NumberOfTraversePoints></NumberOfTraversePoints><CalculatedWAF></CalculatedWAF><DefaultWAF></DefaultWAF><RATARunData><RunNumber>1</RunNumber><BeginDate>2008-06-11</BeginDate><BeginHour>8</BeginHour><BeginMinute>5</BeginMinute><EndDate>2008-06-11</EndDate><EndHour>8</EndHour><EndMinute>25</EndMinute><CEMValue>10.7</CEMValue><RATAReferenceValue>10.4</RATAReferenceValue><GrossUnitLoad>467</GrossUnitLoad><RunStatusCode>RUNUSED</RunStatusCode></RATARunData><RATARunData><RunNumber>2</RunNumber><BeginDate>2008-06-11</BeginDate><BeginHour>8</BeginHour><BeginMinute>36</BeginMinute><EndDate>2008-06-11</EndDate><EndHour>8</EndHour><EndMinute>56</EndMinute><CEMValue>10.6</CEMValue><RATAReferenceValue>10.3</RATAReferenceValue><GrossUnitLoad>467</GrossUnitLoad><RunStatusCode>RUNUSED</RunStatusCode></RATARunData><RATARunData><RunNumber>3</RunNumber><BeginDate>2008-06-11</BeginDate><BeginHour>9</BeginHour><BeginMinute>8</BeginMinute><EndDate>2008-06-11</EndDate><EndHour>9</EndHour><EndMinute>28</EndMinute><CEMValue>10.6</CEMValue><RATAReferenceValue>10.4</RATAReferenceValue><GrossUnitLoad>468</GrossUnitLoad><RunStatusCode>RUNUSED</RunStatusCode></RATARunData><RATARunData><RunNumber>4</RunNumber><BeginDate>2008-06-11</BeginDate><BeginHour>9</BeginHour><BeginMinute>41</BeginMinute><EndDate>2008-06-11</EndDate><EndHour>10</EndHour><EndMinute>1</EndMinute><CEMValue>10.7</CEMValue><RATAReferenceValue>10.5</RATAReferenceValue><GrossUnitLoad>469</GrossUnitLoad><RunStatusCode>RUNUSED</RunStatusCode></RATARunData><RATARunData><RunNumber>5</RunNumber><BeginDate>2008-06-11</BeginDate><BeginHour>10</BeginHour><BeginMinute>11</BeginMinute><EndDate>2008-06-11</EndDate><EndHour>10</EndHour><EndMinute>31</EndMinute><CEMValue>10.7</CEMValue><RATAReferenceValue>10.5</RATAReferenceValue><GrossUnitLoad>470</GrossUnitLoad><RunStatusCode>RUNUSED</RunStatusCode></RATARunData><RATARunData><RunNumber>6</RunNumber><BeginDate>2008-06-11</BeginDate><BeginHour>10</BeginHour><BeginMinute>43</BeginMinute><EndDate>2008-06-11</EndDate><EndHour>11</EndHour><EndMinute>3</EndMinute><CEMValue>10.7</CEMValue><RATAReferenceValue>10.5</RATAReferenceValue><GrossUnitLoad>470</GrossUnitLoad><RunStatusCode>RUNUSED</RunStatusCode></RATARunData><RATARunData><RunNumber>7</RunNumber><BeginDate>2008-06-11</BeginDate><BeginHour>11</BeginHour><BeginMinute>15</BeginMinute><EndDate>2008-06-11</EndDate><EndHour>11</EndHour><EndMinute>35</EndMinute><CEMValue>10.7</CEMValue><RATAReferenceValue>10.5</RATAReferenceValue><GrossUnitLoad>472</GrossUnitLoad><RunStatusCode>RUNUSED</RunStatusCode></RATARunData><RATARunData><RunNumber>8</RunNumber><BeginDate>2008-06-11</BeginDate><BeginHour>11</BeginHour><BeginMinute>52</BeginMinute><EndDate>2008-06-11</EndDate><EndHour>12</EndHour><EndMinute>12</EndMinute><CEMValue>10.7</CEMValue><RATAReferenceValue>10.5</RATAReferenceValue><GrossUnitLoad>473</GrossUnitLoad><RunStatusCode>RUNUSED</RunStatusCode></RATARunData><RATARunData><RunNumber>9</RunNumber><BeginDate>2008-06-11</BeginDate><BeginHour>12</BeginHour><BeginMinute>27</BeginMinute><EndDate>2008-06-11</EndDate><EndHour>12</EndHour><EndMinute>47</EndMinute><CEMValue>10.7</CEMValue><RATAReferenceValue>10.4</RATAReferenceValue><GrossUnitLoad>473</GrossUnitLoad><RunStatusCode>RUNUSED</RunStatusCode></RATARunData></RATASummaryData></RATAData></TestSummaryData></QualityAssuranceAndCert>