<?xml version="1.0" encoding="utf-8"?><QualityAssuranceAndCert xsi:noNamespaceSchemaLocation="http://ecmps.pqa.com/xsd/QualityAssuranceAndCert_v1_0.xsd" xmlns:xsi="http://www.w3.org/2001/XMLSchema-instance"><ORISCode>2835</ORISCode><Version>1.0</Version><TestSummaryData><UnitID>7</UnitID><TestTypeCode>LINE</TestTypeCode><MonitoringSystemID></MonitoringSystemID><ComponentID>004</ComponentID><SpanScaleCode>L</SpanScaleCode><TestNumber>EPA-004-1026</TestNumber><TestReasonCode>QA</TestReasonCode><TestDescription></TestDescription><TestResultCode>PASSED</TestResultCode><BeginDate>2008-06-10</BeginDate><BeginHour>7</BeginHour><BeginMinute>7</BeginMinute><EndDate>2008-06-10</EndDate><EndHour>10</EndHour><EndMinute>5</EndMinute><GracePeriodIndicator>0</GracePeriodIndicator><Year/><Quarter/><TestComment></TestComment><LinearitySummaryData><GasLevelCode>LOW</GasLevelCode><MeanMeasuredValue>102.733</MeanMeasuredValue><MeanReferenceValue>100.9</MeanReferenceValue><PercentError>1.8</PercentError><APSIndicator>0</APSIndicator><LinearityInjectionData><InjectionDate>2008-06-10</InjectionDate><InjectionHour>7</InjectionHour><InjectionMinute>7</InjectionMinute><MeasuredValue>103.5</MeasuredValue><ReferenceValue>100.9</ReferenceValue></LinearityInjectionData><LinearityInjectionData><InjectionDate>2008-06-10</InjectionDate><InjectionHour>8</InjectionHour><InjectionMinute>26</InjectionMinute><MeasuredValue>102.4</MeasuredValue><ReferenceValue>100.9</ReferenceValue></LinearityInjectionData><LinearityInjectionData><InjectionDate>2008-06-10</InjectionDate><InjectionHour>9</InjectionHour><InjectionMinute>35</InjectionMinute><MeasuredValue>102.3</MeasuredValue><ReferenceValue>100.9</ReferenceValue></LinearityInjectionData></LinearitySummaryData><LinearitySummaryData><GasLevelCode>MID</GasLevelCode><MeanMeasuredValue>222.1</MeanMeasuredValue><MeanReferenceValue>218.6</MeanReferenceValue><PercentError>1.6</PercentError><APSIndicator>0</APSIndicator><LinearityInjectionData><InjectionDate>2008-06-10</InjectionDate><InjectionHour>7</InjectionHour><InjectionMinute>22</InjectionMinute><MeasuredValue>221.3</MeasuredValue><ReferenceValue>218.6</ReferenceValue></LinearityInjectionData><LinearityInjectionData><InjectionDate>2008-06-10</InjectionDate><InjectionHour>8</InjectionHour><InjectionMinute>41</InjectionMinute><MeasuredValue>222.6</MeasuredValue><ReferenceValue>218.6</ReferenceValue></LinearityInjectionData><LinearityInjectionData><InjectionDate>2008-06-10</InjectionDate><InjectionHour>9</InjectionHour><InjectionMinute>50</InjectionMinute><MeasuredValue>222.4</MeasuredValue><ReferenceValue>218.6</ReferenceValue></LinearityInjectionData></LinearitySummaryData><LinearitySummaryData><GasLevelCode>HIGH</GasLevelCode><MeanMeasuredValue>359.467</MeanMeasuredValue><MeanReferenceValue>357.7</MeanReferenceValue><PercentError>.5</PercentError><APSIndicator>0</APSIndicator><LinearityInjectionData><InjectionDate>2008-06-10</InjectionDate><InjectionHour>7</InjectionHour><InjectionMinute>37</InjectionMinute><MeasuredValue>359.3</MeasuredValue><ReferenceValue>357.7</ReferenceValue></LinearityInjectionData><LinearityInjectionData><InjectionDate>2008-06-10</InjectionDate><InjectionHour>8</InjectionHour><InjectionMinute>56</InjectionMinute><MeasuredValue>359.2</MeasuredValue><ReferenceValue>357.7</ReferenceValue></LinearityInjectionData><LinearityInjectionData><InjectionDate>2008-06-10</InjectionDate><InjectionHour>10</InjectionHour><InjectionMinute>5</InjectionMinute><MeasuredValue>359.9</MeasuredValue><ReferenceValue>357.7</ReferenceValue></LinearityInjectionData></LinearitySummaryData></TestSummaryData><TestSummaryData><UnitID>7</UnitID><TestTypeCode>LINE</TestTypeCode><MonitoringSystemID></MonitoringSystemID><ComponentID>CO2</ComponentID><SpanScaleCode>H</SpanScaleCode><TestNumber>EPA-CO2-1021</TestNumber><TestReasonCode>QA</TestReasonCode><TestDescription></TestDescription><TestResultCode>PASSED</TestResultCode><BeginDate>2008-06-10</BeginDate><BeginHour>7</BeginHour><BeginMinute>7</BeginMinute><EndDate>2008-06-10</EndDate><EndHour>10</EndHour><EndMinute>5</EndMinute><GracePeriodIndicator>0</GracePeriodIndicator><Year/><Quarter/><TestComment></TestComment><LinearitySummaryData><GasLevelCode>LOW</GasLevelCode><MeanMeasuredValue>5.4</MeanMeasuredValue><MeanReferenceValue>5.2</MeanReferenceValue><PercentError>3.8</PercentError><APSIndicator>0</APSIndicator><LinearityInjectionData><InjectionDate>2008-06-10</InjectionDate><InjectionHour>7</InjectionHour><InjectionMinute>7</InjectionMinute><MeasuredValue>5.4</MeasuredValue><ReferenceValue>5.2</ReferenceValue></LinearityInjectionData><LinearityInjectionData><InjectionDate>2008-06-10</InjectionDate><InjectionHour>8</InjectionHour><InjectionMinute>26</InjectionMinute><MeasuredValue>5.4</MeasuredValue><ReferenceValue>5.2</ReferenceValue></LinearityInjectionData><LinearityInjectionData><InjectionDate>2008-06-10</InjectionDate><InjectionHour>9</InjectionHour><InjectionMinute>35</InjectionMinute><MeasuredValue>5.4</MeasuredValue><ReferenceValue>5.2</ReferenceValue></LinearityInjectionData></LinearitySummaryData><LinearitySummaryData><GasLevelCode>MID</GasLevelCode><MeanMeasuredValue>11.367</MeanMeasuredValue><MeanReferenceValue>11</MeanReferenceValue><PercentError>3.3</PercentError><APSIndicator>0</APSIndicator><LinearityInjectionData><InjectionDate>2008-06-10</InjectionDate><InjectionHour>7</InjectionHour><InjectionMinute>22</InjectionMinute><MeasuredValue>11.3</MeasuredValue><ReferenceValue>11</ReferenceValue></LinearityInjectionData><LinearityInjectionData><InjectionDate>2008-06-10</InjectionDate><InjectionHour>8</InjectionHour><InjectionMinute>41</InjectionMinute><MeasuredValue>11.4</MeasuredValue><ReferenceValue>11</ReferenceValue></LinearityInjectionData><LinearityInjectionData><InjectionDate>2008-06-10</InjectionDate><InjectionHour>9</InjectionHour><InjectionMinute>50</InjectionMinute><MeasuredValue>11.4</MeasuredValue><ReferenceValue>11</ReferenceValue></LinearityInjectionData></LinearitySummaryData><LinearitySummaryData><GasLevelCode>HIGH</GasLevelCode><MeanMeasuredValue>17.933</MeanMeasuredValue><MeanReferenceValue>17.9</MeanReferenceValue><PercentError>.2</PercentError><APSIndicator>0</APSIndicator><LinearityInjectionData><InjectionDate>2008-06-10</InjectionDate><InjectionHour>7</InjectionHour><InjectionMinute>37</InjectionMinute><MeasuredValue>18</MeasuredValue><ReferenceValue>17.9</ReferenceValue></LinearityInjectionData><LinearityInjectionData><InjectionDate>2008-06-10</InjectionDate><InjectionHour>8</InjectionHour><InjectionMinute>56</InjectionMinute><MeasuredValue>17.9</MeasuredValue><ReferenceValue>17.9</ReferenceValue></LinearityInjectionData><LinearityInjectionData><InjectionDate>2008-06-10</InjectionDate><InjectionHour>10</InjectionHour><InjectionMinute>5</InjectionMinute><MeasuredValue>17.9</MeasuredValue><ReferenceValue>17.9</ReferenceValue></LinearityInjectionData></LinearitySummaryData></TestSummaryData><TestSummaryData><UnitID>7</UnitID><TestTypeCode>LINE</TestTypeCode><MonitoringSystemID></MonitoringSystemID><ComponentID>003</ComponentID><SpanScaleCode>L</SpanScaleCode><TestNumber>EPA-003-1028</TestNumber><TestReasonCode>QA</TestReasonCode><TestDescription></TestDescription><TestResultCode>PASSED</TestResultCode><BeginDate>2008-06-10</BeginDate><BeginHour>7</BeginHour><BeginMinute>7</BeginMinute><EndDate>2008-06-10</EndDate><EndHour>10</EndHour><EndMinute>5</EndMinute><GracePeriodIndicator>0</GracePeriodIndicator><Year/><Quarter/><TestComment></TestComment><LinearitySummaryData><GasLevelCode>LOW</GasLevelCode><MeanMeasuredValue>156.967</MeanMeasuredValue><MeanReferenceValue>156</MeanReferenceValue><PercentError>.6</PercentError><APSIndicator>0</APSIndicator><LinearityInjectionData><InjectionDate>2008-06-10</InjectionDate><InjectionHour>7</InjectionHour><InjectionMinute>7</InjectionMinute><MeasuredValue>156.4</MeasuredValue><ReferenceValue>156</ReferenceValue></LinearityInjectionData><LinearityInjectionData><InjectionDate>2008-06-10</InjectionDate><InjectionHour>8</InjectionHour><InjectionMinute>26</InjectionMinute><MeasuredValue>157.4</MeasuredValue><ReferenceValue>156</ReferenceValue></LinearityInjectionData><LinearityInjectionData><InjectionDate>2008-06-10</InjectionDate><InjectionHour>9</InjectionHour><InjectionMinute>35</InjectionMinute><MeasuredValue>157.1</MeasuredValue><ReferenceValue>156</ReferenceValue></LinearityInjectionData></LinearitySummaryData><LinearitySummaryData><GasLevelCode>MID</GasLevelCode><MeanMeasuredValue>332.4</MeanMeasuredValue><MeanReferenceValue>329</MeanReferenceValue><PercentError>1</PercentError><APSIndicator>0</APSIndicator><LinearityInjectionData><InjectionDate>2008-06-10</InjectionDate><InjectionHour>7</InjectionHour><InjectionMinute>22</InjectionMinute><MeasuredValue>330</MeasuredValue><ReferenceValue>329</ReferenceValue></LinearityInjectionData><LinearityInjectionData><InjectionDate>2008-06-10</InjectionDate><InjectionHour>8</InjectionHour><InjectionMinute>41</InjectionMinute><MeasuredValue>333.1</MeasuredValue><ReferenceValue>329</ReferenceValue></LinearityInjectionData><LinearityInjectionData><InjectionDate>2008-06-10</InjectionDate><InjectionHour>9</InjectionHour><InjectionMinute>50</InjectionMinute><MeasuredValue>334.1</MeasuredValue><ReferenceValue>329</ReferenceValue></LinearityInjectionData></LinearitySummaryData><LinearitySummaryData><GasLevelCode>HIGH</GasLevelCode><MeanMeasuredValue>546.667</MeanMeasuredValue><MeanReferenceValue>541.7</MeanReferenceValue><PercentError>.9</PercentError><APSIndicator>0</APSIndicator><LinearityInjectionData><InjectionDate>2008-06-10</InjectionDate><InjectionHour>7</InjectionHour><InjectionMinute>37</InjectionMinute><MeasuredValue>546.8</MeasuredValue><ReferenceValue>541.7</ReferenceValue></LinearityInjectionData><LinearityInjectionData><InjectionDate>2008-06-10</InjectionDate><InjectionHour>8</InjectionHour><InjectionMinute>56</InjectionMinute><MeasuredValue>548</MeasuredValue><ReferenceValue>541.7</ReferenceValue></LinearityInjectionData><LinearityInjectionData><InjectionDate>2008-06-10</InjectionDate><InjectionHour>10</InjectionHour><InjectionMinute>5</InjectionMinute><MeasuredValue>545.2</MeasuredValue><ReferenceValue>541.7</ReferenceValue></LinearityInjectionData></LinearitySummaryData></TestSummaryData><TestSummaryData><UnitID>7</UnitID><TestTypeCode>F2LCHK</TestTypeCode><MonitoringSystemID>505</MonitoringSystemID><ComponentID></ComponentID><SpanScaleCode></SpanScaleCode><TestNumber>EPA-505-5022</TestNumber><TestReasonCode></TestReasonCode><TestDescription></TestDescription><TestResultCode>PASSED</TestResultCode><BeginDate></BeginDate><BeginHour></BeginHour><BeginMinute></BeginMinute><EndDate></EndDate><EndHour></EndHour><EndMinute></EndMinute><GracePeriodIndicator>0</GracePeriodIndicator><Year>2008</Year><Quarter>2</Quarter><TestComment></TestComment><FlowToLoadCheckData><TestBasisCode>Q</TestBasisCode><BiasAdjustedIndicator>0</BiasAdjustedIndicator><AvgAbsolutePercentDiff>5.5</AvgAbsolutePercentDiff><NumberOfHours>381</NumberOfHours><NumberOfHoursExcludedForFuel></NumberOfHoursExcludedForFuel><NumberOfHoursExcludedRamping></NumberOfHoursExcludedRamping><NumberOfHoursExcludedBypass></NumberOfHoursExcludedBypass><NumberOfHoursExcludedPreRATA></NumberOfHoursExcludedPreRATA><NumberOfHoursExcludedTest></NumberOfHoursExcludedTest><NumberOfHoursExcMainBypass></NumberOfHoursExcMainBypass><OperatingLevelCode>H</OperatingLevelCode></FlowToLoadCheckData></TestSummaryData><TestExtensionExemptionData><UnitID>7</UnitID><Year>2008</Year><Quarter>2</Quarter><MonitoringSystemID></MonitoringSystemID><ComponentID>003</ComponentID><HoursUsed></HoursUsed><SpanScaleCode>H</SpanScaleCode><FuelCode></FuelCode><ExtensionOrExemptionCode>RANGENU</ExtensionOrExemptionCode></TestExtensionExemptionData></QualityAssuranceAndCert>