<?xml version="1.0" encoding="utf-8"?><QualityAssuranceAndCert xsi:noNamespaceSchemaLocation="http://ecmps.camdsupport.com/xsd/QualityAssuranceAndCert_v1_1.xsd" xmlns:xsi="http://www.w3.org/2001/XMLSchema-instance"><ORISCode>3490</ORISCode><Version>1.1</Version><TestSummaryData><UnitID>1</UnitID><TestTypeCode>FFACCTT</TestTypeCode><MonitoringSystemID></MonitoringSystemID><ComponentID>01G</ComponentID><SpanScaleCode></SpanScaleCode><TestNumber>EPA-01G-11021</TestNumber><TestReasonCode></TestReasonCode><TestDescription></TestDescription><TestResultCode>PASSED</TestResultCode><BeginDate></BeginDate><BeginHour></BeginHour><BeginMinute></BeginMinute><EndDate>2008-06-24</EndDate><EndHour>7</EndHour><EndMinute></EndMinute><GracePeriodIndicator>0</GracePeriodIndicator><Year/><Quarter/><TestComment></TestComment><TransmitterTransducerData><LowLevelAccuracy>.2</LowLevelAccuracy><LowLevelAccuracySpecCode>ACT</LowLevelAccuracySpecCode><MidLevelAccuracy>.2</MidLevelAccuracy><MidLevelAccuracySpecCode>ACT</MidLevelAccuracySpecCode><HighLevelAccuracy>.4</HighLevelAccuracy><HighLevelAccuracySpecCode>ACT</HighLevelAccuracySpecCode></TransmitterTransducerData></TestSummaryData><TestSummaryData><UnitID>1</UnitID><TestTypeCode>LINE</TestTypeCode><MonitoringSystemID></MonitoringSystemID><ComponentID>002</ComponentID><SpanScaleCode>H</SpanScaleCode><TestNumber>EPA-002-1022</TestNumber><TestReasonCode>QA</TestReasonCode><TestDescription></TestDescription><TestResultCode>PASSED</TestResultCode><BeginDate>2008-06-23</BeginDate><BeginHour>11</BeginHour><BeginMinute>35</BeginMinute><EndDate>2008-06-23</EndDate><EndHour>12</EndHour><EndMinute>12</EndMinute><GracePeriodIndicator>0</GracePeriodIndicator><Year/><Quarter/><TestComment></TestComment><LinearitySummaryData><GasLevelCode>LOW</GasLevelCode><MeanMeasuredValue>5.11</MeanMeasuredValue><MeanReferenceValue>5</MeanReferenceValue><PercentError>2.2</PercentError><APSIndicator>0</APSIndicator><LinearityInjectionData><InjectionDate>2008-06-23</InjectionDate><InjectionHour>11</InjectionHour><InjectionMinute>35</InjectionMinute><MeasuredValue>5.1</MeasuredValue><ReferenceValue>5</ReferenceValue></LinearityInjectionData><LinearityInjectionData><InjectionDate>2008-06-23</InjectionDate><InjectionHour>11</InjectionHour><InjectionMinute>48</InjectionMinute><MeasuredValue>5.12</MeasuredValue><ReferenceValue>5</ReferenceValue></LinearityInjectionData><LinearityInjectionData><InjectionDate>2008-06-23</InjectionDate><InjectionHour>12</InjectionHour><InjectionMinute>6</InjectionMinute><MeasuredValue>5.11</MeasuredValue><ReferenceValue>5</ReferenceValue></LinearityInjectionData></LinearitySummaryData><LinearitySummaryData><GasLevelCode>MID</GasLevelCode><MeanMeasuredValue>11.207</MeanMeasuredValue><MeanReferenceValue>11.1</MeanReferenceValue><PercentError>1</PercentError><APSIndicator>0</APSIndicator><LinearityInjectionData><InjectionDate>2008-06-23</InjectionDate><InjectionHour>11</InjectionHour><InjectionMinute>38</InjectionMinute><MeasuredValue>11.21</MeasuredValue><ReferenceValue>11.1</ReferenceValue></LinearityInjectionData><LinearityInjectionData><InjectionDate>2008-06-23</InjectionDate><InjectionHour>11</InjectionHour><InjectionMinute>51</InjectionMinute><MeasuredValue>11.23</MeasuredValue><ReferenceValue>11.1</ReferenceValue></LinearityInjectionData><LinearityInjectionData><InjectionDate>2008-06-23</InjectionDate><InjectionHour>12</InjectionHour><InjectionMinute>9</InjectionMinute><MeasuredValue>11.18</MeasuredValue><ReferenceValue>11.1</ReferenceValue></LinearityInjectionData></LinearitySummaryData><LinearitySummaryData><GasLevelCode>HIGH</GasLevelCode><MeanMeasuredValue>18.087</MeanMeasuredValue><MeanReferenceValue>18</MeanReferenceValue><PercentError>.5</PercentError><APSIndicator>0</APSIndicator><LinearityInjectionData><InjectionDate>2008-06-23</InjectionDate><InjectionHour>11</InjectionHour><InjectionMinute>41</InjectionMinute><MeasuredValue>18.09</MeasuredValue><ReferenceValue>18</ReferenceValue></LinearityInjectionData><LinearityInjectionData><InjectionDate>2008-06-23</InjectionDate><InjectionHour>11</InjectionHour><InjectionMinute>54</InjectionMinute><MeasuredValue>18.1</MeasuredValue><ReferenceValue>18</ReferenceValue></LinearityInjectionData><LinearityInjectionData><InjectionDate>2008-06-23</InjectionDate><InjectionHour>12</InjectionHour><InjectionMinute>12</InjectionMinute><MeasuredValue>18.07</MeasuredValue><ReferenceValue>18</ReferenceValue></LinearityInjectionData></LinearitySummaryData></TestSummaryData><TestSummaryData><UnitID>1</UnitID><TestTypeCode>LINE</TestTypeCode><MonitoringSystemID></MonitoringSystemID><ComponentID>003</ComponentID><SpanScaleCode>H</SpanScaleCode><TestNumber>EPA-003-1021</TestNumber><TestReasonCode>QA</TestReasonCode><TestDescription></TestDescription><TestResultCode>PASSED</TestResultCode><BeginDate>2008-06-23</BeginDate><BeginHour>13</BeginHour><BeginMinute>12</BeginMinute><EndDate>2008-06-23</EndDate><EndHour>13</EndHour><EndMinute>48</EndMinute><GracePeriodIndicator>0</GracePeriodIndicator><Year/><Quarter/><TestComment></TestComment><LinearitySummaryData><GasLevelCode>LOW</GasLevelCode><MeanMeasuredValue>133.767</MeanMeasuredValue><MeanReferenceValue>134</MeanReferenceValue><PercentError>.2</PercentError><APSIndicator>0</APSIndicator><LinearityInjectionData><InjectionDate>2008-06-23</InjectionDate><InjectionHour>13</InjectionHour><InjectionMinute>12</InjectionMinute><MeasuredValue>133.4</MeasuredValue><ReferenceValue>134</ReferenceValue></LinearityInjectionData><LinearityInjectionData><InjectionDate>2008-06-23</InjectionDate><InjectionHour>13</InjectionHour><InjectionMinute>26</InjectionMinute><MeasuredValue>133.9</MeasuredValue><ReferenceValue>134</ReferenceValue></LinearityInjectionData><LinearityInjectionData><InjectionDate>2008-06-23</InjectionDate><InjectionHour>13</InjectionHour><InjectionMinute>42</InjectionMinute><MeasuredValue>134</MeasuredValue><ReferenceValue>134</ReferenceValue></LinearityInjectionData></LinearitySummaryData><LinearitySummaryData><GasLevelCode>MID</GasLevelCode><MeanMeasuredValue>270.5</MeanMeasuredValue><MeanReferenceValue>271</MeanReferenceValue><PercentError>.2</PercentError><APSIndicator>0</APSIndicator><LinearityInjectionData><InjectionDate>2008-06-23</InjectionDate><InjectionHour>13</InjectionHour><InjectionMinute>15</InjectionMinute><MeasuredValue>270</MeasuredValue><ReferenceValue>271</ReferenceValue></LinearityInjectionData><LinearityInjectionData><InjectionDate>2008-06-23</InjectionDate><InjectionHour>13</InjectionHour><InjectionMinute>29</InjectionMinute><MeasuredValue>270.7</MeasuredValue><ReferenceValue>271</ReferenceValue></LinearityInjectionData><LinearityInjectionData><InjectionDate>2008-06-23</InjectionDate><InjectionHour>13</InjectionHour><InjectionMinute>45</InjectionMinute><MeasuredValue>270.8</MeasuredValue><ReferenceValue>271</ReferenceValue></LinearityInjectionData></LinearitySummaryData><LinearitySummaryData><GasLevelCode>HIGH</GasLevelCode><MeanMeasuredValue>474.9</MeanMeasuredValue><MeanReferenceValue>475</MeanReferenceValue><PercentError>0</PercentError><APSIndicator>0</APSIndicator><LinearityInjectionData><InjectionDate>2008-06-23</InjectionDate><InjectionHour>13</InjectionHour><InjectionMinute>18</InjectionMinute><MeasuredValue>473.6</MeasuredValue><ReferenceValue>475</ReferenceValue></LinearityInjectionData><LinearityInjectionData><InjectionDate>2008-06-23</InjectionDate><InjectionHour>13</InjectionHour><InjectionMinute>32</InjectionMinute><MeasuredValue>475.3</MeasuredValue><ReferenceValue>475</ReferenceValue></LinearityInjectionData><LinearityInjectionData><InjectionDate>2008-06-23</InjectionDate><InjectionHour>13</InjectionHour><InjectionMinute>48</InjectionMinute><MeasuredValue>475.8</MeasuredValue><ReferenceValue>475</ReferenceValue></LinearityInjectionData></LinearitySummaryData></TestSummaryData><QACertificationEventData><UnitID>1</UnitID><MonitoringSystemID></MonitoringSystemID><ComponentID>02D</ComponentID><QACertEventCode>2</QACertEventCode><QACertEventDate>2008-05-20</QACertEventDate><QACertEventHour>10</QACertEventHour><RequiredTestCode>23</RequiredTestCode><ConditionalBeginDate></ConditionalBeginDate><ConditionalBeginHour></ConditionalBeginHour><CompletionTestDate></CompletionTestDate><CompletionTestHour></CompletionTestHour></QACertificationEventData></QualityAssuranceAndCert>