<?xml version="1.0" encoding="utf-8"?><QualityAssuranceAndCert xsi:noNamespaceSchemaLocation="http://ecmps.camdsupport.com/xsd/QualityAssuranceAndCert_v1_1.xsd" xmlns:xsi="http://www.w3.org/2001/XMLSchema-instance"><ORISCode>3490</ORISCode><Version>1.1</Version><TestSummaryData><UnitID>2</UnitID><TestTypeCode>LINE</TestTypeCode><MonitoringSystemID></MonitoringSystemID><ComponentID>002</ComponentID><SpanScaleCode>H</SpanScaleCode><TestNumber>EPA-002-1024</TestNumber><TestReasonCode>QA</TestReasonCode><TestDescription></TestDescription><TestResultCode>PASSED</TestResultCode><BeginDate>2008-06-24</BeginDate><BeginHour>8</BeginHour><BeginMinute>33</BeginMinute><EndDate>2008-06-24</EndDate><EndHour>9</EndHour><EndMinute>5</EndMinute><GracePeriodIndicator>0</GracePeriodIndicator><Year/><Quarter/><TestComment></TestComment><LinearitySummaryData><GasLevelCode>LOW</GasLevelCode><MeanMeasuredValue>5.073</MeanMeasuredValue><MeanReferenceValue>5</MeanReferenceValue><PercentError>1.5</PercentError><APSIndicator>0</APSIndicator><LinearityInjectionData><InjectionDate>2008-06-24</InjectionDate><InjectionHour>8</InjectionHour><InjectionMinute>33</InjectionMinute><MeasuredValue>5.06</MeasuredValue><ReferenceValue>5</ReferenceValue></LinearityInjectionData><LinearityInjectionData><InjectionDate>2008-06-24</InjectionDate><InjectionHour>8</InjectionHour><InjectionMinute>45</InjectionMinute><MeasuredValue>5.07</MeasuredValue><ReferenceValue>5</ReferenceValue></LinearityInjectionData><LinearityInjectionData><InjectionDate>2008-06-24</InjectionDate><InjectionHour>8</InjectionHour><InjectionMinute>59</InjectionMinute><MeasuredValue>5.09</MeasuredValue><ReferenceValue>5</ReferenceValue></LinearityInjectionData></LinearitySummaryData><LinearitySummaryData><GasLevelCode>MID</GasLevelCode><MeanMeasuredValue>11.01</MeanMeasuredValue><MeanReferenceValue>11.1</MeanReferenceValue><PercentError>.8</PercentError><APSIndicator>0</APSIndicator><LinearityInjectionData><InjectionDate>2008-06-24</InjectionDate><InjectionHour>8</InjectionHour><InjectionMinute>36</InjectionMinute><MeasuredValue>11.06</MeasuredValue><ReferenceValue>11.1</ReferenceValue></LinearityInjectionData><LinearityInjectionData><InjectionDate>2008-06-24</InjectionDate><InjectionHour>8</InjectionHour><InjectionMinute>48</InjectionMinute><MeasuredValue>11.05</MeasuredValue><ReferenceValue>11.1</ReferenceValue></LinearityInjectionData><LinearityInjectionData><InjectionDate>2008-06-24</InjectionDate><InjectionHour>9</InjectionHour><InjectionMinute>2</InjectionMinute><MeasuredValue>10.92</MeasuredValue><ReferenceValue>11.1</ReferenceValue></LinearityInjectionData></LinearitySummaryData><LinearitySummaryData><GasLevelCode>HIGH</GasLevelCode><MeanMeasuredValue>17.88</MeanMeasuredValue><MeanReferenceValue>18.1</MeanReferenceValue><PercentError>1.2</PercentError><APSIndicator>0</APSIndicator><LinearityInjectionData><InjectionDate>2008-06-24</InjectionDate><InjectionHour>8</InjectionHour><InjectionMinute>39</InjectionMinute><MeasuredValue>17.94</MeasuredValue><ReferenceValue>18.1</ReferenceValue></LinearityInjectionData><LinearityInjectionData><InjectionDate>2008-06-24</InjectionDate><InjectionHour>8</InjectionHour><InjectionMinute>51</InjectionMinute><MeasuredValue>17.94</MeasuredValue><ReferenceValue>18.1</ReferenceValue></LinearityInjectionData><LinearityInjectionData><InjectionDate>2008-06-24</InjectionDate><InjectionHour>9</InjectionHour><InjectionMinute>5</InjectionMinute><MeasuredValue>17.76</MeasuredValue><ReferenceValue>18.1</ReferenceValue></LinearityInjectionData></LinearitySummaryData></TestSummaryData><TestSummaryData><UnitID>2</UnitID><TestTypeCode>LINE</TestTypeCode><MonitoringSystemID></MonitoringSystemID><ComponentID>01N</ComponentID><SpanScaleCode>H</SpanScaleCode><TestNumber>EPA-01N-1020</TestNumber><TestReasonCode>QA</TestReasonCode><TestDescription></TestDescription><TestResultCode>PASSED</TestResultCode><BeginDate>2008-06-24</BeginDate><BeginHour>9</BeginHour><BeginMinute>57</BeginMinute><EndDate>2008-06-24</EndDate><EndHour>10</EndHour><EndMinute>27</EndMinute><GracePeriodIndicator>0</GracePeriodIndicator><Year/><Quarter/><TestComment></TestComment><LinearitySummaryData><GasLevelCode>LOW</GasLevelCode><MeanMeasuredValue>164.7</MeanMeasuredValue><MeanReferenceValue>167</MeanReferenceValue><PercentError>1.4</PercentError><APSIndicator>0</APSIndicator><LinearityInjectionData><InjectionDate>2008-06-24</InjectionDate><InjectionHour>9</InjectionHour><InjectionMinute>57</InjectionMinute><MeasuredValue>164.3</MeasuredValue><ReferenceValue>167</ReferenceValue></LinearityInjectionData><LinearityInjectionData><InjectionDate>2008-06-24</InjectionDate><InjectionHour>10</InjectionHour><InjectionMinute>9</InjectionMinute><MeasuredValue>164.9</MeasuredValue><ReferenceValue>167</ReferenceValue></LinearityInjectionData><LinearityInjectionData><InjectionDate>2008-06-24</InjectionDate><InjectionHour>10</InjectionHour><InjectionMinute>21</InjectionMinute><MeasuredValue>164.9</MeasuredValue><ReferenceValue>167</ReferenceValue></LinearityInjectionData></LinearitySummaryData><LinearitySummaryData><GasLevelCode>MID</GasLevelCode><MeanMeasuredValue>382.333</MeanMeasuredValue><MeanReferenceValue>381</MeanReferenceValue><PercentError>.3</PercentError><APSIndicator>0</APSIndicator><LinearityInjectionData><InjectionDate>2008-06-24</InjectionDate><InjectionHour>10</InjectionHour><InjectionMinute>0</InjectionMinute><MeasuredValue>381.8</MeasuredValue><ReferenceValue>381</ReferenceValue></LinearityInjectionData><LinearityInjectionData><InjectionDate>2008-06-24</InjectionDate><InjectionHour>10</InjectionHour><InjectionMinute>12</InjectionMinute><MeasuredValue>382.8</MeasuredValue><ReferenceValue>381</ReferenceValue></LinearityInjectionData><LinearityInjectionData><InjectionDate>2008-06-24</InjectionDate><InjectionHour>10</InjectionHour><InjectionMinute>24</InjectionMinute><MeasuredValue>382.4</MeasuredValue><ReferenceValue>381</ReferenceValue></LinearityInjectionData></LinearitySummaryData><LinearitySummaryData><GasLevelCode>HIGH</GasLevelCode><MeanMeasuredValue>622</MeanMeasuredValue><MeanReferenceValue>612</MeanReferenceValue><PercentError>1.6</PercentError><APSIndicator>0</APSIndicator><LinearityInjectionData><InjectionDate>2008-06-24</InjectionDate><InjectionHour>10</InjectionHour><InjectionMinute>3</InjectionMinute><MeasuredValue>620.7</MeasuredValue><ReferenceValue>612</ReferenceValue></LinearityInjectionData><LinearityInjectionData><InjectionDate>2008-06-24</InjectionDate><InjectionHour>10</InjectionHour><InjectionMinute>15</InjectionMinute><MeasuredValue>623.7</MeasuredValue><ReferenceValue>612</ReferenceValue></LinearityInjectionData><LinearityInjectionData><InjectionDate>2008-06-24</InjectionDate><InjectionHour>10</InjectionHour><InjectionMinute>27</InjectionMinute><MeasuredValue>621.6</MeasuredValue><ReferenceValue>612</ReferenceValue></LinearityInjectionData></LinearitySummaryData></TestSummaryData><TestSummaryData><UnitID>2</UnitID><TestTypeCode>PEI</TestTypeCode><MonitoringSystemID></MonitoringSystemID><ComponentID>01G</ComponentID><SpanScaleCode></SpanScaleCode><TestNumber>EPA-01G-15003</TestNumber><TestReasonCode>QA</TestReasonCode><TestDescription></TestDescription><TestResultCode>PASSED</TestResultCode><BeginDate></BeginDate><BeginHour></BeginHour><BeginMinute></BeginMinute><EndDate>2008-04-06</EndDate><EndHour>11</EndHour><EndMinute></EndMinute><GracePeriodIndicator></GracePeriodIndicator><Year/><Quarter/><TestComment></TestComment></TestSummaryData><TestSummaryData><UnitID>2</UnitID><TestTypeCode>FFACCTT</TestTypeCode><MonitoringSystemID></MonitoringSystemID><ComponentID>01G</ComponentID><SpanScaleCode></SpanScaleCode><TestNumber>EPA-01G-11023</TestNumber><TestReasonCode></TestReasonCode><TestDescription></TestDescription><TestResultCode>PASSED</TestResultCode><BeginDate></BeginDate><BeginHour></BeginHour><BeginMinute></BeginMinute><EndDate>2008-06-23</EndDate><EndHour>12</EndHour><EndMinute></EndMinute><GracePeriodIndicator>0</GracePeriodIndicator><Year/><Quarter/><TestComment></TestComment><TransmitterTransducerData><LowLevelAccuracy>.4</LowLevelAccuracy><LowLevelAccuracySpecCode>ACT</LowLevelAccuracySpecCode><MidLevelAccuracy>.2</MidLevelAccuracy><MidLevelAccuracySpecCode>ACT</MidLevelAccuracySpecCode><HighLevelAccuracy>.3</HighLevelAccuracy><HighLevelAccuracySpecCode>ACT</HighLevelAccuracySpecCode></TransmitterTransducerData></TestSummaryData><TestSummaryData><UnitID>2</UnitID><TestTypeCode>LINE</TestTypeCode><MonitoringSystemID></MonitoringSystemID><ComponentID>01N</ComponentID><SpanScaleCode>L</SpanScaleCode><TestNumber>EPA-01N-1041</TestNumber><TestReasonCode>QA</TestReasonCode><TestDescription></TestDescription><TestResultCode>PASSED</TestResultCode><BeginDate>2008-06-24</BeginDate><BeginHour>9</BeginHour><BeginMinute>16</BeginMinute><EndDate>2008-06-24</EndDate><EndHour>9</EndHour><EndMinute>49</EndMinute><GracePeriodIndicator>0</GracePeriodIndicator><Year/><Quarter/><TestComment></TestComment><LinearitySummaryData><GasLevelCode>LOW</GasLevelCode><MeanMeasuredValue>62.667</MeanMeasuredValue><MeanReferenceValue>64</MeanReferenceValue><PercentError>2.1</PercentError><APSIndicator>0</APSIndicator><LinearityInjectionData><InjectionDate>2008-06-24</InjectionDate><InjectionHour>9</InjectionHour><InjectionMinute>16</InjectionMinute><MeasuredValue>62.7</MeasuredValue><ReferenceValue>64</ReferenceValue></LinearityInjectionData><LinearityInjectionData><InjectionDate>2008-06-24</InjectionDate><InjectionHour>9</InjectionHour><InjectionMinute>31</InjectionMinute><MeasuredValue>62.7</MeasuredValue><ReferenceValue>64</ReferenceValue></LinearityInjectionData><LinearityInjectionData><InjectionDate>2008-06-24</InjectionDate><InjectionHour>9</InjectionHour><InjectionMinute>43</InjectionMinute><MeasuredValue>62.6</MeasuredValue><ReferenceValue>64</ReferenceValue></LinearityInjectionData></LinearitySummaryData><LinearitySummaryData><GasLevelCode>MID</GasLevelCode><MeanMeasuredValue>170.8</MeanMeasuredValue><MeanReferenceValue>169</MeanReferenceValue><PercentError>1.1</PercentError><APSIndicator>0</APSIndicator><LinearityInjectionData><InjectionDate>2008-06-24</InjectionDate><InjectionHour>9</InjectionHour><InjectionMinute>19</InjectionMinute><MeasuredValue>171</MeasuredValue><ReferenceValue>169</ReferenceValue></LinearityInjectionData><LinearityInjectionData><InjectionDate>2008-06-24</InjectionDate><InjectionHour>9</InjectionHour><InjectionMinute>34</InjectionMinute><MeasuredValue>170.7</MeasuredValue><ReferenceValue>169</ReferenceValue></LinearityInjectionData><LinearityInjectionData><InjectionDate>2008-06-24</InjectionDate><InjectionHour>9</InjectionHour><InjectionMinute>46</InjectionMinute><MeasuredValue>170.7</MeasuredValue><ReferenceValue>169</ReferenceValue></LinearityInjectionData></LinearitySummaryData><LinearitySummaryData><GasLevelCode>HIGH</GasLevelCode><MeanMeasuredValue>268.733</MeanMeasuredValue><MeanReferenceValue>273</MeanReferenceValue><PercentError>1.6</PercentError><APSIndicator>0</APSIndicator><LinearityInjectionData><InjectionDate>2008-06-24</InjectionDate><InjectionHour>9</InjectionHour><InjectionMinute>22</InjectionMinute><MeasuredValue>268.5</MeasuredValue><ReferenceValue>273</ReferenceValue></LinearityInjectionData><LinearityInjectionData><InjectionDate>2008-06-24</InjectionDate><InjectionHour>9</InjectionHour><InjectionMinute>37</InjectionMinute><MeasuredValue>268.2</MeasuredValue><ReferenceValue>273</ReferenceValue></LinearityInjectionData><LinearityInjectionData><InjectionDate>2008-06-24</InjectionDate><InjectionHour>9</InjectionHour><InjectionMinute>49</InjectionMinute><MeasuredValue>269.5</MeasuredValue><ReferenceValue>273</ReferenceValue></LinearityInjectionData></LinearitySummaryData></TestSummaryData><QACertificationEventData><UnitID>2</UnitID><MonitoringSystemID></MonitoringSystemID><ComponentID>02D</ComponentID><QACertEventCode>2</QACertEventCode><QACertEventDate>2008-05-20</QACertEventDate><QACertEventHour>11</QACertEventHour><RequiredTestCode>23</RequiredTestCode><ConditionalBeginDate></ConditionalBeginDate><ConditionalBeginHour></ConditionalBeginHour><CompletionTestDate></CompletionTestDate><CompletionTestHour></CompletionTestHour></QACertificationEventData></QualityAssuranceAndCert>