<?xml version="1.0" encoding="utf-8"?><QualityAssuranceAndCert xsi:noNamespaceSchemaLocation="http://ecmps.pqa.com/xsd/QualityAssuranceAndCert_v1_0.xsd" xmlns:xsi="http://www.w3.org/2001/XMLSchema-instance"><ORISCode>2706</ORISCode><Version>1.0</Version><TestSummaryData><UnitID>4</UnitID><TestTypeCode>FFACC</TestTypeCode><MonitoringSystemID></MonitoringSystemID><ComponentID>OFM</ComponentID><SpanScaleCode></SpanScaleCode><TestNumber>1</TestNumber><TestReasonCode>QA</TestReasonCode><TestDescription></TestDescription><TestResultCode>PASSED</TestResultCode><BeginDate></BeginDate><BeginHour></BeginHour><BeginMinute></BeginMinute><EndDate>2008-04-01</EndDate><EndHour>12</EndHour><EndMinute>0</EndMinute><GracePeriodIndicator></GracePeriodIndicator><Year/><Quarter/><TestComment></TestComment><FuelFlowmeterAccuracyData><AccuracyTestMethodCode>LCRM</AccuracyTestMethodCode><LowFuelAccuracy>.1</LowFuelAccuracy><MidFuelAccuracy>.1</MidFuelAccuracy><HighFuelAccuracy>.1</HighFuelAccuracy><ReinstallationDate>2008-07-21</ReinstallationDate><ReinstallationHour>12</ReinstallationHour></FuelFlowmeterAccuracyData></TestSummaryData></QualityAssuranceAndCert>