<?xml version="1.0" encoding="utf-8"?><QualityAssuranceAndCert xsi:noNamespaceSchemaLocation="http://ecmps.pqa.com/xsd/QualityAssuranceAndCert_v1_0.xsd" xmlns:xsi="http://www.w3.org/2001/XMLSchema-instance"><ORISCode>3604</ORISCode><Version>1.0</Version><TestSummaryData><UnitID>GT1</UnitID><TestTypeCode>LINE</TestTypeCode><MonitoringSystemID></MonitoringSystemID><ComponentID>A11</ComponentID><SpanScaleCode>H</SpanScaleCode><TestNumber>EPA-A11-1020</TestNumber><TestReasonCode>QA</TestReasonCode><TestDescription></TestDescription><TestResultCode>PASSED</TestResultCode><BeginDate>2008-04-21</BeginDate><BeginHour>12</BeginHour><BeginMinute>15</BeginMinute><EndDate>2008-04-21</EndDate><EndHour>14</EndHour><EndMinute>15</EndMinute><GracePeriodIndicator>0</GracePeriodIndicator><Year/><Quarter/><TestComment></TestComment><LinearitySummaryData><GasLevelCode>HIGH</GasLevelCode><MeanMeasuredValue>90.8</MeanMeasuredValue><MeanReferenceValue>90.8</MeanReferenceValue><PercentError>0</PercentError><APSIndicator>0</APSIndicator><LinearityInjectionData><InjectionDate>2008-04-21</InjectionDate><InjectionHour>12</InjectionHour><InjectionMinute>15</InjectionMinute><MeasuredValue>90.8</MeasuredValue><ReferenceValue>90.8</ReferenceValue></LinearityInjectionData><LinearityInjectionData><InjectionDate>2008-04-21</InjectionDate><InjectionHour>13</InjectionHour><InjectionMinute>0</InjectionMinute><MeasuredValue>90.8</MeasuredValue><ReferenceValue>90.8</ReferenceValue></LinearityInjectionData><LinearityInjectionData><InjectionDate>2008-04-21</InjectionDate><InjectionHour>13</InjectionHour><InjectionMinute>45</InjectionMinute><MeasuredValue>90.8</MeasuredValue><ReferenceValue>90.8</ReferenceValue></LinearityInjectionData></LinearitySummaryData><LinearitySummaryData><GasLevelCode>MID</GasLevelCode><MeanMeasuredValue>51.633</MeanMeasuredValue><MeanReferenceValue>51.4</MeanReferenceValue><PercentError>.5</PercentError><APSIndicator>0</APSIndicator><LinearityInjectionData><InjectionDate>2008-04-21</InjectionDate><InjectionHour>12</InjectionHour><InjectionMinute>30</InjectionMinute><MeasuredValue>51.5</MeasuredValue><ReferenceValue>51.4</ReferenceValue></LinearityInjectionData><LinearityInjectionData><InjectionDate>2008-04-21</InjectionDate><InjectionHour>13</InjectionHour><InjectionMinute>15</InjectionMinute><MeasuredValue>51.6</MeasuredValue><ReferenceValue>51.4</ReferenceValue></LinearityInjectionData><LinearityInjectionData><InjectionDate>2008-04-21</InjectionDate><InjectionHour>14</InjectionHour><InjectionMinute>0</InjectionMinute><MeasuredValue>51.8</MeasuredValue><ReferenceValue>51.4</ReferenceValue></LinearityInjectionData></LinearitySummaryData><LinearitySummaryData><GasLevelCode>LOW</GasLevelCode><MeanMeasuredValue>27.033</MeanMeasuredValue><MeanReferenceValue>26.8</MeanReferenceValue><PercentError>.9</PercentError><APSIndicator>0</APSIndicator><LinearityInjectionData><InjectionDate>2008-04-21</InjectionDate><InjectionHour>12</InjectionHour><InjectionMinute>45</InjectionMinute><MeasuredValue>26.8</MeasuredValue><ReferenceValue>26.8</ReferenceValue></LinearityInjectionData><LinearityInjectionData><InjectionDate>2008-04-21</InjectionDate><InjectionHour>13</InjectionHour><InjectionMinute>30</InjectionMinute><MeasuredValue>26.9</MeasuredValue><ReferenceValue>26.8</ReferenceValue></LinearityInjectionData><LinearityInjectionData><InjectionDate>2008-04-21</InjectionDate><InjectionHour>14</InjectionHour><InjectionMinute>15</InjectionMinute><MeasuredValue>27.4</MeasuredValue><ReferenceValue>26.8</ReferenceValue></LinearityInjectionData></LinearitySummaryData></TestSummaryData><TestSummaryData><UnitID>GT1</UnitID><TestTypeCode>RATA</TestTypeCode><MonitoringSystemID>111</MonitoringSystemID><ComponentID></ComponentID><SpanScaleCode></SpanScaleCode><TestNumber>EPA-111-2006</TestNumber><TestReasonCode>QA</TestReasonCode><TestDescription></TestDescription><TestResultCode>PASSED</TestResultCode><BeginDate>2008-06-27</BeginDate><BeginHour>7</BeginHour><BeginMinute>31</BeginMinute><EndDate>2008-06-27</EndDate><EndHour>12</EndHour><EndMinute>12</EndMinute><GracePeriodIndicator>0</GracePeriodIndicator><Year/><Quarter/><TestComment></TestComment><RATAData><NumberOfLoadLevels>1</NumberOfLoadLevels><RelativeAccuracy>5.71</RelativeAccuracy><RATAFrequencyCode></RATAFrequencyCode><OverallBiasAdjustmentFactor>1.034</OverallBiasAdjustmentFactor><RATASummaryData><OperatingLevelCode>H</OperatingLevelCode><AverageGrossUnitLoad>45</AverageGrossUnitLoad><ReferenceMethodCode>7E,3A</ReferenceMethodCode><MeanCEMValue>.033</MeanCEMValue><MeanRATAReferenceValue>.034</MeanRATAReferenceValue><MeanDifference>.001</MeanDifference><StandardDeviationDifference>.001</StandardDeviationDifference><ConfidenceCoefficient>.001</ConfidenceCoefficient><TValue>2.306</TValue><APSIndicator>0</APSIndicator><RelativeAccuracy>5.71</RelativeAccuracy><BiasAdjustmentFactor>1.034</BiasAdjustmentFactor><CO2OrO2ReferenceMethodCode></CO2OrO2ReferenceMethodCode><StackDiameter></StackDiameter><StackArea></StackArea><NumberOfTraversePoints></NumberOfTraversePoints><CalculatedWAF></CalculatedWAF><DefaultWAF></DefaultWAF><RATARunData><RunNumber>1</RunNumber><BeginDate>2008-06-27</BeginDate><BeginHour>7</BeginHour><BeginMinute>31</BeginMinute><EndDate>2008-06-27</EndDate><EndHour>7</EndHour><EndMinute>52</EndMinute><CEMValue>.039</CEMValue><RATAReferenceValue>.041</RATAReferenceValue><GrossUnitLoad>45</GrossUnitLoad><RunStatusCode>RUNUSED</RunStatusCode></RATARunData><RATARunData><RunNumber>2</RunNumber><BeginDate>2008-06-27</BeginDate><BeginHour>8</BeginHour><BeginMinute>2</BeginMinute><EndDate>2008-06-27</EndDate><EndHour>8</EndHour><EndMinute>23</EndMinute><CEMValue>.039</CEMValue><RATAReferenceValue>.039</RATAReferenceValue><GrossUnitLoad>45</GrossUnitLoad><RunStatusCode>RUNUSED</RunStatusCode></RATARunData><RATARunData><RunNumber>3</RunNumber><BeginDate>2008-06-27</BeginDate><BeginHour>8</BeginHour><BeginMinute>31</BeginMinute><EndDate>2008-06-27</EndDate><EndHour>8</EndHour><EndMinute>52</EndMinute><CEMValue>.039</CEMValue><RATAReferenceValue>.04</RATAReferenceValue><GrossUnitLoad>45</GrossUnitLoad><RunStatusCode>RUNUSED</RunStatusCode></RATARunData><RATARunData><RunNumber>4</RunNumber><BeginDate>2008-06-27</BeginDate><BeginHour>9</BeginHour><BeginMinute>2</BeginMinute><EndDate>2008-06-27</EndDate><EndHour>9</EndHour><EndMinute>23</EndMinute><CEMValue>.04</CEMValue><RATAReferenceValue>.039</RATAReferenceValue><GrossUnitLoad>45</GrossUnitLoad><RunStatusCode>RUNUSED</RunStatusCode></RATARunData><RATARunData><RunNumber>5</RunNumber><BeginDate>2008-06-27</BeginDate><BeginHour>9</BeginHour><BeginMinute>30</BeginMinute><EndDate>2008-06-27</EndDate><EndHour>9</EndHour><EndMinute>51</EndMinute><CEMValue>.032</CEMValue><RATAReferenceValue>.036</RATAReferenceValue><GrossUnitLoad>45</GrossUnitLoad><RunStatusCode>NOTUSED</RunStatusCode></RATARunData><RATARunData><RunNumber>6</RunNumber><BeginDate>2008-06-27</BeginDate><BeginHour>9</BeginHour><BeginMinute>59</BeginMinute><EndDate>2008-06-27</EndDate><EndHour>10</EndHour><EndMinute>20</EndMinute><CEMValue>.028</CEMValue><RATAReferenceValue>.03</RATAReferenceValue><GrossUnitLoad>45</GrossUnitLoad><RunStatusCode>RUNUSED</RunStatusCode></RATARunData><RATARunData><RunNumber>7</RunNumber><BeginDate>2008-06-27</BeginDate><BeginHour>10</BeginHour><BeginMinute>27</BeginMinute><EndDate>2008-06-27</EndDate><EndHour>10</EndHour><EndMinute>48</EndMinute><CEMValue>.028</CEMValue><RATAReferenceValue>.029</RATAReferenceValue><GrossUnitLoad>45</GrossUnitLoad><RunStatusCode>RUNUSED</RunStatusCode></RATARunData><RATARunData><RunNumber>8</RunNumber><BeginDate>2008-06-27</BeginDate><BeginHour>10</BeginHour><BeginMinute>55</BeginMinute><EndDate>2008-06-27</EndDate><EndHour>11</EndHour><EndMinute>16</EndMinute><CEMValue>.027</CEMValue><RATAReferenceValue>.028</RATAReferenceValue><GrossUnitLoad>45</GrossUnitLoad><RunStatusCode>RUNUSED</RunStatusCode></RATARunData><RATARunData><RunNumber>9</RunNumber><BeginDate>2008-06-27</BeginDate><BeginHour>11</BeginHour><BeginMinute>24</BeginMinute><EndDate>2008-06-27</EndDate><EndHour>11</EndHour><EndMinute>45</EndMinute><CEMValue>.026</CEMValue><RATAReferenceValue>.028</RATAReferenceValue><GrossUnitLoad>45</GrossUnitLoad><RunStatusCode>RUNUSED</RunStatusCode></RATARunData><RATARunData><RunNumber>10</RunNumber><BeginDate>2008-06-27</BeginDate><BeginHour>11</BeginHour><BeginMinute>51</BeginMinute><EndDate>2008-06-27</EndDate><EndHour>12</EndHour><EndMinute>12</EndMinute><CEMValue>.027</CEMValue><RATAReferenceValue>.029</RATAReferenceValue><GrossUnitLoad>45</GrossUnitLoad><RunStatusCode>RUNUSED</RunStatusCode></RATARunData></RATASummaryData></RATAData></TestSummaryData><TestSummaryData><UnitID>GT1</UnitID><TestTypeCode>PEI</TestTypeCode><MonitoringSystemID></MonitoringSystemID><ComponentID>A13</ComponentID><SpanScaleCode></SpanScaleCode><TestNumber>EPA-A13-15003</TestNumber><TestReasonCode>QA</TestReasonCode><TestDescription></TestDescription><TestResultCode>PASSED</TestResultCode><BeginDate></BeginDate><BeginHour></BeginHour><BeginMinute></BeginMinute><EndDate>2008-05-30</EndDate><EndHour>10</EndHour><EndMinute></EndMinute><GracePeriodIndicator></GracePeriodIndicator><Year/><Quarter/><TestComment></TestComment></TestSummaryData><TestSummaryData><UnitID>GT1</UnitID><TestTypeCode>PEI</TestTypeCode><MonitoringSystemID></MonitoringSystemID><ComponentID>A15</ComponentID><SpanScaleCode></SpanScaleCode><TestNumber>EPA-A15-15003</TestNumber><TestReasonCode>QA</TestReasonCode><TestDescription></TestDescription><TestResultCode>PASSED</TestResultCode><BeginDate></BeginDate><BeginHour></BeginHour><BeginMinute></BeginMinute><EndDate>2008-05-30</EndDate><EndHour>10</EndHour><EndMinute></EndMinute><GracePeriodIndicator></GracePeriodIndicator><Year/><Quarter/><TestComment></TestComment></TestSummaryData><TestSummaryData><UnitID>GT1</UnitID><TestTypeCode>PEI</TestTypeCode><MonitoringSystemID></MonitoringSystemID><ComponentID>A14</ComponentID><SpanScaleCode></SpanScaleCode><TestNumber>EPA-A14-15003</TestNumber><TestReasonCode>QA</TestReasonCode><TestDescription></TestDescription><TestResultCode>PASSED</TestResultCode><BeginDate></BeginDate><BeginHour></BeginHour><BeginMinute></BeginMinute><EndDate>2008-05-30</EndDate><EndHour>10</EndHour><EndMinute></EndMinute><GracePeriodIndicator></GracePeriodIndicator><Year/><Quarter/><TestComment></TestComment></TestSummaryData><TestSummaryData><UnitID>GT1</UnitID><TestTypeCode>LINE</TestTypeCode><MonitoringSystemID></MonitoringSystemID><ComponentID>A12</ComponentID><SpanScaleCode>H</SpanScaleCode><TestNumber>EPA-A12-1020</TestNumber><TestReasonCode>QA</TestReasonCode><TestDescription></TestDescription><TestResultCode>PASSED</TestResultCode><BeginDate>2008-04-21</BeginDate><BeginHour>8</BeginHour><BeginMinute>0</BeginMinute><EndDate>2008-04-21</EndDate><EndHour>10</EndHour><EndMinute>0</EndMinute><GracePeriodIndicator>0</GracePeriodIndicator><Year/><Quarter/><TestComment></TestComment><LinearitySummaryData><GasLevelCode>MID</GasLevelCode><MeanMeasuredValue>13.667</MeanMeasuredValue><MeanReferenceValue>13.5</MeanReferenceValue><PercentError>1.2</PercentError><APSIndicator>0</APSIndicator><LinearityInjectionData><InjectionDate>2008-04-21</InjectionDate><InjectionHour>8</InjectionHour><InjectionMinute>15</InjectionMinute><MeasuredValue>13.6</MeasuredValue><ReferenceValue>13.5</ReferenceValue></LinearityInjectionData><LinearityInjectionData><InjectionDate>2008-04-21</InjectionDate><InjectionHour>9</InjectionHour><InjectionMinute>0</InjectionMinute><MeasuredValue>13.7</MeasuredValue><ReferenceValue>13.5</ReferenceValue></LinearityInjectionData><LinearityInjectionData><InjectionDate>2008-04-21</InjectionDate><InjectionHour>9</InjectionHour><InjectionMinute>45</InjectionMinute><MeasuredValue>13.7</MeasuredValue><ReferenceValue>13.5</ReferenceValue></LinearityInjectionData></LinearitySummaryData><LinearitySummaryData><GasLevelCode>LOW</GasLevelCode><MeanMeasuredValue>6.367</MeanMeasuredValue><MeanReferenceValue>6.3</MeanReferenceValue><PercentError>1.1</PercentError><APSIndicator>0</APSIndicator><LinearityInjectionData><InjectionDate>2008-04-21</InjectionDate><InjectionHour>8</InjectionHour><InjectionMinute>30</InjectionMinute><MeasuredValue>6.3</MeasuredValue><ReferenceValue>6.3</ReferenceValue></LinearityInjectionData><LinearityInjectionData><InjectionDate>2008-04-21</InjectionDate><InjectionHour>9</InjectionHour><InjectionMinute>15</InjectionMinute><MeasuredValue>6.4</MeasuredValue><ReferenceValue>6.3</ReferenceValue></LinearityInjectionData><LinearityInjectionData><InjectionDate>2008-04-21</InjectionDate><InjectionHour>10</InjectionHour><InjectionMinute>0</InjectionMinute><MeasuredValue>6.4</MeasuredValue><ReferenceValue>6.3</ReferenceValue></LinearityInjectionData></LinearitySummaryData><LinearitySummaryData><GasLevelCode>HIGH</GasLevelCode><MeanMeasuredValue>22.5</MeanMeasuredValue><MeanReferenceValue>22.4</MeanReferenceValue><PercentError>.4</PercentError><APSIndicator>0</APSIndicator><LinearityInjectionData><InjectionDate>2008-04-21</InjectionDate><InjectionHour>8</InjectionHour><InjectionMinute>0</InjectionMinute><MeasuredValue>22.4</MeasuredValue><ReferenceValue>22.4</ReferenceValue></LinearityInjectionData><LinearityInjectionData><InjectionDate>2008-04-21</InjectionDate><InjectionHour>8</InjectionHour><InjectionMinute>45</InjectionMinute><MeasuredValue>22.5</MeasuredValue><ReferenceValue>22.4</ReferenceValue></LinearityInjectionData><LinearityInjectionData><InjectionDate>2008-04-21</InjectionDate><InjectionHour>9</InjectionHour><InjectionMinute>30</InjectionMinute><MeasuredValue>22.6</MeasuredValue><ReferenceValue>22.4</ReferenceValue></LinearityInjectionData></LinearitySummaryData></TestSummaryData><TestSummaryData><UnitID>GT1</UnitID><TestTypeCode>FFACCTT</TestTypeCode><MonitoringSystemID></MonitoringSystemID><ComponentID>A13</ComponentID><SpanScaleCode></SpanScaleCode><TestNumber>EPA-A13-11006</TestNumber><TestReasonCode></TestReasonCode><TestDescription></TestDescription><TestResultCode>PASSED</TestResultCode><BeginDate></BeginDate><BeginHour></BeginHour><BeginMinute></BeginMinute><EndDate>2008-05-30</EndDate><EndHour>10</EndHour><EndMinute></EndMinute><GracePeriodIndicator>0</GracePeriodIndicator><Year/><Quarter/><TestComment></TestComment><TransmitterTransducerData><LowLevelAccuracy>0</LowLevelAccuracy><LowLevelAccuracySpecCode>SUM</LowLevelAccuracySpecCode><MidLevelAccuracy>0</MidLevelAccuracy><MidLevelAccuracySpecCode>SUM</MidLevelAccuracySpecCode><HighLevelAccuracy>.1</HighLevelAccuracy><HighLevelAccuracySpecCode>SUM</HighLevelAccuracySpecCode></TransmitterTransducerData></TestSummaryData><TestSummaryData><UnitID>GT1</UnitID><TestTypeCode>PEI</TestTypeCode><MonitoringSystemID></MonitoringSystemID><ComponentID>A13</ComponentID><SpanScaleCode></SpanScaleCode><TestNumber>1</TestNumber><TestReasonCode>QA</TestReasonCode><TestDescription></TestDescription><TestResultCode>PASSED</TestResultCode><BeginDate></BeginDate><BeginHour></BeginHour><BeginMinute></BeginMinute><EndDate>2008-05-30</EndDate><EndHour>20</EndHour><EndMinute>0</EndMinute><GracePeriodIndicator>0</GracePeriodIndicator><Year/><Quarter/><TestComment></TestComment></TestSummaryData><TestSummaryData><UnitID>GT1</UnitID><TestTypeCode>FFACC</TestTypeCode><MonitoringSystemID></MonitoringSystemID><ComponentID>A13</ComponentID><SpanScaleCode></SpanScaleCode><TestNumber>1</TestNumber><TestReasonCode>QA</TestReasonCode><TestDescription></TestDescription><TestResultCode>PASSED</TestResultCode><BeginDate></BeginDate><BeginHour></BeginHour><BeginMinute></BeginMinute><EndDate>2008-05-30</EndDate><EndHour>10</EndHour><EndMinute>0</EndMinute><GracePeriodIndicator></GracePeriodIndicator><Year/><Quarter/><TestComment></TestComment><FuelFlowmeterAccuracyData><AccuracyTestMethodCode>ILMMF</AccuracyTestMethodCode><LowFuelAccuracy>0</LowFuelAccuracy><MidFuelAccuracy>0</MidFuelAccuracy><HighFuelAccuracy>.1</HighFuelAccuracy><ReinstallationDate></ReinstallationDate><ReinstallationHour></ReinstallationHour></FuelFlowmeterAccuracyData></TestSummaryData><TestSummaryData><UnitID>GT1</UnitID><TestTypeCode>FFACCTT</TestTypeCode><MonitoringSystemID></MonitoringSystemID><ComponentID>A14</ComponentID><SpanScaleCode></SpanScaleCode><TestNumber>2</TestNumber><TestReasonCode>QA</TestReasonCode><TestDescription></TestDescription><TestResultCode>PASSED</TestResultCode><BeginDate></BeginDate><BeginHour></BeginHour><BeginMinute></BeginMinute><EndDate>2008-05-30</EndDate><EndHour>10</EndHour><EndMinute>0</EndMinute><GracePeriodIndicator></GracePeriodIndicator><Year/><Quarter/><TestComment></TestComment><TransmitterTransducerData><LowLevelAccuracy>0</LowLevelAccuracy><LowLevelAccuracySpecCode>SUM</LowLevelAccuracySpecCode><MidLevelAccuracy>0</MidLevelAccuracy><MidLevelAccuracySpecCode>SUM</MidLevelAccuracySpecCode><HighLevelAccuracy>.1</HighLevelAccuracy><HighLevelAccuracySpecCode>SUM</HighLevelAccuracySpecCode></TransmitterTransducerData></TestSummaryData><TestSummaryData><UnitID>GT1</UnitID><TestTypeCode>PEI</TestTypeCode><MonitoringSystemID></MonitoringSystemID><ComponentID>A14</ComponentID><SpanScaleCode></SpanScaleCode><TestNumber>2</TestNumber><TestReasonCode>QA</TestReasonCode><TestDescription></TestDescription><TestResultCode>PASSED</TestResultCode><BeginDate></BeginDate><BeginHour></BeginHour><BeginMinute></BeginMinute><EndDate>2008-05-30</EndDate><EndHour>20</EndHour><EndMinute>0</EndMinute><GracePeriodIndicator>0</GracePeriodIndicator><Year/><Quarter/><TestComment></TestComment></TestSummaryData><TestSummaryData><UnitID>GT1</UnitID><TestTypeCode>FFACCTT</TestTypeCode><MonitoringSystemID></MonitoringSystemID><ComponentID>A15</ComponentID><SpanScaleCode></SpanScaleCode><TestNumber>3</TestNumber><TestReasonCode>QA</TestReasonCode><TestDescription></TestDescription><TestResultCode>PASSED</TestResultCode><BeginDate></BeginDate><BeginHour></BeginHour><BeginMinute></BeginMinute><EndDate>2008-05-30</EndDate><EndHour>10</EndHour><EndMinute>0</EndMinute><GracePeriodIndicator></GracePeriodIndicator><Year/><Quarter/><TestComment></TestComment><TransmitterTransducerData><LowLevelAccuracy>0</LowLevelAccuracy><LowLevelAccuracySpecCode>SUM</LowLevelAccuracySpecCode><MidLevelAccuracy>.1</MidLevelAccuracy><MidLevelAccuracySpecCode>SUM</MidLevelAccuracySpecCode><HighLevelAccuracy>0</HighLevelAccuracy><HighLevelAccuracySpecCode>SUM</HighLevelAccuracySpecCode></TransmitterTransducerData></TestSummaryData><TestSummaryData><UnitID>GT1</UnitID><TestTypeCode>PEI</TestTypeCode><MonitoringSystemID></MonitoringSystemID><ComponentID>A15</ComponentID><SpanScaleCode></SpanScaleCode><TestNumber>3</TestNumber><TestReasonCode>QA</TestReasonCode><TestDescription></TestDescription><TestResultCode>PASSED</TestResultCode><BeginDate></BeginDate><BeginHour></BeginHour><BeginMinute></BeginMinute><EndDate>2008-05-30</EndDate><EndHour>20</EndHour><EndMinute>0</EndMinute><GracePeriodIndicator>0</GracePeriodIndicator><Year/><Quarter/><TestComment></TestComment></TestSummaryData></QualityAssuranceAndCert>