<?xml version="1.0" encoding="utf-8"?><QualityAssuranceAndCert xsi:noNamespaceSchemaLocation="http://ecmps.pqa.com/xsd/QualityAssuranceAndCert_v1_0.xsd" xmlns:xsi="http://www.w3.org/2001/XMLSchema-instance"><ORISCode>2516</ORISCode><Version>1.0</Version><TestSummaryData><UnitID>3</UnitID><TestTypeCode>FFACC</TestTypeCode><MonitoringSystemID></MonitoringSystemID><ComponentID>MFB</ComponentID><SpanScaleCode></SpanScaleCode><TestNumber>MFB-00001</TestNumber><TestReasonCode>QA</TestReasonCode><TestDescription></TestDescription><TestResultCode>PASSED</TestResultCode><BeginDate></BeginDate><BeginHour></BeginHour><BeginMinute></BeginMinute><EndDate>2008-06-30</EndDate><EndHour>16</EndHour><EndMinute>0</EndMinute><GracePeriodIndicator></GracePeriodIndicator><Year/><Quarter/><TestComment></TestComment><FuelFlowmeterAccuracyData><AccuracyTestMethodCode>API</AccuracyTestMethodCode><LowFuelAccuracy>.3</LowFuelAccuracy><MidFuelAccuracy>0</MidFuelAccuracy><HighFuelAccuracy>.3</HighFuelAccuracy><ReinstallationDate>2009-01-22</ReinstallationDate><ReinstallationHour>16</ReinstallationHour></FuelFlowmeterAccuracyData></TestSummaryData><TestSummaryData><UnitID>3</UnitID><TestTypeCode>RATA</TestTypeCode><MonitoringSystemID>N3P</MonitoringSystemID><ComponentID></ComponentID><SpanScaleCode></SpanScaleCode><TestNumber>EPA-N3P-2006</TestNumber><TestReasonCode>QA</TestReasonCode><TestDescription></TestDescription><TestResultCode>PASSED</TestResultCode><BeginDate>2008-05-15</BeginDate><BeginHour>7</BeginHour><BeginMinute>27</BeginMinute><EndDate>2008-05-15</EndDate><EndHour>12</EndHour><EndMinute>51</EndMinute><GracePeriodIndicator>0</GracePeriodIndicator><Year/><Quarter/><TestComment></TestComment><RATAData><NumberOfLoadLevels>1</NumberOfLoadLevels><RelativeAccuracy>.73</RelativeAccuracy><RATAFrequencyCode></RATAFrequencyCode><OverallBiasAdjustmentFactor>1</OverallBiasAdjustmentFactor><RATASummaryData><OperatingLevelCode>H</OperatingLevelCode><AverageGrossUnitLoad>335</AverageGrossUnitLoad><ReferenceMethodCode>7E</ReferenceMethodCode><MeanCEMValue>.117</MeanCEMValue><MeanRATAReferenceValue>.117</MeanRATAReferenceValue><MeanDifference>0</MeanDifference><StandardDeviationDifference>.001</StandardDeviationDifference><ConfidenceCoefficient>0</ConfidenceCoefficient><TValue>2.306</TValue><APSIndicator>0</APSIndicator><RelativeAccuracy>.73</RelativeAccuracy><BiasAdjustmentFactor>1</BiasAdjustmentFactor><CO2OrO2ReferenceMethodCode></CO2OrO2ReferenceMethodCode><StackDiameter></StackDiameter><StackArea></StackArea><NumberOfTraversePoints></NumberOfTraversePoints><CalculatedWAF></CalculatedWAF><DefaultWAF></DefaultWAF><RATARunData><RunNumber>1</RunNumber><BeginDate>2008-05-15</BeginDate><BeginHour>7</BeginHour><BeginMinute>27</BeginMinute><EndDate>2008-05-15</EndDate><EndHour>7</EndHour><EndMinute>48</EndMinute><CEMValue>.118</CEMValue><RATAReferenceValue>.117</RATAReferenceValue><GrossUnitLoad>308</GrossUnitLoad><RunStatusCode>RUNUSED</RunStatusCode></RATARunData><RATARunData><RunNumber>2</RunNumber><BeginDate>2008-05-15</BeginDate><BeginHour>7</BeginHour><BeginMinute>59</BeginMinute><EndDate>2008-05-15</EndDate><EndHour>8</EndHour><EndMinute>20</EndMinute><CEMValue>.118</CEMValue><RATAReferenceValue>.118</RATAReferenceValue><GrossUnitLoad>308</GrossUnitLoad><RunStatusCode>RUNUSED</RunStatusCode></RATARunData><RATARunData><RunNumber>3</RunNumber><BeginDate>2008-05-15</BeginDate><BeginHour>8</BeginHour><BeginMinute>34</BeginMinute><EndDate>2008-05-15</EndDate><EndHour>8</EndHour><EndMinute>55</EndMinute><CEMValue>.12</CEMValue><RATAReferenceValue>.119</RATAReferenceValue><GrossUnitLoad>315</GrossUnitLoad><RunStatusCode>RUNUSED</RunStatusCode></RATARunData><RATARunData><RunNumber>4</RunNumber><BeginDate>2008-05-15</BeginDate><BeginHour>9</BeginHour><BeginMinute>5</BeginMinute><EndDate>2008-05-15</EndDate><EndHour>9</EndHour><EndMinute>26</EndMinute><CEMValue>.116</CEMValue><RATAReferenceValue>.116</RATAReferenceValue><GrossUnitLoad>348</GrossUnitLoad><RunStatusCode>RUNUSED</RunStatusCode></RATARunData><RATARunData><RunNumber>5</RunNumber><BeginDate>2008-05-15</BeginDate><BeginHour>9</BeginHour><BeginMinute>45</BeginMinute><EndDate>2008-05-15</EndDate><EndHour>10</EndHour><EndMinute>6</EndMinute><CEMValue>.117</CEMValue><RATAReferenceValue>.116</RATAReferenceValue><GrossUnitLoad>347</GrossUnitLoad><RunStatusCode>RUNUSED</RunStatusCode></RATARunData><RATARunData><RunNumber>6</RunNumber><BeginDate>2008-05-15</BeginDate><BeginHour>10</BeginHour><BeginMinute>17</BeginMinute><EndDate>2008-05-15</EndDate><EndHour>10</EndHour><EndMinute>38</EndMinute><CEMValue>.116</CEMValue><RATAReferenceValue>.116</RATAReferenceValue><GrossUnitLoad>347</GrossUnitLoad><RunStatusCode>RUNUSED</RunStatusCode></RATARunData><RATARunData><RunNumber>7</RunNumber><BeginDate>2008-05-15</BeginDate><BeginHour>10</BeginHour><BeginMinute>50</BeginMinute><EndDate>2008-05-15</EndDate><EndHour>11</EndHour><EndMinute>11</EndMinute><CEMValue>.117</CEMValue><RATAReferenceValue>.116</RATAReferenceValue><GrossUnitLoad>348</GrossUnitLoad><RunStatusCode>RUNUSED</RunStatusCode></RATARunData><RATARunData><RunNumber>8</RunNumber><BeginDate>2008-05-15</BeginDate><BeginHour>11</BeginHour><BeginMinute>23</BeginMinute><EndDate>2008-05-15</EndDate><EndHour>11</EndHour><EndMinute>44</EndMinute><CEMValue>.116</CEMValue><RATAReferenceValue>.116</RATAReferenceValue><GrossUnitLoad>347</GrossUnitLoad><RunStatusCode>RUNUSED</RunStatusCode></RATARunData><RATARunData><RunNumber>9</RunNumber><BeginDate>2008-05-15</BeginDate><BeginHour>12</BeginHour><BeginMinute>30</BeginMinute><EndDate>2008-05-15</EndDate><EndHour>12</EndHour><EndMinute>51</EndMinute><CEMValue>.116</CEMValue><RATAReferenceValue>.116</RATAReferenceValue><GrossUnitLoad>348</GrossUnitLoad><RunStatusCode>RUNUSED</RunStatusCode></RATARunData></RATASummaryData></RATAData></TestSummaryData><TestSummaryData><UnitID>3</UnitID><TestTypeCode>FFACCTT</TestTypeCode><MonitoringSystemID></MonitoringSystemID><ComponentID>GF3</ComponentID><SpanScaleCode></SpanScaleCode><TestNumber>EPA-GF3-11003</TestNumber><TestReasonCode></TestReasonCode><TestDescription></TestDescription><TestResultCode>PASSED</TestResultCode><BeginDate></BeginDate><BeginHour></BeginHour><BeginMinute></BeginMinute><EndDate>2008-04-03</EndDate><EndHour>13</EndHour><EndMinute></EndMinute><GracePeriodIndicator>0</GracePeriodIndicator><Year/><Quarter/><TestComment></TestComment><TransmitterTransducerData><LowLevelAccuracy>.2</LowLevelAccuracy><LowLevelAccuracySpecCode>ACT</LowLevelAccuracySpecCode><MidLevelAccuracy>0</MidLevelAccuracy><MidLevelAccuracySpecCode>ACT</MidLevelAccuracySpecCode><HighLevelAccuracy>.1</HighLevelAccuracy><HighLevelAccuracySpecCode>ACT</HighLevelAccuracySpecCode></TransmitterTransducerData></TestSummaryData><TestSummaryData><UnitID>3</UnitID><TestTypeCode>LINE</TestTypeCode><MonitoringSystemID></MonitoringSystemID><ComponentID>A32</ComponentID><SpanScaleCode>H</SpanScaleCode><TestNumber>EPA-A32-1023</TestNumber><TestReasonCode>QA</TestReasonCode><TestDescription></TestDescription><TestResultCode>PASSED</TestResultCode><BeginDate>2008-05-07</BeginDate><BeginHour>10</BeginHour><BeginMinute>40</BeginMinute><EndDate>2008-05-07</EndDate><EndHour>11</EndHour><EndMinute>34</EndMinute><GracePeriodIndicator>0</GracePeriodIndicator><Year/><Quarter/><TestComment></TestComment><LinearitySummaryData><GasLevelCode>LOW</GasLevelCode><MeanMeasuredValue>5.072</MeanMeasuredValue><MeanReferenceValue>5.032</MeanReferenceValue><PercentError>.8</PercentError><APSIndicator>0</APSIndicator><LinearityInjectionData><InjectionDate>2008-05-07</InjectionDate><InjectionHour>10</InjectionHour><InjectionMinute>40</InjectionMinute><MeasuredValue>5.087</MeasuredValue><ReferenceValue>5.032</ReferenceValue></LinearityInjectionData><LinearityInjectionData><InjectionDate>2008-05-07</InjectionDate><InjectionHour>11</InjectionHour><InjectionMinute>2</InjectionMinute><MeasuredValue>5.08</MeasuredValue><ReferenceValue>5.032</ReferenceValue></LinearityInjectionData><LinearityInjectionData><InjectionDate>2008-05-07</InjectionDate><InjectionHour>11</InjectionHour><InjectionMinute>23</InjectionMinute><MeasuredValue>5.05</MeasuredValue><ReferenceValue>5.032</ReferenceValue></LinearityInjectionData></LinearitySummaryData><LinearitySummaryData><GasLevelCode>MID</GasLevelCode><MeanMeasuredValue>11.206</MeanMeasuredValue><MeanReferenceValue>11.13</MeanReferenceValue><PercentError>.7</PercentError><APSIndicator>0</APSIndicator><LinearityInjectionData><InjectionDate>2008-05-07</InjectionDate><InjectionHour>10</InjectionHour><InjectionMinute>45</InjectionMinute><MeasuredValue>11.24</MeasuredValue><ReferenceValue>11.13</ReferenceValue></LinearityInjectionData><LinearityInjectionData><InjectionDate>2008-05-07</InjectionDate><InjectionHour>11</InjectionHour><InjectionMinute>8</InjectionMinute><MeasuredValue>11.22</MeasuredValue><ReferenceValue>11.13</ReferenceValue></LinearityInjectionData><LinearityInjectionData><InjectionDate>2008-05-07</InjectionDate><InjectionHour>11</InjectionHour><InjectionMinute>29</InjectionMinute><MeasuredValue>11.158</MeasuredValue><ReferenceValue>11.13</ReferenceValue></LinearityInjectionData></LinearitySummaryData><LinearitySummaryData><GasLevelCode>HIGH</GasLevelCode><MeanMeasuredValue>18.172</MeanMeasuredValue><MeanReferenceValue>18.13</MeanReferenceValue><PercentError>.2</PercentError><APSIndicator>0</APSIndicator><LinearityInjectionData><InjectionDate>2008-05-07</InjectionDate><InjectionHour>10</InjectionHour><InjectionMinute>51</InjectionMinute><MeasuredValue>18.22</MeasuredValue><ReferenceValue>18.13</ReferenceValue></LinearityInjectionData><LinearityInjectionData><InjectionDate>2008-05-07</InjectionDate><InjectionHour>11</InjectionHour><InjectionMinute>13</InjectionMinute><MeasuredValue>18.173</MeasuredValue><ReferenceValue>18.13</ReferenceValue></LinearityInjectionData><LinearityInjectionData><InjectionDate>2008-05-07</InjectionDate><InjectionHour>11</InjectionHour><InjectionMinute>34</InjectionMinute><MeasuredValue>18.122</MeasuredValue><ReferenceValue>18.13</ReferenceValue></LinearityInjectionData></LinearitySummaryData></TestSummaryData><TestSummaryData><UnitID>3</UnitID><TestTypeCode>LINE</TestTypeCode><MonitoringSystemID></MonitoringSystemID><ComponentID>B31</ComponentID><SpanScaleCode>H</SpanScaleCode><TestNumber>EPA-B31-1022</TestNumber><TestReasonCode>QA</TestReasonCode><TestDescription></TestDescription><TestResultCode>PASSED</TestResultCode><BeginDate>2008-05-07</BeginDate><BeginHour>10</BeginHour><BeginMinute>40</BeginMinute><EndDate>2008-05-07</EndDate><EndHour>11</EndHour><EndMinute>34</EndMinute><GracePeriodIndicator>0</GracePeriodIndicator><Year/><Quarter/><TestComment></TestComment><LinearitySummaryData><GasLevelCode>LOW</GasLevelCode><MeanMeasuredValue>63.961</MeanMeasuredValue><MeanReferenceValue>64.6</MeanReferenceValue><PercentError>1</PercentError><APSIndicator>0</APSIndicator><LinearityInjectionData><InjectionDate>2008-05-07</InjectionDate><InjectionHour>10</InjectionHour><InjectionMinute>40</InjectionMinute><MeasuredValue>63.817</MeasuredValue><ReferenceValue>64.6</ReferenceValue></LinearityInjectionData><LinearityInjectionData><InjectionDate>2008-05-07</InjectionDate><InjectionHour>11</InjectionHour><InjectionMinute>2</InjectionMinute><MeasuredValue>64.017</MeasuredValue><ReferenceValue>64.6</ReferenceValue></LinearityInjectionData><LinearityInjectionData><InjectionDate>2008-05-07</InjectionDate><InjectionHour>11</InjectionHour><InjectionMinute>23</InjectionMinute><MeasuredValue>64.05</MeasuredValue><ReferenceValue>64.6</ReferenceValue></LinearityInjectionData></LinearitySummaryData><LinearitySummaryData><GasLevelCode>MID</GasLevelCode><MeanMeasuredValue>136</MeanMeasuredValue><MeanReferenceValue>137</MeanReferenceValue><PercentError>.7</PercentError><APSIndicator>0</APSIndicator><LinearityInjectionData><InjectionDate>2008-05-07</InjectionDate><InjectionHour>10</InjectionHour><InjectionMinute>45</InjectionMinute><MeasuredValue>136.117</MeasuredValue><ReferenceValue>137</ReferenceValue></LinearityInjectionData><LinearityInjectionData><InjectionDate>2008-05-07</InjectionDate><InjectionHour>11</InjectionHour><InjectionMinute>8</InjectionMinute><MeasuredValue>136.233</MeasuredValue><ReferenceValue>137</ReferenceValue></LinearityInjectionData><LinearityInjectionData><InjectionDate>2008-05-07</InjectionDate><InjectionHour>11</InjectionHour><InjectionMinute>29</InjectionMinute><MeasuredValue>135.65</MeasuredValue><ReferenceValue>137</ReferenceValue></LinearityInjectionData></LinearitySummaryData><LinearitySummaryData><GasLevelCode>HIGH</GasLevelCode><MeanMeasuredValue>222.811</MeanMeasuredValue><MeanReferenceValue>224.2</MeanReferenceValue><PercentError>.6</PercentError><APSIndicator>0</APSIndicator><LinearityInjectionData><InjectionDate>2008-05-07</InjectionDate><InjectionHour>10</InjectionHour><InjectionMinute>51</InjectionMinute><MeasuredValue>223.167</MeasuredValue><ReferenceValue>224.2</ReferenceValue></LinearityInjectionData><LinearityInjectionData><InjectionDate>2008-05-07</InjectionDate><InjectionHour>11</InjectionHour><InjectionMinute>13</InjectionMinute><MeasuredValue>222.85</MeasuredValue><ReferenceValue>224.2</ReferenceValue></LinearityInjectionData><LinearityInjectionData><InjectionDate>2008-05-07</InjectionDate><InjectionHour>11</InjectionHour><InjectionMinute>34</InjectionMinute><MeasuredValue>222.417</MeasuredValue><ReferenceValue>224.2</ReferenceValue></LinearityInjectionData></LinearitySummaryData></TestSummaryData><TestSummaryData><UnitID>3</UnitID><TestTypeCode>LINE</TestTypeCode><MonitoringSystemID></MonitoringSystemID><ComponentID>B32</ComponentID><SpanScaleCode>H</SpanScaleCode><TestNumber>EPA-B32-1022</TestNumber><TestReasonCode>QA</TestReasonCode><TestDescription></TestDescription><TestResultCode>PASSED</TestResultCode><BeginDate>2008-05-07</BeginDate><BeginHour>10</BeginHour><BeginMinute>40</BeginMinute><EndDate>2008-05-07</EndDate><EndHour>11</EndHour><EndMinute>34</EndMinute><GracePeriodIndicator>0</GracePeriodIndicator><Year/><Quarter/><TestComment></TestComment><LinearitySummaryData><GasLevelCode>LOW</GasLevelCode><MeanMeasuredValue>4.961</MeanMeasuredValue><MeanReferenceValue>5.032</MeanReferenceValue><PercentError>1.4</PercentError><APSIndicator>0</APSIndicator><LinearityInjectionData><InjectionDate>2008-05-07</InjectionDate><InjectionHour>10</InjectionHour><InjectionMinute>40</InjectionMinute><MeasuredValue>4.955</MeasuredValue><ReferenceValue>5.032</ReferenceValue></LinearityInjectionData><LinearityInjectionData><InjectionDate>2008-05-07</InjectionDate><InjectionHour>11</InjectionHour><InjectionMinute>2</InjectionMinute><MeasuredValue>4.967</MeasuredValue><ReferenceValue>5.032</ReferenceValue></LinearityInjectionData><LinearityInjectionData><InjectionDate>2008-05-07</InjectionDate><InjectionHour>11</InjectionHour><InjectionMinute>23</InjectionMinute><MeasuredValue>4.962</MeasuredValue><ReferenceValue>5.032</ReferenceValue></LinearityInjectionData></LinearitySummaryData><LinearitySummaryData><GasLevelCode>MID</GasLevelCode><MeanMeasuredValue>11.099</MeanMeasuredValue><MeanReferenceValue>11.13</MeanReferenceValue><PercentError>.3</PercentError><APSIndicator>0</APSIndicator><LinearityInjectionData><InjectionDate>2008-05-07</InjectionDate><InjectionHour>10</InjectionHour><InjectionMinute>45</InjectionMinute><MeasuredValue>11.108</MeasuredValue><ReferenceValue>11.13</ReferenceValue></LinearityInjectionData><LinearityInjectionData><InjectionDate>2008-05-07</InjectionDate><InjectionHour>11</InjectionHour><InjectionMinute>8</InjectionMinute><MeasuredValue>11.102</MeasuredValue><ReferenceValue>11.13</ReferenceValue></LinearityInjectionData><LinearityInjectionData><InjectionDate>2008-05-07</InjectionDate><InjectionHour>11</InjectionHour><InjectionMinute>29</InjectionMinute><MeasuredValue>11.088</MeasuredValue><ReferenceValue>11.13</ReferenceValue></LinearityInjectionData></LinearitySummaryData><LinearitySummaryData><GasLevelCode>HIGH</GasLevelCode><MeanMeasuredValue>18.078</MeanMeasuredValue><MeanReferenceValue>18.13</MeanReferenceValue><PercentError>.3</PercentError><APSIndicator>0</APSIndicator><LinearityInjectionData><InjectionDate>2008-05-07</InjectionDate><InjectionHour>10</InjectionHour><InjectionMinute>51</InjectionMinute><MeasuredValue>18.093</MeasuredValue><ReferenceValue>18.13</ReferenceValue></LinearityInjectionData><LinearityInjectionData><InjectionDate>2008-05-07</InjectionDate><InjectionHour>11</InjectionHour><InjectionMinute>13</InjectionMinute><MeasuredValue>18.077</MeasuredValue><ReferenceValue>18.13</ReferenceValue></LinearityInjectionData><LinearityInjectionData><InjectionDate>2008-05-07</InjectionDate><InjectionHour>11</InjectionHour><InjectionMinute>34</InjectionMinute><MeasuredValue>18.065</MeasuredValue><ReferenceValue>18.13</ReferenceValue></LinearityInjectionData></LinearitySummaryData></TestSummaryData><TestSummaryData><UnitID>3</UnitID><TestTypeCode>LINE</TestTypeCode><MonitoringSystemID></MonitoringSystemID><ComponentID>A31</ComponentID><SpanScaleCode>H</SpanScaleCode><TestNumber>EPA-A31-1023</TestNumber><TestReasonCode>QA</TestReasonCode><TestDescription></TestDescription><TestResultCode>PASSED</TestResultCode><BeginDate>2008-05-07</BeginDate><BeginHour>10</BeginHour><BeginMinute>40</BeginMinute><EndDate>2008-05-07</EndDate><EndHour>11</EndHour><EndMinute>34</EndMinute><GracePeriodIndicator>0</GracePeriodIndicator><Year/><Quarter/><TestComment></TestComment><LinearitySummaryData><GasLevelCode>LOW</GasLevelCode><MeanMeasuredValue>63.995</MeanMeasuredValue><MeanReferenceValue>64.6</MeanReferenceValue><PercentError>.9</PercentError><APSIndicator>0</APSIndicator><LinearityInjectionData><InjectionDate>2008-05-07</InjectionDate><InjectionHour>10</InjectionHour><InjectionMinute>40</InjectionMinute><MeasuredValue>64.15</MeasuredValue><ReferenceValue>64.6</ReferenceValue></LinearityInjectionData><LinearityInjectionData><InjectionDate>2008-05-07</InjectionDate><InjectionHour>11</InjectionHour><InjectionMinute>2</InjectionMinute><MeasuredValue>64.017</MeasuredValue><ReferenceValue>64.6</ReferenceValue></LinearityInjectionData><LinearityInjectionData><InjectionDate>2008-05-07</InjectionDate><InjectionHour>11</InjectionHour><InjectionMinute>23</InjectionMinute><MeasuredValue>63.817</MeasuredValue><ReferenceValue>64.6</ReferenceValue></LinearityInjectionData></LinearitySummaryData><LinearitySummaryData><GasLevelCode>MID</GasLevelCode><MeanMeasuredValue>136.528</MeanMeasuredValue><MeanReferenceValue>137</MeanReferenceValue><PercentError>.3</PercentError><APSIndicator>0</APSIndicator><LinearityInjectionData><InjectionDate>2008-05-07</InjectionDate><InjectionHour>10</InjectionHour><InjectionMinute>45</InjectionMinute><MeasuredValue>136.9</MeasuredValue><ReferenceValue>137</ReferenceValue></LinearityInjectionData><LinearityInjectionData><InjectionDate>2008-05-07</InjectionDate><InjectionHour>11</InjectionHour><InjectionMinute>8</InjectionMinute><MeasuredValue>136.7</MeasuredValue><ReferenceValue>137</ReferenceValue></LinearityInjectionData><LinearityInjectionData><InjectionDate>2008-05-07</InjectionDate><InjectionHour>11</InjectionHour><InjectionMinute>29</InjectionMinute><MeasuredValue>135.983</MeasuredValue><ReferenceValue>137</ReferenceValue></LinearityInjectionData></LinearitySummaryData><LinearitySummaryData><GasLevelCode>HIGH</GasLevelCode><MeanMeasuredValue>224.006</MeanMeasuredValue><MeanReferenceValue>224.2</MeanReferenceValue><PercentError>.1</PercentError><APSIndicator>0</APSIndicator><LinearityInjectionData><InjectionDate>2008-05-07</InjectionDate><InjectionHour>10</InjectionHour><InjectionMinute>51</InjectionMinute><MeasuredValue>224.633</MeasuredValue><ReferenceValue>224.2</ReferenceValue></LinearityInjectionData><LinearityInjectionData><InjectionDate>2008-05-07</InjectionDate><InjectionHour>11</InjectionHour><InjectionMinute>13</InjectionMinute><MeasuredValue>224.017</MeasuredValue><ReferenceValue>224.2</ReferenceValue></LinearityInjectionData><LinearityInjectionData><InjectionDate>2008-05-07</InjectionDate><InjectionHour>11</InjectionHour><InjectionMinute>34</InjectionMinute><MeasuredValue>223.367</MeasuredValue><ReferenceValue>224.2</ReferenceValue></LinearityInjectionData></LinearitySummaryData></TestSummaryData><TestSummaryData><UnitID>3</UnitID><TestTypeCode>RATA</TestTypeCode><MonitoringSystemID>N3B</MonitoringSystemID><ComponentID></ComponentID><SpanScaleCode></SpanScaleCode><TestNumber>EPA-N3B-2006</TestNumber><TestReasonCode>QA</TestReasonCode><TestDescription></TestDescription><TestResultCode>PASSED</TestResultCode><BeginDate>2008-05-15</BeginDate><BeginHour>7</BeginHour><BeginMinute>27</BeginMinute><EndDate>2008-05-15</EndDate><EndHour>12</EndHour><EndMinute>51</EndMinute><GracePeriodIndicator>0</GracePeriodIndicator><Year/><Quarter/><TestComment></TestComment><RATAData><NumberOfLoadLevels>1</NumberOfLoadLevels><RelativeAccuracy>.74</RelativeAccuracy><RATAFrequencyCode></RATAFrequencyCode><OverallBiasAdjustmentFactor>1</OverallBiasAdjustmentFactor><RATASummaryData><OperatingLevelCode>H</OperatingLevelCode><AverageGrossUnitLoad>335</AverageGrossUnitLoad><ReferenceMethodCode>7E</ReferenceMethodCode><MeanCEMValue>.125</MeanCEMValue><MeanRATAReferenceValue>.125</MeanRATAReferenceValue><MeanDifference>0</MeanDifference><StandardDeviationDifference>.001</StandardDeviationDifference><ConfidenceCoefficient>.001</ConfidenceCoefficient><TValue>2.306</TValue><APSIndicator>0</APSIndicator><RelativeAccuracy>.74</RelativeAccuracy><BiasAdjustmentFactor>1</BiasAdjustmentFactor><CO2OrO2ReferenceMethodCode></CO2OrO2ReferenceMethodCode><StackDiameter></StackDiameter><StackArea></StackArea><NumberOfTraversePoints></NumberOfTraversePoints><CalculatedWAF></CalculatedWAF><DefaultWAF></DefaultWAF><RATARunData><RunNumber>1</RunNumber><BeginDate>2008-05-15</BeginDate><BeginHour>7</BeginHour><BeginMinute>27</BeginMinute><EndDate>2008-05-15</EndDate><EndHour>7</EndHour><EndMinute>48</EndMinute><CEMValue>.126</CEMValue><RATAReferenceValue>.126</RATAReferenceValue><GrossUnitLoad>308</GrossUnitLoad><RunStatusCode>RUNUSED</RunStatusCode></RATARunData><RATARunData><RunNumber>2</RunNumber><BeginDate>2008-05-15</BeginDate><BeginHour>7</BeginHour><BeginMinute>59</BeginMinute><EndDate>2008-05-15</EndDate><EndHour>8</EndHour><EndMinute>20</EndMinute><CEMValue>.126</CEMValue><RATAReferenceValue>.125</RATAReferenceValue><GrossUnitLoad>308</GrossUnitLoad><RunStatusCode>RUNUSED</RunStatusCode></RATARunData><RATARunData><RunNumber>3</RunNumber><BeginDate>2008-05-15</BeginDate><BeginHour>8</BeginHour><BeginMinute>34</BeginMinute><EndDate>2008-05-15</EndDate><EndHour>8</EndHour><EndMinute>55</EndMinute><CEMValue>.129</CEMValue><RATAReferenceValue>.127</RATAReferenceValue><GrossUnitLoad>315</GrossUnitLoad><RunStatusCode>RUNUSED</RunStatusCode></RATARunData><RATARunData><RunNumber>4</RunNumber><BeginDate>2008-05-15</BeginDate><BeginHour>9</BeginHour><BeginMinute>5</BeginMinute><EndDate>2008-05-15</EndDate><EndHour>9</EndHour><EndMinute>26</EndMinute><CEMValue>.123</CEMValue><RATAReferenceValue>.123</RATAReferenceValue><GrossUnitLoad>348</GrossUnitLoad><RunStatusCode>RUNUSED</RunStatusCode></RATARunData><RATARunData><RunNumber>5</RunNumber><BeginDate>2008-05-15</BeginDate><BeginHour>9</BeginHour><BeginMinute>45</BeginMinute><EndDate>2008-05-15</EndDate><EndHour>10</EndHour><EndMinute>6</EndMinute><CEMValue>.124</CEMValue><RATAReferenceValue>.123</RATAReferenceValue><GrossUnitLoad>347</GrossUnitLoad><RunStatusCode>RUNUSED</RunStatusCode></RATARunData><RATARunData><RunNumber>6</RunNumber><BeginDate>2008-05-15</BeginDate><BeginHour>10</BeginHour><BeginMinute>17</BeginMinute><EndDate>2008-05-15</EndDate><EndHour>10</EndHour><EndMinute>38</EndMinute><CEMValue>.123</CEMValue><RATAReferenceValue>.124</RATAReferenceValue><GrossUnitLoad>347</GrossUnitLoad><RunStatusCode>RUNUSED</RunStatusCode></RATARunData><RATARunData><RunNumber>7</RunNumber><BeginDate>2008-05-15</BeginDate><BeginHour>10</BeginHour><BeginMinute>50</BeginMinute><EndDate>2008-05-15</EndDate><EndHour>11</EndHour><EndMinute>11</EndMinute><CEMValue>.124</CEMValue><RATAReferenceValue>.124</RATAReferenceValue><GrossUnitLoad>348</GrossUnitLoad><RunStatusCode>RUNUSED</RunStatusCode></RATARunData><RATARunData><RunNumber>8</RunNumber><BeginDate>2008-05-15</BeginDate><BeginHour>11</BeginHour><BeginMinute>23</BeginMinute><EndDate>2008-05-15</EndDate><EndHour>11</EndHour><EndMinute>44</EndMinute><CEMValue>.124</CEMValue><RATAReferenceValue>.125</RATAReferenceValue><GrossUnitLoad>347</GrossUnitLoad><RunStatusCode>RUNUSED</RunStatusCode></RATARunData><RATARunData><RunNumber>9</RunNumber><BeginDate>2008-05-15</BeginDate><BeginHour>12</BeginHour><BeginMinute>30</BeginMinute><EndDate>2008-05-15</EndDate><EndHour>12</EndHour><EndMinute>51</EndMinute><CEMValue>.123</CEMValue><RATAReferenceValue>.124</RATAReferenceValue><GrossUnitLoad>348</GrossUnitLoad><RunStatusCode>RUNUSED</RunStatusCode></RATARunData></RATASummaryData></RATAData></TestSummaryData></QualityAssuranceAndCert>