<?xml version="1.0" encoding="utf-8"?><QualityAssuranceAndCert xsi:noNamespaceSchemaLocation="http://ecmps.pqa.com/xsd/QualityAssuranceAndCert_v1_0.xsd" xmlns:xsi="http://www.w3.org/2001/XMLSchema-instance"><ORISCode>2516</ORISCode><Version>1.0</Version><TestSummaryData><UnitID>4</UnitID><TestTypeCode>FFACC</TestTypeCode><MonitoringSystemID></MonitoringSystemID><ComponentID>MF4</ComponentID><SpanScaleCode></SpanScaleCode><TestNumber>MF4-00001</TestNumber><TestReasonCode>QA</TestReasonCode><TestDescription></TestDescription><TestResultCode>PASSED</TestResultCode><BeginDate></BeginDate><BeginHour></BeginHour><BeginMinute></BeginMinute><EndDate>2008-06-06</EndDate><EndHour>16</EndHour><EndMinute>0</EndMinute><GracePeriodIndicator></GracePeriodIndicator><Year/><Quarter/><TestComment></TestComment><FuelFlowmeterAccuracyData><AccuracyTestMethodCode>LCRM</AccuracyTestMethodCode><LowFuelAccuracy>.3</LowFuelAccuracy><MidFuelAccuracy>0</MidFuelAccuracy><HighFuelAccuracy>.2</HighFuelAccuracy><ReinstallationDate>2009-03-19</ReinstallationDate><ReinstallationHour>16</ReinstallationHour></FuelFlowmeterAccuracyData></TestSummaryData><TestSummaryData><UnitID>4</UnitID><TestTypeCode>LINE</TestTypeCode><MonitoringSystemID></MonitoringSystemID><ComponentID>B42</ComponentID><SpanScaleCode>H</SpanScaleCode><TestNumber>EPA-B42-1022</TestNumber><TestReasonCode>QA</TestReasonCode><TestDescription></TestDescription><TestResultCode>PASSAPS</TestResultCode><BeginDate>2008-04-09</BeginDate><BeginHour>16</BeginHour><BeginMinute>45</BeginMinute><EndDate>2008-04-09</EndDate><EndHour>17</EndHour><EndMinute>42</EndMinute><GracePeriodIndicator>0</GracePeriodIndicator><Year/><Quarter/><TestComment></TestComment><LinearitySummaryData><GasLevelCode>LOW</GasLevelCode><MeanMeasuredValue>5.363</MeanMeasuredValue><MeanReferenceValue>5.007</MeanReferenceValue><PercentError>.4</PercentError><APSIndicator>1</APSIndicator><LinearityInjectionData><InjectionDate>2008-04-09</InjectionDate><InjectionHour>16</InjectionHour><InjectionMinute>45</InjectionMinute><MeasuredValue>5.365</MeasuredValue><ReferenceValue>5.007</ReferenceValue></LinearityInjectionData><LinearityInjectionData><InjectionDate>2008-04-09</InjectionDate><InjectionHour>17</InjectionHour><InjectionMinute>8</InjectionMinute><MeasuredValue>5.363</MeasuredValue><ReferenceValue>5.007</ReferenceValue></LinearityInjectionData><LinearityInjectionData><InjectionDate>2008-04-09</InjectionDate><InjectionHour>17</InjectionHour><InjectionMinute>31</InjectionMinute><MeasuredValue>5.36</MeasuredValue><ReferenceValue>5.007</ReferenceValue></LinearityInjectionData></LinearitySummaryData><LinearitySummaryData><GasLevelCode>MID</GasLevelCode><MeanMeasuredValue>11.42</MeanMeasuredValue><MeanReferenceValue>10.99</MeanReferenceValue><PercentError>3.9</PercentError><APSIndicator>0</APSIndicator><LinearityInjectionData><InjectionDate>2008-04-09</InjectionDate><InjectionHour>16</InjectionHour><InjectionMinute>50</InjectionMinute><MeasuredValue>11.402</MeasuredValue><ReferenceValue>10.99</ReferenceValue></LinearityInjectionData><LinearityInjectionData><InjectionDate>2008-04-09</InjectionDate><InjectionHour>17</InjectionHour><InjectionMinute>13</InjectionMinute><MeasuredValue>11.437</MeasuredValue><ReferenceValue>10.99</ReferenceValue></LinearityInjectionData><LinearityInjectionData><InjectionDate>2008-04-09</InjectionDate><InjectionHour>17</InjectionHour><InjectionMinute>37</InjectionMinute><MeasuredValue>11.422</MeasuredValue><ReferenceValue>10.99</ReferenceValue></LinearityInjectionData></LinearitySummaryData><LinearitySummaryData><GasLevelCode>HIGH</GasLevelCode><MeanMeasuredValue>18.315</MeanMeasuredValue><MeanReferenceValue>18.18</MeanReferenceValue><PercentError>.7</PercentError><APSIndicator>0</APSIndicator><LinearityInjectionData><InjectionDate>2008-04-09</InjectionDate><InjectionHour>16</InjectionHour><InjectionMinute>56</InjectionMinute><MeasuredValue>18.28</MeasuredValue><ReferenceValue>18.18</ReferenceValue></LinearityInjectionData><LinearityInjectionData><InjectionDate>2008-04-09</InjectionDate><InjectionHour>17</InjectionHour><InjectionMinute>19</InjectionMinute><MeasuredValue>18.347</MeasuredValue><ReferenceValue>18.18</ReferenceValue></LinearityInjectionData><LinearityInjectionData><InjectionDate>2008-04-09</InjectionDate><InjectionHour>17</InjectionHour><InjectionMinute>42</InjectionMinute><MeasuredValue>18.317</MeasuredValue><ReferenceValue>18.18</ReferenceValue></LinearityInjectionData></LinearitySummaryData></TestSummaryData><TestSummaryData><UnitID>4</UnitID><TestTypeCode>LINE</TestTypeCode><MonitoringSystemID></MonitoringSystemID><ComponentID>A41</ComponentID><SpanScaleCode>H</SpanScaleCode><TestNumber>EPA-A41-1021</TestNumber><TestReasonCode>QA</TestReasonCode><TestDescription></TestDescription><TestResultCode>PASSED</TestResultCode><BeginDate>2008-04-09</BeginDate><BeginHour>16</BeginHour><BeginMinute>45</BeginMinute><EndDate>2008-04-09</EndDate><EndHour>17</EndHour><EndMinute>42</EndMinute><GracePeriodIndicator>0</GracePeriodIndicator><Year/><Quarter/><TestComment></TestComment><LinearitySummaryData><GasLevelCode>LOW</GasLevelCode><MeanMeasuredValue>64.156</MeanMeasuredValue><MeanReferenceValue>64.3</MeanReferenceValue><PercentError>.2</PercentError><APSIndicator>0</APSIndicator><LinearityInjectionData><InjectionDate>2008-04-09</InjectionDate><InjectionHour>16</InjectionHour><InjectionMinute>45</InjectionMinute><MeasuredValue>63.85</MeasuredValue><ReferenceValue>64.3</ReferenceValue></LinearityInjectionData><LinearityInjectionData><InjectionDate>2008-04-09</InjectionDate><InjectionHour>17</InjectionHour><InjectionMinute>8</InjectionMinute><MeasuredValue>64.3</MeasuredValue><ReferenceValue>64.3</ReferenceValue></LinearityInjectionData><LinearityInjectionData><InjectionDate>2008-04-09</InjectionDate><InjectionHour>17</InjectionHour><InjectionMinute>31</InjectionMinute><MeasuredValue>64.317</MeasuredValue><ReferenceValue>64.3</ReferenceValue></LinearityInjectionData></LinearitySummaryData><LinearitySummaryData><GasLevelCode>MID</GasLevelCode><MeanMeasuredValue>134.305</MeanMeasuredValue><MeanReferenceValue>132</MeanReferenceValue><PercentError>1.7</PercentError><APSIndicator>0</APSIndicator><LinearityInjectionData><InjectionDate>2008-04-09</InjectionDate><InjectionHour>16</InjectionHour><InjectionMinute>50</InjectionMinute><MeasuredValue>133.583</MeasuredValue><ReferenceValue>132</ReferenceValue></LinearityInjectionData><LinearityInjectionData><InjectionDate>2008-04-09</InjectionDate><InjectionHour>17</InjectionHour><InjectionMinute>13</InjectionMinute><MeasuredValue>135.15</MeasuredValue><ReferenceValue>132</ReferenceValue></LinearityInjectionData><LinearityInjectionData><InjectionDate>2008-04-09</InjectionDate><InjectionHour>17</InjectionHour><InjectionMinute>37</InjectionMinute><MeasuredValue>134.183</MeasuredValue><ReferenceValue>132</ReferenceValue></LinearityInjectionData></LinearitySummaryData><LinearitySummaryData><GasLevelCode>HIGH</GasLevelCode><MeanMeasuredValue>229.711</MeanMeasuredValue><MeanReferenceValue>223.2</MeanReferenceValue><PercentError>2.9</PercentError><APSIndicator>0</APSIndicator><LinearityInjectionData><InjectionDate>2008-04-09</InjectionDate><InjectionHour>16</InjectionHour><InjectionMinute>56</InjectionMinute><MeasuredValue>227.55</MeasuredValue><ReferenceValue>223.2</ReferenceValue></LinearityInjectionData><LinearityInjectionData><InjectionDate>2008-04-09</InjectionDate><InjectionHour>17</InjectionHour><InjectionMinute>19</InjectionMinute><MeasuredValue>231.767</MeasuredValue><ReferenceValue>223.2</ReferenceValue></LinearityInjectionData><LinearityInjectionData><InjectionDate>2008-04-09</InjectionDate><InjectionHour>17</InjectionHour><InjectionMinute>42</InjectionMinute><MeasuredValue>229.817</MeasuredValue><ReferenceValue>223.2</ReferenceValue></LinearityInjectionData></LinearitySummaryData></TestSummaryData><TestSummaryData><UnitID>4</UnitID><TestTypeCode>LINE</TestTypeCode><MonitoringSystemID></MonitoringSystemID><ComponentID>A42</ComponentID><SpanScaleCode>H</SpanScaleCode><TestNumber>EPA-A42-1021</TestNumber><TestReasonCode>QA</TestReasonCode><TestDescription></TestDescription><TestResultCode>PASSED</TestResultCode><BeginDate>2008-04-09</BeginDate><BeginHour>16</BeginHour><BeginMinute>45</BeginMinute><EndDate>2008-04-09</EndDate><EndHour>17</EndHour><EndMinute>42</EndMinute><GracePeriodIndicator>0</GracePeriodIndicator><Year/><Quarter/><TestComment></TestComment><LinearitySummaryData><GasLevelCode>LOW</GasLevelCode><MeanMeasuredValue>5.092</MeanMeasuredValue><MeanReferenceValue>5.007</MeanReferenceValue><PercentError>1.7</PercentError><APSIndicator>0</APSIndicator><LinearityInjectionData><InjectionDate>2008-04-09</InjectionDate><InjectionHour>16</InjectionHour><InjectionMinute>45</InjectionMinute><MeasuredValue>5.1</MeasuredValue><ReferenceValue>5.007</ReferenceValue></LinearityInjectionData><LinearityInjectionData><InjectionDate>2008-04-09</InjectionDate><InjectionHour>17</InjectionHour><InjectionMinute>8</InjectionMinute><MeasuredValue>5.098</MeasuredValue><ReferenceValue>5.007</ReferenceValue></LinearityInjectionData><LinearityInjectionData><InjectionDate>2008-04-09</InjectionDate><InjectionHour>17</InjectionHour><InjectionMinute>31</InjectionMinute><MeasuredValue>5.078</MeasuredValue><ReferenceValue>5.007</ReferenceValue></LinearityInjectionData></LinearitySummaryData><LinearitySummaryData><GasLevelCode>MID</GasLevelCode><MeanMeasuredValue>11.195</MeanMeasuredValue><MeanReferenceValue>10.99</MeanReferenceValue><PercentError>1.9</PercentError><APSIndicator>0</APSIndicator><LinearityInjectionData><InjectionDate>2008-04-09</InjectionDate><InjectionHour>16</InjectionHour><InjectionMinute>50</InjectionMinute><MeasuredValue>11.172</MeasuredValue><ReferenceValue>10.99</ReferenceValue></LinearityInjectionData><LinearityInjectionData><InjectionDate>2008-04-09</InjectionDate><InjectionHour>17</InjectionHour><InjectionMinute>13</InjectionMinute><MeasuredValue>11.232</MeasuredValue><ReferenceValue>10.99</ReferenceValue></LinearityInjectionData><LinearityInjectionData><InjectionDate>2008-04-09</InjectionDate><InjectionHour>17</InjectionHour><InjectionMinute>37</InjectionMinute><MeasuredValue>11.18</MeasuredValue><ReferenceValue>10.99</ReferenceValue></LinearityInjectionData></LinearitySummaryData><LinearitySummaryData><GasLevelCode>HIGH</GasLevelCode><MeanMeasuredValue>18.512</MeanMeasuredValue><MeanReferenceValue>18.18</MeanReferenceValue><PercentError>1.8</PercentError><APSIndicator>0</APSIndicator><LinearityInjectionData><InjectionDate>2008-04-09</InjectionDate><InjectionHour>16</InjectionHour><InjectionMinute>56</InjectionMinute><MeasuredValue>18.495</MeasuredValue><ReferenceValue>18.18</ReferenceValue></LinearityInjectionData><LinearityInjectionData><InjectionDate>2008-04-09</InjectionDate><InjectionHour>17</InjectionHour><InjectionMinute>19</InjectionMinute><MeasuredValue>18.553</MeasuredValue><ReferenceValue>18.18</ReferenceValue></LinearityInjectionData><LinearityInjectionData><InjectionDate>2008-04-09</InjectionDate><InjectionHour>17</InjectionHour><InjectionMinute>42</InjectionMinute><MeasuredValue>18.488</MeasuredValue><ReferenceValue>18.18</ReferenceValue></LinearityInjectionData></LinearitySummaryData></TestSummaryData><TestSummaryData><UnitID>4</UnitID><TestTypeCode>RATA</TestTypeCode><MonitoringSystemID>N4P</MonitoringSystemID><ComponentID></ComponentID><SpanScaleCode></SpanScaleCode><TestNumber>EPA-N4P-2006</TestNumber><TestReasonCode>QA</TestReasonCode><TestDescription></TestDescription><TestResultCode>PASSED</TestResultCode><BeginDate>2008-04-10</BeginDate><BeginHour>6</BeginHour><BeginMinute>41</BeginMinute><EndDate>2008-04-10</EndDate><EndHour>11</EndHour><EndMinute>29</EndMinute><GracePeriodIndicator>0</GracePeriodIndicator><Year/><Quarter/><TestComment></TestComment><RATAData><NumberOfLoadLevels>1</NumberOfLoadLevels><RelativeAccuracy>1.25</RelativeAccuracy><RATAFrequencyCode></RATAFrequencyCode><OverallBiasAdjustmentFactor>1.007</OverallBiasAdjustmentFactor><RATASummaryData><OperatingLevelCode>H</OperatingLevelCode><AverageGrossUnitLoad>361</AverageGrossUnitLoad><ReferenceMethodCode>7E</ReferenceMethodCode><MeanCEMValue>.166</MeanCEMValue><MeanRATAReferenceValue>.167</MeanRATAReferenceValue><MeanDifference>.001</MeanDifference><StandardDeviationDifference>.001</StandardDeviationDifference><ConfidenceCoefficient>.001</ConfidenceCoefficient><TValue>2.306</TValue><APSIndicator>0</APSIndicator><RelativeAccuracy>1.25</RelativeAccuracy><BiasAdjustmentFactor>1.007</BiasAdjustmentFactor><CO2OrO2ReferenceMethodCode></CO2OrO2ReferenceMethodCode><StackDiameter></StackDiameter><StackArea></StackArea><NumberOfTraversePoints></NumberOfTraversePoints><CalculatedWAF></CalculatedWAF><DefaultWAF></DefaultWAF><RATARunData><RunNumber>1</RunNumber><BeginDate>2008-04-10</BeginDate><BeginHour>6</BeginHour><BeginMinute>41</BeginMinute><EndDate>2008-04-10</EndDate><EndHour>7</EndHour><EndMinute>2</EndMinute><CEMValue>.172</CEMValue><RATAReferenceValue>.17</RATAReferenceValue><GrossUnitLoad>361</GrossUnitLoad><RunStatusCode>RUNUSED</RunStatusCode></RATARunData><RATARunData><RunNumber>2</RunNumber><BeginDate>2008-04-10</BeginDate><BeginHour>7</BeginHour><BeginMinute>15</BeginMinute><EndDate>2008-04-10</EndDate><EndHour>7</EndHour><EndMinute>36</EndMinute><CEMValue>.168</CEMValue><RATAReferenceValue>.169</RATAReferenceValue><GrossUnitLoad>360</GrossUnitLoad><RunStatusCode>RUNUSED</RunStatusCode></RATARunData><RATARunData><RunNumber>3</RunNumber><BeginDate>2008-04-10</BeginDate><BeginHour>7</BeginHour><BeginMinute>49</BeginMinute><EndDate>2008-04-10</EndDate><EndHour>8</EndHour><EndMinute>10</EndMinute><CEMValue>.169</CEMValue><RATAReferenceValue>.17</RATAReferenceValue><GrossUnitLoad>360</GrossUnitLoad><RunStatusCode>RUNUSED</RunStatusCode></RATARunData><RATARunData><RunNumber>4</RunNumber><BeginDate>2008-04-10</BeginDate><BeginHour>8</BeginHour><BeginMinute>23</BeginMinute><EndDate>2008-04-10</EndDate><EndHour>8</EndHour><EndMinute>44</EndMinute><CEMValue>.17</CEMValue><RATAReferenceValue>.171</RATAReferenceValue><GrossUnitLoad>362</GrossUnitLoad><RunStatusCode>RUNUSED</RunStatusCode></RATARunData><RATARunData><RunNumber>5</RunNumber><BeginDate>2008-04-10</BeginDate><BeginHour>9</BeginHour><BeginMinute>0</BeginMinute><EndDate>2008-04-10</EndDate><EndHour>9</EndHour><EndMinute>21</EndMinute><CEMValue>.166</CEMValue><RATAReferenceValue>.167</RATAReferenceValue><GrossUnitLoad>362</GrossUnitLoad><RunStatusCode>RUNUSED</RunStatusCode></RATARunData><RATARunData><RunNumber>6</RunNumber><BeginDate>2008-04-10</BeginDate><BeginHour>9</BeginHour><BeginMinute>33</BeginMinute><EndDate>2008-04-10</EndDate><EndHour>9</EndHour><EndMinute>54</EndMinute><CEMValue>.166</CEMValue><RATAReferenceValue>.168</RATAReferenceValue><GrossUnitLoad>362</GrossUnitLoad><RunStatusCode>RUNUSED</RunStatusCode></RATARunData><RATARunData><RunNumber>7</RunNumber><BeginDate>2008-04-10</BeginDate><BeginHour>10</BeginHour><BeginMinute>5</BeginMinute><EndDate>2008-04-10</EndDate><EndHour>10</EndHour><EndMinute>26</EndMinute><CEMValue>.157</CEMValue><RATAReferenceValue>.159</RATAReferenceValue><GrossUnitLoad>362</GrossUnitLoad><RunStatusCode>RUNUSED</RunStatusCode></RATARunData><RATARunData><RunNumber>8</RunNumber><BeginDate>2008-04-10</BeginDate><BeginHour>10</BeginHour><BeginMinute>37</BeginMinute><EndDate>2008-04-10</EndDate><EndHour>10</EndHour><EndMinute>58</EndMinute><CEMValue>.16</CEMValue><RATAReferenceValue>.162</RATAReferenceValue><GrossUnitLoad>362</GrossUnitLoad><RunStatusCode>RUNUSED</RunStatusCode></RATARunData><RATARunData><RunNumber>9</RunNumber><BeginDate>2008-04-10</BeginDate><BeginHour>11</BeginHour><BeginMinute>8</BeginMinute><EndDate>2008-04-10</EndDate><EndHour>11</EndHour><EndMinute>29</EndMinute><CEMValue>.162</CEMValue><RATAReferenceValue>.164</RATAReferenceValue><GrossUnitLoad>362</GrossUnitLoad><RunStatusCode>RUNUSED</RunStatusCode></RATARunData></RATASummaryData></RATAData></TestSummaryData><TestSummaryData><UnitID>4</UnitID><TestTypeCode>RATA</TestTypeCode><MonitoringSystemID>N4B</MonitoringSystemID><ComponentID></ComponentID><SpanScaleCode></SpanScaleCode><TestNumber>EPA-N4B-2006</TestNumber><TestReasonCode>QA</TestReasonCode><TestDescription></TestDescription><TestResultCode>PASSED</TestResultCode><BeginDate>2008-04-10</BeginDate><BeginHour>6</BeginHour><BeginMinute>41</BeginMinute><EndDate>2008-04-10</EndDate><EndHour>11</EndHour><EndMinute>29</EndMinute><GracePeriodIndicator>0</GracePeriodIndicator><Year/><Quarter/><TestComment></TestComment><RATAData><NumberOfLoadLevels>1</NumberOfLoadLevels><RelativeAccuracy>5.76</RelativeAccuracy><RATAFrequencyCode></RATAFrequencyCode><OverallBiasAdjustmentFactor>1.058</OverallBiasAdjustmentFactor><RATASummaryData><OperatingLevelCode>H</OperatingLevelCode><AverageGrossUnitLoad>361</AverageGrossUnitLoad><ReferenceMethodCode>7E</ReferenceMethodCode><MeanCEMValue>.129</MeanCEMValue><MeanRATAReferenceValue>.136</MeanRATAReferenceValue><MeanDifference>.007</MeanDifference><StandardDeviationDifference>.001</StandardDeviationDifference><ConfidenceCoefficient>0</ConfidenceCoefficient><TValue>2.306</TValue><APSIndicator>0</APSIndicator><RelativeAccuracy>5.76</RelativeAccuracy><BiasAdjustmentFactor>1.058</BiasAdjustmentFactor><CO2OrO2ReferenceMethodCode></CO2OrO2ReferenceMethodCode><StackDiameter></StackDiameter><StackArea></StackArea><NumberOfTraversePoints></NumberOfTraversePoints><CalculatedWAF></CalculatedWAF><DefaultWAF></DefaultWAF><RATARunData><RunNumber>1</RunNumber><BeginDate>2008-04-10</BeginDate><BeginHour>6</BeginHour><BeginMinute>41</BeginMinute><EndDate>2008-04-10</EndDate><EndHour>7</EndHour><EndMinute>2</EndMinute><CEMValue>.133</CEMValue><RATAReferenceValue>.14</RATAReferenceValue><GrossUnitLoad>361</GrossUnitLoad><RunStatusCode>RUNUSED</RunStatusCode></RATARunData><RATARunData><RunNumber>2</RunNumber><BeginDate>2008-04-10</BeginDate><BeginHour>7</BeginHour><BeginMinute>15</BeginMinute><EndDate>2008-04-10</EndDate><EndHour>7</EndHour><EndMinute>36</EndMinute><CEMValue>.131</CEMValue><RATAReferenceValue>.139</RATAReferenceValue><GrossUnitLoad>360</GrossUnitLoad><RunStatusCode>RUNUSED</RunStatusCode></RATARunData><RATARunData><RunNumber>3</RunNumber><BeginDate>2008-04-10</BeginDate><BeginHour>7</BeginHour><BeginMinute>49</BeginMinute><EndDate>2008-04-10</EndDate><EndHour>8</EndHour><EndMinute>10</EndMinute><CEMValue>.132</CEMValue><RATAReferenceValue>.139</RATAReferenceValue><GrossUnitLoad>360</GrossUnitLoad><RunStatusCode>RUNUSED</RunStatusCode></RATARunData><RATARunData><RunNumber>4</RunNumber><BeginDate>2008-04-10</BeginDate><BeginHour>8</BeginHour><BeginMinute>23</BeginMinute><EndDate>2008-04-10</EndDate><EndHour>8</EndHour><EndMinute>44</EndMinute><CEMValue>.133</CEMValue><RATAReferenceValue>.14</RATAReferenceValue><GrossUnitLoad>362</GrossUnitLoad><RunStatusCode>RUNUSED</RunStatusCode></RATARunData><RATARunData><RunNumber>5</RunNumber><BeginDate>2008-04-10</BeginDate><BeginHour>9</BeginHour><BeginMinute>0</BeginMinute><EndDate>2008-04-10</EndDate><EndHour>9</EndHour><EndMinute>21</EndMinute><CEMValue>.129</CEMValue><RATAReferenceValue>.137</RATAReferenceValue><GrossUnitLoad>362</GrossUnitLoad><RunStatusCode>RUNUSED</RunStatusCode></RATARunData><RATARunData><RunNumber>6</RunNumber><BeginDate>2008-04-10</BeginDate><BeginHour>9</BeginHour><BeginMinute>33</BeginMinute><EndDate>2008-04-10</EndDate><EndHour>9</EndHour><EndMinute>54</EndMinute><CEMValue>.129</CEMValue><RATAReferenceValue>.137</RATAReferenceValue><GrossUnitLoad>362</GrossUnitLoad><RunStatusCode>RUNUSED</RunStatusCode></RATARunData><RATARunData><RunNumber>7</RunNumber><BeginDate>2008-04-10</BeginDate><BeginHour>10</BeginHour><BeginMinute>5</BeginMinute><EndDate>2008-04-10</EndDate><EndHour>10</EndHour><EndMinute>26</EndMinute><CEMValue>.122</CEMValue><RATAReferenceValue>.13</RATAReferenceValue><GrossUnitLoad>362</GrossUnitLoad><RunStatusCode>RUNUSED</RunStatusCode></RATARunData><RATARunData><RunNumber>8</RunNumber><BeginDate>2008-04-10</BeginDate><BeginHour>10</BeginHour><BeginMinute>37</BeginMinute><EndDate>2008-04-10</EndDate><EndHour>10</EndHour><EndMinute>58</EndMinute><CEMValue>.125</CEMValue><RATAReferenceValue>.132</RATAReferenceValue><GrossUnitLoad>362</GrossUnitLoad><RunStatusCode>RUNUSED</RunStatusCode></RATARunData><RATARunData><RunNumber>9</RunNumber><BeginDate>2008-04-10</BeginDate><BeginHour>11</BeginHour><BeginMinute>8</BeginMinute><EndDate>2008-04-10</EndDate><EndHour>11</EndHour><EndMinute>29</EndMinute><CEMValue>.126</CEMValue><RATAReferenceValue>.133</RATAReferenceValue><GrossUnitLoad>362</GrossUnitLoad><RunStatusCode>RUNUSED</RunStatusCode></RATARunData></RATASummaryData></RATAData></TestSummaryData><TestSummaryData><UnitID>4</UnitID><TestTypeCode>LINE</TestTypeCode><MonitoringSystemID></MonitoringSystemID><ComponentID>B41</ComponentID><SpanScaleCode>H</SpanScaleCode><TestNumber>EPA-B41-1022</TestNumber><TestReasonCode>QA</TestReasonCode><TestDescription></TestDescription><TestResultCode>PASSED</TestResultCode><BeginDate>2008-04-09</BeginDate><BeginHour>16</BeginHour><BeginMinute>45</BeginMinute><EndDate>2008-04-09</EndDate><EndHour>17</EndHour><EndMinute>42</EndMinute><GracePeriodIndicator>0</GracePeriodIndicator><Year/><Quarter/><TestComment></TestComment><LinearitySummaryData><GasLevelCode>LOW</GasLevelCode><MeanMeasuredValue>64.194</MeanMeasuredValue><MeanReferenceValue>64.3</MeanReferenceValue><PercentError>.2</PercentError><APSIndicator>0</APSIndicator><LinearityInjectionData><InjectionDate>2008-04-09</InjectionDate><InjectionHour>16</InjectionHour><InjectionMinute>45</InjectionMinute><MeasuredValue>64.383</MeasuredValue><ReferenceValue>64.3</ReferenceValue></LinearityInjectionData><LinearityInjectionData><InjectionDate>2008-04-09</InjectionDate><InjectionHour>17</InjectionHour><InjectionMinute>8</InjectionMinute><MeasuredValue>64.117</MeasuredValue><ReferenceValue>64.3</ReferenceValue></LinearityInjectionData><LinearityInjectionData><InjectionDate>2008-04-09</InjectionDate><InjectionHour>17</InjectionHour><InjectionMinute>31</InjectionMinute><MeasuredValue>64.083</MeasuredValue><ReferenceValue>64.3</ReferenceValue></LinearityInjectionData></LinearitySummaryData><LinearitySummaryData><GasLevelCode>MID</GasLevelCode><MeanMeasuredValue>132.489</MeanMeasuredValue><MeanReferenceValue>132</MeanReferenceValue><PercentError>.4</PercentError><APSIndicator>0</APSIndicator><LinearityInjectionData><InjectionDate>2008-04-09</InjectionDate><InjectionHour>16</InjectionHour><InjectionMinute>50</InjectionMinute><MeasuredValue>132.867</MeasuredValue><ReferenceValue>132</ReferenceValue></LinearityInjectionData><LinearityInjectionData><InjectionDate>2008-04-09</InjectionDate><InjectionHour>17</InjectionHour><InjectionMinute>13</InjectionMinute><MeasuredValue>132.35</MeasuredValue><ReferenceValue>132</ReferenceValue></LinearityInjectionData><LinearityInjectionData><InjectionDate>2008-04-09</InjectionDate><InjectionHour>17</InjectionHour><InjectionMinute>37</InjectionMinute><MeasuredValue>132.25</MeasuredValue><ReferenceValue>132</ReferenceValue></LinearityInjectionData></LinearitySummaryData><LinearitySummaryData><GasLevelCode>HIGH</GasLevelCode><MeanMeasuredValue>226.183</MeanMeasuredValue><MeanReferenceValue>223.2</MeanReferenceValue><PercentError>1.3</PercentError><APSIndicator>0</APSIndicator><LinearityInjectionData><InjectionDate>2008-04-09</InjectionDate><InjectionHour>16</InjectionHour><InjectionMinute>56</InjectionMinute><MeasuredValue>225.967</MeasuredValue><ReferenceValue>223.2</ReferenceValue></LinearityInjectionData><LinearityInjectionData><InjectionDate>2008-04-09</InjectionDate><InjectionHour>17</InjectionHour><InjectionMinute>19</InjectionMinute><MeasuredValue>226.483</MeasuredValue><ReferenceValue>223.2</ReferenceValue></LinearityInjectionData><LinearityInjectionData><InjectionDate>2008-04-09</InjectionDate><InjectionHour>17</InjectionHour><InjectionMinute>42</InjectionMinute><MeasuredValue>226.1</MeasuredValue><ReferenceValue>223.2</ReferenceValue></LinearityInjectionData></LinearitySummaryData></TestSummaryData></QualityAssuranceAndCert>